RB処理日,会社,部門G,部門,部署,年度,年月,四半期,管理項目コード,管理項目名称,補助項目コード,補助項目名称,実績,予算
20250103,大広,デジタル統括,第一営業部,開発課,2024,202501,4Q,200001,人件費,S001,通常,136791554,102812700
20240428,大広,クリエイティブ統括,第一営業部,第二課,2024,202404,1Q,500001,広告主負担金,S003,調整,50467109,45974503
20230402,博報堂プロダクツ,管理統括,制作部,運用課,2023,202304,1Q,100003,売上総利益,S002,特別,370507494,416567630
20241002,博報堂プロダクツ,管理統括,総務部,開発課,2024,202410,3Q,400002,制作収入,S003,調整,91072412,70924891
20250202,読売広告社,メディア統括,第一営業部,第三課,2024,202502,4Q,500001,広告主負担金,S005,確定,296523581,487533283
20230505,大広,クリエイティブ統括,第一営業部,開発課,2023,202305,1Q,200002,経費,S001,通常,94972233,93011798
20241205,博報堂DYメディアパートナーズ,クリエイティブ統括,財務経理部,開発課,2024,202412,3Q,100002,売上原価,S002,特別,438261937,408055779
20240823,博報堂,営業統括,第一営業部,運用課,2024,202408,2Q,300002,経常利益,S003,調整,187638032,241438684
20240212,大広,管理統括,第二営業部,管理課,2023,202402,4Q,500001,広告主負担金,S004,見込,349960190,325864259
20240114,大広,管理統括,クリエイティブ部,第一課,2023,202401,4Q,400002,制作収入,S005,確定,311205613,449648023
20230719,博報堂プロダクツ,管理統括,第一営業部,第一課,2023,202307,2Q,300002,経常利益,S001,通常,237074544,306141158
20230418,博報堂プロダクツ,管理統括,経営企画部,第一課,2023,202304,1Q,100002,売上原価,S002,特別,76568220,107299338
20230412,読売広告社,メディア統括,デジタルマーケティング部,第一課,2023,202304,1Q,400002,制作収入,S003,調整,180502111,157924281
20240928,大広,クリエイティブ統括,第一営業部,開発課,2024,202409,2Q,200001,人件費,S001,通常,56535596,89323571
20230727,博報堂DYメディアパートナーズ,管理統括,メディアプランニング部,第三課,2023,202307,2Q,100003,売上総利益,S002,特別,335165303,335720575
20230723,大広,管理統括,財務経理部,運用課,2023,202307,2Q,200003,減価償却費,S004,見込,139979939,217821118
20240719,博報堂DYメディアパートナーズ,メディア統括,経営企画部,第三課,2024,202407,2Q,100001,売上高,S002,特別,533548930,479830134
20230407,博報堂,営業統括,第二営業部,管理課,2023,202304,1Q,100003,売上総利益,S005,確定,238713043,191941506
20250323,読売広告社,営業統括,経営企画部,第二課,2024,202503,4Q,200001,人件費,S003,調整,243292888,329071001
20250203,大広,営業統括,クリエイティブ部,運用課,2024,202502,4Q,300002,経常利益,S001,通常,36083901,31023895
20240722,読売広告社,デジタル統括,第一営業部,開発課,2024,202407,2Q,500002,媒体社リベート,S002,特別,33404907,32130880
20240108,博報堂プロダクツ,営業統括,第二営業部,第二課,2023,202401,4Q,400001,媒体手数料収入,S003,調整,182298253,229689402
20241213,大広,営業統括,制作部,企画課,2024,202412,3Q,400002,制作収入,S002,特別,163133050,199489140
20241125,博報堂プロダクツ,管理統括,経営企画部,開発課,2024,202411,3Q,200001,人件費,S003,調整,332983993,328855017
20240919,博報堂DYメディアパートナーズ,デジタル統括,制作部,企画課,2024,202409,2Q,500002,媒体社リベート,S005,確定,5671656,5156834
20230909,大広,デジタル統括,経営企画部,第二課,2023,202309,2Q,300002,経常利益,S003,調整,36193115,38225015
20230428,博報堂,メディア統括,第二営業部,開発課,2023,202304,1Q,500001,広告主負担金,S003,調整,466248396,468418871
20240219,大広,営業統括,制作部,第三課,2023,202402,4Q,100002,売上原価,S001,通常,143526021,117690869
20240317,読売広告社,管理統括,メディアプランニング部,企画課,2023,202403,4Q,200002,経費,S002,特別,49949287,68501330
20241122,博報堂プロダクツ,メディア統括,メディアプランニング部,管理課,2024,202411,3Q,400002,制作収入,S002,特別,48261246,55097351
20250217,読売広告社,営業統括,デジタルマーケティング部,企画課,2024,202502,4Q,400002,制作収入,S003,調整,57344561,77279326
20240525,博報堂,デジタル統括,第二営業部,企画課,2024,202405,1Q,400001,媒体手数料収入,S002,特別,54984187,57543111
20230613,博報堂DYメディアパートナーズ,管理統括,経営企画部,運用課,2023,202306,1Q,400001,媒体手数料収入,S002,特別,3886522,5990087
20241121,博報堂プロダクツ,クリエイティブ統括,制作部,管理課,2024,202411,3Q,100002,売上原価,S003,調整,419925459,367325649
20230703,博報堂DYメディアパートナーズ,営業統括,経営企画部,推進課,2023,202307,2Q,200003,減価償却費,S001,通常,73168233,94171809
20250301,博報堂プロダクツ,デジタル統括,財務経理部,第三課,2024,202503,4Q,400003,コンサルティング収入,S004,見込,550013210,436587849
20240212,博報堂DYメディアパートナーズ,メディア統括,総務部,第一課,2023,202402,4Q,200001,人件費,S003,調整,240947296,227203924
20230915,読売広告社,メディア統括,人事部,第二課,2023,202309,2Q,400003,コンサルティング収入,S003,調整,58673547,76913824
20230406,博報堂DYメディアパートナーズ,デジタル統括,制作部,運用課,2023,202304,1Q,400001,媒体手数料収入,S001,通常,253015382,329988606
20240928,博報堂プロダクツ,営業統括,総務部,第二課,2024,202409,2Q,200003,減価償却費,S005,確定,25273440,33056775
20231022,大広,クリエイティブ統括,人事部,第三課,2023,202310,3Q,200002,経費,S001,通常,231519712,210869591
20230818,大広,営業統括,経営企画部,運用課,2023,202308,2Q,100001,売上高,S004,見込,208728135,194624392
20240409,博報堂,メディア統括,制作部,運用課,2024,202404,1Q,400002,制作収入,S004,見込,231225632,344046368
20240404,読売広告社,管理統括,メディアプランニング部,運用課,2024,202404,1Q,300002,経常利益,S005,確定,211612965,324101636
20241026,読売広告社,営業統括,第二営業部,第二課,2024,202410,3Q,100002,売上原価,S001,通常,36008961,49002005
20241116,博報堂DYメディアパートナーズ,営業統括,メディアプランニング部,第三課,2024,202411,3Q,500001,広告主負担金,S002,特別,20689744,22722853
20240925,博報堂,メディア統括,総務部,企画課,2024,202409,2Q,300001,営業利益,S002,特別,250136353,184334403
20240703,博報堂DYメディアパートナーズ,営業統括,総務部,管理課,2024,202407,2Q,400002,制作収入,S003,調整,227951641,379376595
20230919,博報堂プロダクツ,クリエイティブ統括,総務部,開発課,2023,202309,2Q,300002,経常利益,S005,確定,33079883,47550636
20250211,博報堂,管理統括,人事部,企画課,2024,202502,4Q,200001,人件費,S001,通常,411904144,391518275
20240528,博報堂DYメディアパートナーズ,営業統括,メディアプランニング部,開発課,2024,202405,1Q,400002,制作収入,S001,通常,388200852,302940589
20250217,博報堂,クリエイティブ統括,第一営業部,開発課,2024,202502,4Q,200001,人件費,S003,調整,54860322,49005413
20241013,博報堂,営業統括,総務部,企画課,2024,202410,3Q,100001,売上高,S005,確定,230907884,196501382
20241208,博報堂,デジタル統括,第一営業部,第三課,2024,202412,3Q,400003,コンサルティング収入,S004,見込,388061907,425740691
20231008,博報堂プロダクツ,デジタル統括,第二営業部,運用課,2023,202310,3Q,400003,コンサルティング収入,S004,見込,114623960,123834171
20240724,博報堂プロダクツ,メディア統括,第一営業部,企画課,2024,202407,2Q,200002,経費,S005,確定,186196080,135562864
20230923,大広,デジタル統括,デジタルマーケティング部,運用課,2023,202309,2Q,400001,媒体手数料収入,S003,調整,208913995,344534423
20241228,博報堂,管理統括,デジタルマーケティング部,企画課,2024,202412,3Q,200001,人件費,S002,特別,374347461,349969534
20231212,博報堂プロダクツ,クリエイティブ統括,経営企画部,管理課,2023,202312,3Q,400001,媒体手数料収入,S004,見込,174701276,210260206
20241120,大広,メディア統括,クリエイティブ部,第三課,2024,202411,3Q,400002,制作収入,S002,特別,436891221,438716887
20231227,読売広告社,営業統括,総務部,第三課,2023,202312,3Q,500002,媒体社リベート,S005,確定,396325135,462395904
20231228,博報堂DYメディアパートナーズ,営業統括,デジタルマーケティング部,第二課,2023,202312,3Q,500001,広告主負担金,S002,特別,197510718,220346280
20230425,博報堂,営業統括,財務経理部,運用課,2023,202304,1Q,500002,媒体社リベート,S004,見込,65452885,69491946
20230614,大広,メディア統括,制作部,第一課,2023,202306,1Q,100003,売上総利益,S004,見込,229386121,177845598
20231201,博報堂プロダクツ,メディア統括,第一営業部,第二課,2023,202312,3Q,200002,経費,S001,通常,192933256,246293546
20240114,博報堂DYメディアパートナーズ,管理統括,総務部,推進課,2023,202401,4Q,300001,営業利益,S003,調整,221115732,246758587
20250306,読売広告社,クリエイティブ統括,デジタルマーケティング部,推進課,2024,202503,4Q,100001,売上高,S001,通常,266870530,199968515
20231028,博報堂DYメディアパートナーズ,営業統括,経営企画部,推進課,2023,202310,3Q,400003,コンサルティング収入,S002,特別,21469163,18499079
20240411,大広,管理統括,経営企画部,開発課,2024,202404,1Q,100001,売上高,S002,特別,98274146,163740326
20240107,博報堂DYメディアパートナーズ,営業統括,総務部,開発課,2023,202401,4Q,100003,売上総利益,S001,通常,311910414,352974715
20250204,読売広告社,デジタル統括,第一営業部,第一課,2024,202502,4Q,100001,売上高,S004,見込,492480502,453757779
20250128,博報堂,管理統括,制作部,第三課,2024,202501,4Q,100003,売上総利益,S001,通常,480699523,388214601
20250120,博報堂プロダクツ,管理統括,財務経理部,第一課,2024,202501,4Q,100003,売上総利益,S002,特別,145135497,202536171
20230616,大広,デジタル統括,クリエイティブ部,開発課,2023,202306,1Q,300001,営業利益,S001,通常,228858087,181707073
20240918,大広,営業統括,総務部,第一課,2024,202409,2Q,100001,売上高,S004,見込,389047326,366610451
20250209,博報堂,営業統括,メディアプランニング部,第三課,2024,202502,4Q,300001,営業利益,S002,特別,68724080,111058457
20241116,博報堂DYメディアパートナーズ,メディア統括,第二営業部,企画課,2024,202411,3Q,400001,媒体手数料収入,S002,特別,521417963,471384896
20241106,大広,デジタル統括,財務経理部,管理課,2024,202411,3Q,400001,媒体手数料収入,S004,見込,96615417,118083809
20240916,博報堂,メディア統括,総務部,企画課,2024,202409,2Q,200002,経費,S002,特別,246169798,203154859
20250124,大広,デジタル統括,メディアプランニング部,推進課,2024,202501,4Q,500001,広告主負担金,S003,調整,124362929,204543162
20240922,読売広告社,メディア統括,人事部,企画課,2024,202409,2Q,500001,広告主負担金,S003,調整,34102187,44592880
20230503,大広,営業統括,総務部,第二課,2023,202305,1Q,100002,売上原価,S004,見込,397141046,462748749
20240212,博報堂プロダクツ,メディア統括,デジタルマーケティング部,運用課,2023,202402,4Q,500001,広告主負担金,S002,特別,471585841,349828416
20231102,大広,メディア統括,デジタルマーケティング部,開発課,2023,202311,3Q,200001,人件費,S003,調整,331578826,493835455
20240215,博報堂,メディア統括,デジタルマーケティング部,推進課,2023,202402,4Q,200002,経費,S005,確定,243764076,378238149
20230526,博報堂DYメディアパートナーズ,メディア統括,総務部,推進課,2023,202305,1Q,200003,減価償却費,S001,通常,217798751,162152325
20241112,博報堂DYメディアパートナーズ,デジタル統括,クリエイティブ部,企画課,2024,202411,3Q,500002,媒体社リベート,S005,確定,156865226,171079140
20240324,博報堂プロダクツ,デジタル統括,第一営業部,第二課,2023,202403,4Q,500001,広告主負担金,S003,調整,244528758,391849232
20241005,博報堂DYメディアパートナーズ,デジタル統括,財務経理部,推進課,2024,202410,3Q,500001,広告主負担金,S001,通常,165703661,133466834
20230813,大広,営業統括,財務経理部,第三課,2023,202308,2Q,200002,経費,S005,確定,148136333,217931318
20240604,読売広告社,管理統括,経営企画部,第一課,2024,202406,1Q,200003,減価償却費,S004,見込,209011421,168966990
20240307,博報堂,メディア統括,総務部,第一課,2023,202403,4Q,500001,広告主負担金,S004,見込,171304588,229157401
20240604,大広,デジタル統括,人事部,運用課,2024,202406,1Q,200002,経費,S002,特別,380612111,296107622
20240422,博報堂DYメディアパートナーズ,デジタル統括,第二営業部,開発課,2024,202404,1Q,200002,経費,S004,見込,164461334,127966159
20250115,博報堂DYメディアパートナーズ,営業統括,メディアプランニング部,運用課,2024,202501,4Q,400002,制作収入,S002,特別,328208132,341165175
20240314,博報堂プロダクツ,クリエイティブ統括,第二営業部,運用課,2023,202403,4Q,400002,制作収入,S001,通常,281891997,279235927
20230721,博報堂,管理統括,人事部,第一課,2023,202307,2Q,200003,減価償却費,S003,調整,16545625,21602157
20250319,大広,メディア統括,総務部,第二課,2024,202503,4Q,200002,経費,S004,見込,233954362,286222070
20240305,博報堂,メディア統括,総務部,第二課,2023,202403,4Q,100002,売上原価,S005,確定,341726800,347450249
20240407,読売広告社,クリエイティブ統括,デジタルマーケティング部,第二課,2024,202404,1Q,300001,営業利益,S001,通常,531374273,490946745
20240317,博報堂,メディア統括,総務部,推進課,2023,202403,4Q,300001,営業利益,S002,特別,161628993,116825430
20240521,博報堂,メディア統括,デジタルマーケティング部,推進課,2024,202405,1Q,500001,広告主負担金,S001,通常,349558473,478341490
20241109,博報堂DYメディアパートナーズ,営業統括,経営企画部,企画課,2024,202411,3Q,200002,経費,S003,調整,148209710,206776366
20241205,大広,メディア統括,第二営業部,第三課,2024,202412,3Q,500002,媒体社リベート,S003,調整,331711910,254102041
20231012,読売広告社,管理統括,クリエイティブ部,管理課,2023,202310,3Q,400003,コンサルティング収入,S005,確定,23190132,27478592
20231227,博報堂DYメディアパートナーズ,デジタル統括,財務経理部,運用課,2023,202312,3Q,200002,経費,S003,調整,390455917,449460637
20240718,博報堂,クリエイティブ統括,デジタルマーケティング部,第二課,2024,202407,2Q,100001,売上高,S005,確定,290199366,319048134
20240825,博報堂,管理統括,総務部,企画課,2024,202408,2Q,400003,コンサルティング収入,S002,特別,666773151,493897977
20230912,博報堂,メディア統括,制作部,管理課,2023,202309,2Q,400002,制作収入,S001,通常,139591704,169878641
20241009,博報堂プロダクツ,管理統括,第二営業部,第二課,2024,202410,3Q,100003,売上総利益,S005,確定,173684832,205128080
20231121,読売広告社,管理統括,第一営業部,第一課,2023,202311,3Q,200003,減価償却費,S005,確定,267835314,280217697
20230918,博報堂,クリエイティブ統括,第二営業部,推進課,2023,202309,2Q,300002,経常利益,S004,見込,415112022,373301882
20230422,大広,管理統括,クリエイティブ部,運用課,2023,202304,1Q,300002,経常利益,S004,見込,466878384,437630714
20250218,博報堂,管理統括,クリエイティブ部,開発課,2024,202502,4Q,200002,経費,S005,確定,367678405,314852312
20231126,大広,営業統括,人事部,第二課,2023,202311,3Q,500001,広告主負担金,S005,確定,654744594,473048037
20240708,大広,メディア統括,制作部,第二課,2024,202407,2Q,300001,営業利益,S001,通常,356883888,271367846
20230727,博報堂,クリエイティブ統括,メディアプランニング部,開発課,2023,202307,2Q,500001,広告主負担金,S005,確定,273213365,207167623
20230702,博報堂,営業統括,財務経理部,第二課,2023,202307,2Q,200003,減価償却費,S001,通常,32686681,50042594
20240923,博報堂DYメディアパートナーズ,デジタル統括,人事部,開発課,2024,202409,2Q,200001,人件費,S002,特別,267943255,434400799
20241125,博報堂プロダクツ,管理統括,制作部,管理課,2024,202411,3Q,400003,コンサルティング収入,S004,見込,250017670,402590648
20230720,博報堂プロダクツ,メディア統括,第二営業部,開発課,2023,202307,2Q,400001,媒体手数料収入,S003,調整,109559911,112384014
20240115,博報堂DYメディアパートナーズ,メディア統括,経営企画部,第一課,2023,202401,4Q,300002,経常利益,S003,調整,234150248,388062432
20230911,博報堂プロダクツ,管理統括,第一営業部,第一課,2023,202309,2Q,100001,売上高,S003,調整,263303551,272009170
20241014,博報堂,メディア統括,第二営業部,企画課,2024,202410,3Q,300001,営業利益,S002,特別,428580414,329705456
20250302,大広,メディア統括,デジタルマーケティング部,第一課,2024,202503,4Q,500001,広告主負担金,S002,特別,193435366,268965870
20230511,博報堂,営業統括,第二営業部,推進課,2023,202305,1Q,200002,経費,S001,通常,327610342,355587297
20240128,大広,管理統括,人事部,第一課,2023,202401,4Q,400002,制作収入,S004,見込,350699769,266312786
20240728,博報堂プロダクツ,営業統括,クリエイティブ部,推進課,2024,202407,2Q,400003,コンサルティング収入,S002,特別,472382071,339472615
20250119,読売広告社,営業統括,クリエイティブ部,運用課,2024,202501,4Q,500001,広告主負担金,S005,確定,168516114,138629596
20230803,博報堂,管理統括,人事部,運用課,2023,202308,2Q,500002,媒体社リベート,S005,確定,480581924,465802938
20240206,博報堂,営業統括,クリエイティブ部,推進課,2023,202402,4Q,200003,減価償却費,S002,特別,78840199,59519625
20240904,大広,管理統括,デジタルマーケティング部,管理課,2024,202409,2Q,500001,広告主負担金,S004,見込,33764048,28341512
20231012,博報堂,メディア統括,デジタルマーケティング部,運用課,2023,202310,3Q,400002,制作収入,S004,見込,121091993,98925260
20240417,博報堂,管理統括,第一営業部,開発課,2024,202404,1Q,300002,経常利益,S001,通常,87403891,86953927
20230927,大広,クリエイティブ統括,デジタルマーケティング部,管理課,2023,202309,2Q,500001,広告主負担金,S005,確定,108928951,104418453
20230704,博報堂,クリエイティブ統括,クリエイティブ部,運用課,2023,202307,2Q,500001,広告主負担金,S004,見込,124356067,110538627
20240220,博報堂プロダクツ,クリエイティブ統括,デジタルマーケティング部,第二課,2023,202402,4Q,500001,広告主負担金,S005,確定,159887784,181245730
20240422,博報堂プロダクツ,デジタル統括,人事部,第二課,2024,202404,1Q,500002,媒体社リベート,S002,特別,93944296,79350640
20241115,博報堂DYメディアパートナーズ,メディア統括,制作部,開発課,2024,202411,3Q,400003,コンサルティング収入,S005,確定,331345502,299752924
20230428,博報堂DYメディアパートナーズ,デジタル統括,制作部,開発課,2023,202304,1Q,200002,経費,S003,調整,73449459,101494816
20240813,博報堂DYメディアパートナーズ,クリエイティブ統括,財務経理部,開発課,2024,202408,2Q,400003,コンサルティング収入,S002,特別,262036587,324234854
20230814,大広,管理統括,経営企画部,第三課,2023,202308,2Q,200001,人件費,S001,通常,190469926,145500620
20231005,博報堂DYメディアパートナーズ,デジタル統括,メディアプランニング部,推進課,2023,202310,3Q,300002,経常利益,S002,特別,232380768,206980783
20230520,博報堂,デジタル統括,財務経理部,企画課,2023,202305,1Q,200003,減価償却費,S004,見込,250549620,345233329
20240721,博報堂DYメディアパートナーズ,デジタル統括,第二営業部,運用課,2024,202407,2Q,200002,経費,S001,通常,290444274,273169363
20240103,博報堂DYメディアパートナーズ,デジタル統括,第一営業部,第三課,2023,202401,4Q,100002,売上原価,S003,調整,275668641,287416246
20231002,博報堂DYメディアパートナーズ,営業統括,経営企画部,第一課,2023,202310,3Q,400001,媒体手数料収入,S002,特別,34460308,39151603
20240216,博報堂プロダクツ,メディア統括,制作部,運用課,2023,202402,4Q,300002,経常利益,S003,調整,62208141,55865621
20240803,大広,デジタル統括,メディアプランニング部,管理課,2024,202408,2Q,500001,広告主負担金,S002,特別,383510577,407139622
20241128,大広,クリエイティブ統括,人事部,管理課,2024,202411,3Q,100001,売上高,S001,通常,36318056,54601285
20240212,読売広告社,メディア統括,財務経理部,第二課,2023,202402,4Q,500002,媒体社リベート,S002,特別,8734511,9640044
20231208,博報堂,クリエイティブ統括,クリエイティブ部,管理課,2023,202312,3Q,400003,コンサルティング収入,S001,通常,206470978,217884381
20230713,読売広告社,クリエイティブ統括,クリエイティブ部,運用課,2023,202307,2Q,400003,コンサルティング収入,S003,調整,13019574,12093754
20240620,博報堂DYメディアパートナーズ,メディア統括,第一営業部,第三課,2024,202406,1Q,200002,経費,S005,確定,77195577,115181346
20240404,博報堂,管理統括,第二営業部,企画課,2024,202404,1Q,200003,減価償却費,S001,通常,215770941,235330830
20240721,読売広告社,メディア統括,第一営業部,第一課,2024,202407,2Q,200003,減価償却費,S005,確定,98356498,76198972
20250228,大広,デジタル統括,第一営業部,推進課,2024,202502,4Q,200002,経費,S003,調整,6790872,8134076
20241216,博報堂プロダクツ,クリエイティブ統括,第二営業部,第一課,2024,202412,3Q,300001,営業利益,S005,確定,437771795,318321835
20240815,読売広告社,デジタル統括,クリエイティブ部,第二課,2024,202408,2Q,100002,売上原価,S005,確定,160445701,130820741
20250226,読売広告社,クリエイティブ統括,制作部,企画課,2024,202502,4Q,100002,売上原価,S004,見込,84058760,60680594
20231025,博報堂DYメディアパートナーズ,メディア統括,クリエイティブ部,第一課,2023,202310,3Q,200001,人件費,S003,調整,199759821,261254740
20241009,大広,メディア統括,経営企画部,第二課,2024,202410,3Q,400001,媒体手数料収入,S003,調整,222231744,263102012
20230812,博報堂DYメディアパートナーズ,管理統括,メディアプランニング部,企画課,2023,202308,2Q,400001,媒体手数料収入,S001,通常,295827161,237453514
20240424,大広,デジタル統括,人事部,管理課,2024,202404,1Q,100003,売上総利益,S003,調整,196599160,288104004
20240608,大広,デジタル統括,クリエイティブ部,第三課,2024,202406,1Q,400001,媒体手数料収入,S004,見込,128903363,122763419
20231219,読売広告社,クリエイティブ統括,第二営業部,管理課,2023,202312,3Q,400003,コンサルティング収入,S003,調整,20856807,16639599
20250114,大広,営業統括,人事部,企画課,2024,202501,4Q,200001,人件費,S002,特別,580423730,487912744
20230804,博報堂,デジタル統括,経営企画部,第三課,2023,202308,2Q,300001,営業利益,S003,調整,534073575,481769287
20250110,博報堂プロダクツ,クリエイティブ統括,デジタルマーケティング部,運用課,2024,202501,4Q,400001,媒体手数料収入,S003,調整,420419710,420704840
20241203,大広,メディア統括,第二営業部,運用課,2024,202412,3Q,500002,媒体社リベート,S003,調整,72332280,117560181
20250119,読売広告社,メディア統括,第一営業部,第二課,2024,202501,4Q,500001,広告主負担金,S005,確定,120184774,174045176
20240503,大広,管理統括,制作部,第二課,2024,202405,1Q,300002,経常利益,S001,通常,282062974,371262490
20240306,読売広告社,デジタル統括,財務経理部,管理課,2023,202403,4Q,200003,減価償却費,S004,見込,282693502,353973044
20240927,読売広告社,メディア統括,第一営業部,第一課,2024,202409,2Q,100002,売上原価,S002,特別,374162522,273327769
20240103,大広,管理統括,第一営業部,開発課,2023,202401,4Q,100001,売上高,S003,調整,62550855,103253842
20241104,博報堂プロダクツ,営業統括,メディアプランニング部,第二課,2024,202411,3Q,100002,売上原価,S002,特別,337859367,328347364
20230524,博報堂,クリエイティブ統括,財務経理部,第二課,2023,202305,1Q,400002,制作収入,S005,確定,52786207,44975596
20240918,博報堂,デジタル統括,制作部,第三課,2024,202409,2Q,400003,コンサルティング収入,S002,特別,305675702,430743234
20241008,博報堂DYメディアパートナーズ,デジタル統括,第二営業部,推進課,2024,202410,3Q,500002,媒体社リベート,S003,調整,309231437,330032565
20241010,博報堂,デジタル統括,経営企画部,推進課,2024,202410,3Q,400001,媒体手数料収入,S005,確定,281355194,270681675
20230416,博報堂,メディア統括,人事部,運用課,2023,202304,1Q,400003,コンサルティング収入,S002,特別,245602483,370902957
20240415,博報堂プロダクツ,デジタル統括,クリエイティブ部,第二課,2024,202404,1Q,500002,媒体社リベート,S004,見込,276125934,428284501
20240310,博報堂,デジタル統括,総務部,第一課,2023,202403,4Q,500001,広告主負担金,S003,調整,86528140,93129724
20230710,大広,管理統括,第二営業部,運用課,2023,202307,2Q,400003,コンサルティング収入,S001,通常,211349114,327219778
20230725,読売広告社,デジタル統括,総務部,管理課,2023,202307,2Q,100002,売上原価,S001,通常,93348266,116556429
20230918,博報堂,メディア統括,クリエイティブ部,第三課,2023,202309,2Q,300001,営業利益,S001,通常,101995573,84800936
20241017,博報堂DYメディアパートナーズ,デジタル統括,総務部,第一課,2024,202410,3Q,200003,減価償却費,S005,確定,389684115,380979351
20231214,大広,デジタル統括,財務経理部,運用課,2023,202312,3Q,500001,広告主負担金,S002,特別,222139706,355388229
20240426,読売広告社,管理統括,デジタルマーケティング部,第三課,2024,202404,1Q,100003,売上総利益,S002,特別,259639547,420172382
20250127,読売広告社,デジタル統括,制作部,第一課,2024,202501,4Q,400001,媒体手数料収入,S005,確定,171980935,141108180
20240207,博報堂,管理統括,総務部,開発課,2023,202402,4Q,500002,媒体社リベート,S001,通常,289485242,442130674
20240214,博報堂DYメディアパートナーズ,管理統括,デジタルマーケティング部,第三課,2023,202402,4Q,300001,営業利益,S001,通常,245262759,190338012
20250205,博報堂プロダクツ,デジタル統括,メディアプランニング部,第二課,2024,202502,4Q,100001,売上高,S003,調整,7826984,9077535
20240525,博報堂DYメディアパートナーズ,営業統括,第二営業部,第一課,2024,202405,1Q,500001,広告主負担金,S002,特別,138229411,188695817
20231109,博報堂プロダクツ,メディア統括,経営企画部,開発課,2023,202311,3Q,100002,売上原価,S003,調整,87633157,113540590
20230721,博報堂DYメディアパートナーズ,デジタル統括,第一営業部,第一課,2023,202307,2Q,500002,媒体社リベート,S003,調整,94196753,82384143
20240217,博報堂DYメディアパートナーズ,営業統括,第二営業部,開発課,2023,202402,4Q,500001,広告主負担金,S005,確定,14965566,22851771
20230507,博報堂プロダクツ,営業統括,メディアプランニング部,推進課,2023,202305,1Q,400002,制作収入,S004,見込,470498117,495307361
20240301,大広,メディア統括,経営企画部,第二課,2023,202403,4Q,300002,経常利益,S001,通常,101149454,110679571
20250207,博報堂DYメディアパートナーズ,メディア統括,デジタルマーケティング部,第二課,2024,202502,4Q,200002,経費,S004,見込,271860878,334737810
20240319,博報堂プロダクツ,メディア統括,メディアプランニング部,第二課,2023,202403,4Q,100002,売上原価,S001,通常,42385930,62755545
20250214,博報堂プロダクツ,管理統括,メディアプランニング部,第二課,2024,202502,4Q,400001,媒体手数料収入,S005,確定,144138766,196797000
20241215,博報堂プロダクツ,デジタル統括,財務経理部,運用課,2024,202412,3Q,200002,経費,S002,特別,180998250,192864797
20240125,博報堂DYメディアパートナーズ,メディア統括,総務部,開発課,2023,202401,4Q,300001,営業利益,S001,通常,148852855,162238571
20230505,博報堂,メディア統括,財務経理部,管理課,2023,202305,1Q,200003,減価償却費,S005,確定,143037682,134501194
20230405,博報堂プロダクツ,管理統括,制作部,開発課,2023,202304,1Q,300001,営業利益,S004,見込,216852829,291818309
20240519,博報堂DYメディアパートナーズ,メディア統括,人事部,開発課,2024,202405,1Q,200002,経費,S003,調整,188362088,219693830
20231219,博報堂プロダクツ,メディア統括,第二営業部,開発課,2023,202312,3Q,100003,売上総利益,S001,通常,222917315,264520645
20240723,博報堂,営業統括,制作部,第二課,2024,202407,2Q,200003,減価償却費,S001,通常,185751454,185671248
20240511,博報堂プロダクツ,管理統括,第一営業部,企画課,2024,202405,1Q,200001,人件費,S005,確定,339622788,253722483
20240216,博報堂DYメディアパートナーズ,デジタル統括,経営企画部,第二課,2023,202402,4Q,200001,人件費,S001,通常,605197661,439619972
20230512,博報堂DYメディアパートナーズ,クリエイティブ統括,総務部,企画課,2023,202305,1Q,300001,営業利益,S001,通常,444565996,375714487
20240505,大広,デジタル統括,総務部,企画課,2024,202405,1Q,200001,人件費,S001,通常,141761130,121073648
20240106,読売広告社,営業統括,財務経理部,推進課,2023,202401,4Q,400003,コンサルティング収入,S003,調整,354247856,475669385
20230421,博報堂,クリエイティブ統括,第一営業部,第一課,2023,202304,1Q,200003,減価償却費,S004,見込,3348223,2570682
20241025,博報堂プロダクツ,デジタル統括,デジタルマーケティング部,企画課,2024,202410,3Q,400003,コンサルティング収入,S002,特別,160398383,159956098
20231108,博報堂プロダクツ,管理統括,財務経理部,管理課,2023,202311,3Q,400002,制作収入,S001,通常,375864588,408555166
20231118,博報堂プロダクツ,営業統括,総務部,第一課,2023,202311,3Q,200002,経費,S003,調整,193784699,184185408
20241122,読売広告社,メディア統括,制作部,管理課,2024,202411,3Q,300001,営業利益,S002,特別,515810130,441464101
20230809,博報堂,管理統括,人事部,開発課,2023,202308,2Q,500001,広告主負担金,S001,通常,413334973,456141077
20230804,博報堂,メディア統括,クリエイティブ部,第三課,2023,202308,2Q,500001,広告主負担金,S002,特別,37433680,27820476
20250201,博報堂DYメディアパートナーズ,メディア統括,デジタルマーケティング部,第一課,2024,202502,4Q,500001,広告主負担金,S002,特別,261006754,297701123
20250211,読売広告社,メディア統括,制作部,管理課,2024,202502,4Q,100002,売上原価,S005,確定,414499752,412461978
20240809,大広,デジタル統括,クリエイティブ部,第三課,2024,202408,2Q,300002,経常利益,S001,通常,371313963,482804635
20241205,博報堂,クリエイティブ統括,デジタルマーケティング部,第三課,2024,202412,3Q,400003,コンサルティング収入,S002,特別,458996511,353494084
20240917,博報堂プロダクツ,デジタル統括,人事部,運用課,2024,202409,2Q,400001,媒体手数料収入,S005,確定,234263480,383791038
20240823,読売広告社,営業統括,人事部,開発課,2024,202408,2Q,100001,売上高,S005,確定,58528839,92734410
20230716,大広,クリエイティブ統括,財務経理部,第二課,2023,202307,2Q,200002,経費,S004,見込,115832428,86250484
20230924,博報堂プロダクツ,営業統括,制作部,第三課,2023,202309,2Q,100001,売上高,S003,調整,1281793,1987067
20231012,博報堂,管理統括,総務部,運用課,2023,202310,3Q,200002,経費,S005,確定,197219888,157234756
20241008,博報堂プロダクツ,デジタル統括,メディアプランニング部,企画課,2024,202410,3Q,400003,コンサルティング収入,S004,見込,45217347,44932359
20230601,博報堂プロダクツ,クリエイティブ統括,財務経理部,第二課,2023,202306,1Q,300002,経常利益,S004,見込,463254363,399935162
20230922,博報堂プロダクツ,クリエイティブ統括,経営企画部,第一課,2023,202309,2Q,100001,売上高,S003,調整,207948783,332552036
20230926,大広,営業統括,第二営業部,推進課,2023,202309,2Q,300002,経常利益,S002,特別,215784545,163256923
20240113,博報堂DYメディアパートナーズ,クリエイティブ統括,経営企画部,運用課,2023,202401,4Q,200002,経費,S001,通常,176092396,266692402
20231004,博報堂DYメディアパートナーズ,クリエイティブ統括,経営企画部,第一課,2023,202310,3Q,300001,営業利益,S002,特別,510881917,434528256
20240418,博報堂DYメディアパートナーズ,管理統括,経営企画部,推進課,2024,202404,1Q,400003,コンサルティング収入,S002,特別,477419463,475106130
20230803,博報堂,メディア統括,クリエイティブ部,推進課,2023,202308,2Q,400003,コンサルティング収入,S003,調整,13244615,15323404
20230924,博報堂プロダクツ,管理統括,デジタルマーケティング部,推進課,2023,202309,2Q,100003,売上総利益,S005,確定,100263387,123046131
20250228,博報堂,営業統括,制作部,第二課,2024,202502,4Q,100002,売上原価,S002,特別,23634815,17543293
20240708,博報堂DYメディアパートナーズ,クリエイティブ統括,財務経理部,推進課,2024,202407,2Q,400002,制作収入,S001,通常,301660160,281415506
20240101,博報堂,管理統括,メディアプランニング部,第二課,2023,202401,4Q,100001,売上高,S001,通常,9421359,8818555
20241016,読売広告社,営業統括,経営企画部,管理課,2024,202410,3Q,400002,制作収入,S002,特別,90861902,82594709
20240407,博報堂,メディア統括,第一営業部,第二課,2024,202404,1Q,100002,売上原価,S005,確定,163111938,199487833
20230725,博報堂プロダクツ,デジタル統括,人事部,推進課,2023,202307,2Q,100003,売上総利益,S005,確定,8009238,11659942
20231008,大広,クリエイティブ統括,財務経理部,第三課,2023,202310,3Q,300001,営業利益,S004,見込,368965692,389586489
20231106,博報堂プロダクツ,クリエイティブ統括,財務経理部,運用課,2023,202311,3Q,400002,制作収入,S003,調整,206981050,156784958
20230403,読売広告社,管理統括,デジタルマーケティング部,開発課,2023,202304,1Q,500002,媒体社リベート,S004,見込,23778445,34033166
20230810,博報堂DYメディアパートナーズ,デジタル統括,クリエイティブ部,開発課,2023,202308,2Q,200003,減価償却費,S001,通常,241305795,277854692
20230805,博報堂プロダクツ,営業統括,第二営業部,第一課,2023,202308,2Q,300002,経常利益,S004,見込,343313908,262967300
20250303,博報堂DYメディアパートナーズ,管理統括,第一営業部,推進課,2024,202503,4Q,400003,コンサルティング収入,S002,特別,173752605,204871497
20250224,博報堂,営業統括,第一営業部,管理課,2024,202502,4Q,500002,媒体社リベート,S005,確定,553695619,462602283
20250119,博報堂DYメディアパートナーズ,管理統括,メディアプランニング部,企画課,2024,202501,4Q,500001,広告主負担金,S003,調整,42355175,69982194
20230415,博報堂,メディア統括,総務部,管理課,2023,202304,1Q,400002,制作収入,S005,確定,395996383,351038374
20240615,博報堂プロダクツ,営業統括,人事部,第二課,2024,202406,1Q,300002,経常利益,S003,調整,110103861,126146073
20241018,博報堂DYメディアパートナーズ,管理統括,人事部,管理課,2024,202410,3Q,300002,経常利益,S005,確定,327433000,307962667
20250125,博報堂,管理統括,人事部,企画課,2024,202501,4Q,200002,経費,S004,見込,142171489,201869335
20240718,大広,管理統括,制作部,第一課,2024,202407,2Q,200002,経費,S005,確定,232572610,197494663
20230522,博報堂,メディア統括,人事部,第一課,2023,202305,1Q,100001,売上高,S001,通常,210186981,297002255
20240321,大広,クリエイティブ統括,デジタルマーケティング部,開発課,2023,202403,4Q,100001,売上高,S004,見込,383812121,385108861
20240625,大広,営業統括,人事部,第一課,2024,202406,1Q,100001,売上高,S003,調整,289957424,287405721
20230906,博報堂プロダクツ,営業統括,経営企画部,運用課,2023,202309,2Q,100002,売上原価,S004,見込,277822877,287174895
20230402,博報堂,管理統括,第一営業部,推進課,2023,202304,1Q,500002,媒体社リベート,S003,調整,34768505,51498152
20250321,大広,クリエイティブ統括,メディアプランニング部,開発課,2024,202503,4Q,100001,売上高,S002,特別,273670977,431348295
20230819,博報堂プロダクツ,メディア統括,クリエイティブ部,第三課,2023,202308,2Q,200003,減価償却費,S005,確定,303025825,234327736
20230719,読売広告社,クリエイティブ統括,財務経理部,管理課,2023,202307,2Q,400003,コンサルティング収入,S005,確定,586290128,473549677
20231003,博報堂,クリエイティブ統括,人事部,管理課,2023,202310,3Q,300001,営業利益,S001,通常,198784707,194397935
20240828,大広,管理統括,第一営業部,開発課,2024,202408,2Q,500001,広告主負担金,S003,調整,14237768,23584343
20231206,博報堂プロダクツ,営業統括,クリエイティブ部,企画課,2023,202312,3Q,400003,コンサルティング収入,S002,特別,17173396,13579826
20240718,読売広告社,クリエイティブ統括,経営企画部,企画課,2024,202407,2Q,300001,営業利益,S002,特別,457292201,483813195
20230605,博報堂プロダクツ,営業統括,人事部,企画課,2023,202306,1Q,200003,減価償却費,S001,通常,531790961,445930736
20230821,大広,営業統括,デジタルマーケティング部,企画課,2023,202308,2Q,100003,売上総利益,S004,見込,4157060,3071863
20240701,博報堂,管理統括,デジタルマーケティング部,運用課,2024,202407,2Q,100003,売上総利益,S003,調整,257940932,233809765
20250128,大広,デジタル統括,制作部,管理課,2024,202501,4Q,100003,売上総利益,S002,特別,281424417,227184414
20240616,大広,メディア統括,クリエイティブ部,第二課,2024,202406,1Q,200003,減価償却費,S001,通常,253587660,317275150
20230925,博報堂プロダクツ,メディア統括,第一営業部,第三課,2023,202309,2Q,100001,売上高,S003,調整,157656574,252634945
20240801,博報堂,管理統括,クリエイティブ部,第一課,2024,202408,2Q,200003,減価償却費,S001,通常,550576781,490042701
20240706,博報堂DYメディアパートナーズ,デジタル統括,経営企画部,管理課,2024,202407,2Q,500001,広告主負担金,S004,見込,266632753,395853963
20241001,博報堂プロダクツ,クリエイティブ統括,人事部,推進課,2024,202410,3Q,100002,売上原価,S002,特別,230777793,275189939
20241128,大広,メディア統括,第二営業部,第一課,2024,202411,3Q,100001,売上高,S005,確定,232454865,268183802
20240324,読売広告社,営業統括,制作部,運用課,2023,202403,4Q,500001,広告主負担金,S001,通常,211873370,193471042
20230921,大広,デジタル統括,財務経理部,開発課,2023,202309,2Q,300001,営業利益,S003,調整,203869271,278423937
20240204,博報堂,デジタル統括,クリエイティブ部,第三課,2023,202402,4Q,300002,経常利益,S005,確定,303847210,420710895
20230616,大広,管理統括,メディアプランニング部,推進課,2023,202306,1Q,200002,経費,S001,通常,510035517,401431241
20240807,博報堂,管理統括,第一営業部,開発課,2024,202408,2Q,100003,売上総利益,S002,特別,312807598,261193498
20240209,大広,管理統括,第二営業部,第二課,2023,202402,4Q,400002,制作収入,S005,確定,379856724,282773402
20230720,博報堂プロダクツ,管理統括,経営企画部,第三課,2023,202307,2Q,300002,経常利益,S001,通常,15484325,16543717
20241114,博報堂DYメディアパートナーズ,クリエイティブ統括,人事部,運用課,2024,202411,3Q,100002,売上原価,S003,調整,254736963,196094409
20230918,博報堂,クリエイティブ統括,クリエイティブ部,第三課,2023,202309,2Q,400002,制作収入,S002,特別,143343368,114827677
20230820,博報堂プロダクツ,管理統括,経営企画部,運用課,2023,202308,2Q,100002,売上原価,S004,見込,279189411,422669990
20230515,博報堂,管理統括,経営企画部,管理課,2023,202305,1Q,300001,営業利益,S002,特別,140514694,148624922
20240123,読売広告社,デジタル統括,人事部,第三課,2023,202401,4Q,400001,媒体手数料収入,S002,特別,205508800,219916436
20230821,大広,クリエイティブ統括,人事部,開発課,2023,202308,2Q,300001,営業利益,S002,特別,477912059,379348875
20230518,読売広告社,クリエイティブ統括,メディアプランニング部,推進課,2023,202305,1Q,200003,減価償却費,S003,調整,232636571,297811233
20230612,博報堂DYメディアパートナーズ,メディア統括,総務部,開発課,2023,202306,1Q,500002,媒体社リベート,S003,調整,526391883,406360132
20240922,博報堂DYメディアパートナーズ,クリエイティブ統括,第二営業部,推進課,2024,202409,2Q,100002,売上原価,S002,特別,35936516,32214904
20240304,博報堂DYメディアパートナーズ,クリエイティブ統括,人事部,開発課,2023,202403,4Q,200002,経費,S003,調整,600104933,431702406
20240909,博報堂DYメディアパートナーズ,クリエイティブ統括,人事部,管理課,2024,202409,2Q,100001,売上高,S003,調整,142642331,167541806
20230624,大広,管理統括,経営企画部,開発課,2023,202306,1Q,100003,売上総利益,S001,通常,204501049,304236805
20240515,大広,クリエイティブ統括,人事部,開発課,2024,202405,1Q,400002,制作収入,S004,見込,213116425,197772160
20230815,博報堂プロダクツ,管理統括,制作部,企画課,2023,202308,2Q,500002,媒体社リベート,S005,確定,460174398,391125922
20231101,大広,営業統括,総務部,運用課,2023,202311,3Q,400003,コンサルティング収入,S001,通常,631531493,488240908
20230406,博報堂DYメディアパートナーズ,メディア統括,総務部,管理課,2023,202304,1Q,400002,制作収入,S002,特別,430042253,459877712
20250214,博報堂プロダクツ,クリエイティブ統括,経営企画部,第三課,2024,202502,4Q,200002,経費,S001,通常,457731614,466482613
20250102,読売広告社,管理統括,人事部,第三課,2024,202501,4Q,500002,媒体社リベート,S004,見込,154218560,228829763
20240615,大広,メディア統括,クリエイティブ部,第二課,2024,202406,1Q,200003,減価償却費,S001,通常,496902793,365952485
20230820,博報堂,メディア統括,財務経理部,管理課,2023,202308,2Q,300001,営業利益,S001,通常,207305042,226028311
20240913,博報堂プロダクツ,メディア統括,メディアプランニング部,開発課,2024,202409,2Q,100001,売上高,S004,見込,230790954,214457435
20250122,読売広告社,管理統括,第一営業部,運用課,2024,202501,4Q,100003,売上総利益,S001,通常,83302818,73679705
20230412,博報堂プロダクツ,メディア統括,総務部,運用課,2023,202304,1Q,400003,コンサルティング収入,S004,見込,242193284,189495127
20250114,博報堂,管理統括,総務部,開発課,2024,202501,4Q,500001,広告主負担金,S003,調整,332176460,387132326
20250207,博報堂プロダクツ,クリエイティブ統括,メディアプランニング部,開発課,2024,202502,4Q,200002,経費,S005,確定,76725569,59176052
20240521,博報堂プロダクツ,管理統括,第一営業部,運用課,2024,202405,1Q,400001,媒体手数料収入,S003,調整,302799795,372300423
20230524,博報堂DYメディアパートナーズ,デジタル統括,財務経理部,第三課,2023,202305,1Q,500002,媒体社リベート,S002,特別,87677105,64502986
20240908,博報堂,デジタル統括,制作部,運用課,2024,202409,2Q,200003,減価償却費,S005,確定,425357728,443421276
20240910,大広,管理統括,第二営業部,開発課,2024,202409,2Q,100001,売上高,S002,特別,256055982,231970007
20230702,読売広告社,メディア統括,第一営業部,運用課,2023,202307,2Q,100002,売上原価,S005,確定,441771929,348378522
20230405,博報堂DYメディアパートナーズ,デジタル統括,メディアプランニング部,企画課,2023,202304,1Q,400002,制作収入,S003,調整,385589089,475092707
20250220,大広,営業統括,経営企画部,第一課,2024,202502,4Q,300001,営業利益,S004,見込,552568929,454576595
20231202,読売広告社,クリエイティブ統括,デジタルマーケティング部,運用課,2023,202312,3Q,100001,売上高,S001,通常,98240719,130968148
20241225,博報堂,管理統括,財務経理部,第三課,2024,202412,3Q,100001,売上高,S002,特別,304793064,276455908
20240116,博報堂DYメディアパートナーズ,メディア統括,デジタルマーケティング部,第三課,2023,202401,4Q,400001,媒体手数料収入,S005,確定,463731386,354234280
20241020,博報堂DYメディアパートナーズ,営業統括,制作部,第三課,2024,202410,3Q,300002,経常利益,S001,通常,235692427,297719379
20240118,博報堂プロダクツ,クリエイティブ統括,デジタルマーケティング部,企画課,2023,202401,4Q,500002,媒体社リベート,S004,見込,194359013,236515770
20231126,博報堂プロダクツ,営業統括,メディアプランニング部,第三課,2023,202311,3Q,400001,媒体手数料収入,S003,調整,394909457,320111433
20230620,読売広告社,デジタル統括,メディアプランニング部,運用課,2023,202306,1Q,400001,媒体手数料収入,S001,通常,578628031,456006256
20250224,大広,管理統括,メディアプランニング部,第三課,2024,202502,4Q,500001,広告主負担金,S001,通常,141584206,144519832
20231103,読売広告社,デジタル統括,メディアプランニング部,第三課,2023,202311,3Q,100002,売上原価,S001,通常,239152439,240288159
20230420,博報堂プロダクツ,クリエイティブ統括,人事部,第二課,2023,202304,1Q,400002,制作収入,S001,通常,511887299,383152687
20241204,博報堂DYメディアパートナーズ,管理統括,クリエイティブ部,第二課,2024,202412,3Q,400003,コンサルティング収入,S003,調整,301512415,435912979
20230628,大広,管理統括,第二営業部,企画課,2023,202306,1Q,100001,売上高,S004,見込,170592052,177782032
20240720,博報堂DYメディアパートナーズ,デジタル統括,第一営業部,推進課,2024,202407,2Q,400003,コンサルティング収入,S002,特別,486133785,420954307
20250228,大広,クリエイティブ統括,総務部,第二課,2024,202502,4Q,100002,売上原価,S005,確定,140352971,126457984
20240119,博報堂DYメディアパートナーズ,メディア統括,総務部,開発課,2023,202401,4Q,100003,売上総利益,S002,特別,258993381,308787870
20240313,博報堂,クリエイティブ統括,総務部,管理課,2023,202403,4Q,500001,広告主負担金,S005,確定,214246039,243595378
20230624,読売広告社,営業統括,制作部,第一課,2023,202306,1Q,100001,売上高,S002,特別,8221134,11510726
20231112,大広,クリエイティブ統括,第二営業部,開発課,2023,202311,3Q,100001,売上高,S004,見込,73222013,111402994
20240818,博報堂DYメディアパートナーズ,管理統括,デジタルマーケティング部,企画課,2024,202408,2Q,500001,広告主負担金,S002,特別,183121902,135217724
20250222,読売広告社,管理統括,デジタルマーケティング部,管理課,2024,202502,4Q,100002,売上原価,S002,特別,214304691,328825395
20231102,博報堂,メディア統括,制作部,企画課,2023,202311,3Q,200001,人件費,S005,確定,3892629,3772696
20250316,読売広告社,クリエイティブ統括,経営企画部,企画課,2024,202503,4Q,100002,売上原価,S004,見込,136789317,174289226
20250201,博報堂プロダクツ,管理統括,経営企画部,第三課,2024,202502,4Q,100002,売上原価,S002,特別,312929210,318281138
20240501,読売広告社,営業統括,総務部,推進課,2024,202405,1Q,400001,媒体手数料収入,S002,特別,116690305,112087917
20240507,博報堂プロダクツ,管理統括,デジタルマーケティング部,第一課,2024,202405,1Q,100001,売上高,S001,通常,100547206,122144117
20231020,読売広告社,管理統括,経営企画部,管理課,2023,202310,3Q,300001,営業利益,S002,特別,442200720,386631784
20230710,博報堂プロダクツ,営業統括,財務経理部,管理課,2023,202307,2Q,500001,広告主負担金,S005,確定,385749884,308434299
20240313,博報堂DYメディアパートナーズ,クリエイティブ統括,第二営業部,運用課,2023,202403,4Q,500002,媒体社リベート,S005,確定,473337904,376298312
20240507,大広,営業統括,メディアプランニング部,第一課,2024,202405,1Q,500002,媒体社リベート,S001,通常,255036764,307212816
20231119,博報堂,管理統括,デジタルマーケティング部,企画課,2023,202311,3Q,200003,減価償却費,S005,確定,179199841,173799065
20250127,読売広告社,デジタル統括,デジタルマーケティング部,企画課,2024,202501,4Q,300002,経常利益,S003,調整,167146012,137522584
20240826,博報堂DYメディアパートナーズ,クリエイティブ統括,経営企画部,管理課,2024,202408,2Q,400003,コンサルティング収入,S005,確定,129926398,94828160
20230901,読売広告社,デジタル統括,クリエイティブ部,推進課,2023,202309,2Q,300002,経常利益,S001,通常,100996188,161997128
20230413,大広,クリエイティブ統括,デジタルマーケティング部,推進課,2023,202304,1Q,300002,経常利益,S002,特別,88730157,104429535
20250120,博報堂,デジタル統括,デジタルマーケティング部,第二課,2024,202501,4Q,300001,営業利益,S002,特別,174655107,223130109
20240828,博報堂DYメディアパートナーズ,デジタル統括,第一営業部,第二課,2024,202408,2Q,200003,減価償却費,S004,見込,68849068,60976097
20240726,大広,クリエイティブ統括,メディアプランニング部,企画課,2024,202407,2Q,300002,経常利益,S002,特別,131346719,102956821
20230425,博報堂DYメディアパートナーズ,営業統括,デジタルマーケティング部,開発課,2023,202304,1Q,200003,減価償却費,S005,確定,115969543,149908839
20240323,読売広告社,クリエイティブ統括,財務経理部,第二課,2023,202403,4Q,400001,媒体手数料収入,S005,確定,142854212,183581254
20240528,読売広告社,デジタル統括,制作部,企画課,2024,202405,1Q,100002,売上原価,S001,通常,496177521,484707083
20240617,博報堂DYメディアパートナーズ,営業統括,第二営業部,管理課,2024,202406,1Q,500002,媒体社リベート,S002,特別,75067906,56240416
20230824,博報堂DYメディアパートナーズ,メディア統括,経営企画部,第二課,2023,202308,2Q,300002,経常利益,S004,見込,479771755,374927049
20230906,大広,デジタル統括,経営企画部,開発課,2023,202309,2Q,100002,売上原価,S004,見込,134051109,96172811
20250112,博報堂,メディア統括,人事部,管理課,2024,202501,4Q,500001,広告主負担金,S004,見込,277759778,258493995
20230723,博報堂プロダクツ,デジタル統括,メディアプランニング部,第三課,2023,202307,2Q,200001,人件費,S003,調整,365065297,483364046
20230927,博報堂プロダクツ,デジタル統括,総務部,管理課,2023,202309,2Q,400002,制作収入,S005,確定,340496376,364393954
20241028,博報堂,デジタル統括,人事部,運用課,2024,202410,3Q,400002,制作収入,S005,確定,153947866,138878822
20230721,博報堂プロダクツ,デジタル統括,クリエイティブ部,運用課,2023,202307,2Q,400002,制作収入,S004,見込,420925825,474606664
20240123,博報堂プロダクツ,メディア統括,第二営業部,第一課,2023,202401,4Q,400002,制作収入,S005,確定,76951080,124804622
20240520,博報堂プロダクツ,営業統括,第一営業部,開発課,2024,202405,1Q,300002,経常利益,S004,見込,167189098,152999656
20240713,博報堂,メディア統括,制作部,第二課,2024,202407,2Q,300001,営業利益,S004,見込,510497249,396899292
20250114,博報堂DYメディアパートナーズ,デジタル統括,総務部,第二課,2024,202501,4Q,400001,媒体手数料収入,S004,見込,446756007,336015235
20231203,博報堂,営業統括,制作部,運用課,2023,202312,3Q,500001,広告主負担金,S005,確定,73816432,120054859
20240526,博報堂プロダクツ,メディア統括,経営企画部,第二課,2024,202405,1Q,400002,制作収入,S003,調整,13002251,15190517
20240518,博報堂DYメディアパートナーズ,営業統括,デジタルマーケティング部,第三課,2024,202405,1Q,100003,売上総利益,S001,通常,153831785,163304901
20230928,博報堂プロダクツ,メディア統括,制作部,第三課,2023,202309,2Q,300002,経常利益,S004,見込,35199355,56587983
20240228,読売広告社,営業統括,メディアプランニング部,管理課,2023,202402,4Q,300001,営業利益,S005,確定,98879027,93068532
20250206,読売広告社,デジタル統括,人事部,開発課,2024,202502,4Q,300001,営業利益,S004,見込,107355522,139025912
20240726,博報堂DYメディアパートナーズ,管理統括,メディアプランニング部,第一課,2024,202407,2Q,300002,経常利益,S005,確定,325406863,443715858
20230726,読売広告社,メディア統括,クリエイティブ部,推進課,2023,202307,2Q,100001,売上高,S005,確定,107175830,97303690
20240701,博報堂,デジタル統括,第一営業部,第二課,2024,202407,2Q,400003,コンサルティング収入,S002,特別,372560811,371805597
20230407,読売広告社,メディア統括,メディアプランニング部,第一課,2023,202304,1Q,100003,売上総利益,S003,調整,96607231,84288684
20241010,博報堂,デジタル統括,メディアプランニング部,第三課,2024,202410,3Q,500002,媒体社リベート,S005,確定,88331920,79670676
20240221,大広,デジタル統括,メディアプランニング部,第三課,2023,202402,4Q,200003,減価償却費,S003,調整,62006555,71333531
20240222,読売広告社,デジタル統括,人事部,第二課,2023,202402,4Q,300002,経常利益,S003,調整,495324783,401403077
20250119,読売広告社,メディア統括,デジタルマーケティング部,第一課,2024,202501,4Q,500001,広告主負担金,S001,通常,145745720,146851744
20250319,博報堂DYメディアパートナーズ,管理統括,第二営業部,第二課,2024,202503,4Q,300001,営業利益,S001,通常,218558749,351062816
20250328,博報堂DYメディアパートナーズ,クリエイティブ統括,第一営業部,第二課,2024,202503,4Q,500001,広告主負担金,S001,通常,140856794,121737853
20241113,博報堂,営業統括,財務経理部,第二課,2024,202411,3Q,400002,制作収入,S004,見込,293484621,217957645
20240310,博報堂,管理統括,総務部,第一課,2023,202403,4Q,400003,コンサルティング収入,S002,特別,8494870,6561761
20240516,大広,デジタル統括,メディアプランニング部,第一課,2024,202405,1Q,500001,広告主負担金,S004,見込,372674900,348068372
20240509,博報堂,管理統括,クリエイティブ部,第三課,2024,202405,1Q,400001,媒体手数料収入,S002,特別,348508720,453508405
20240414,博報堂,管理統括,制作部,第二課,2024,202404,1Q,500002,媒体社リベート,S001,通常,127219426,157815414
20231223,博報堂,クリエイティブ統括,経営企画部,管理課,2023,202312,3Q,100002,売上原価,S001,通常,235113992,287751837
20240710,大広,メディア統括,総務部,管理課,2024,202407,2Q,200001,人件費,S005,確定,63170196,83780527
20230715,大広,メディア統括,財務経理部,開発課,2023,202307,2Q,100003,売上総利益,S002,特別,189213409,267014661
20240508,博報堂,管理統括,メディアプランニング部,推進課,2024,202405,1Q,300002,経常利益,S004,見込,109965712,101078611
20230619,博報堂プロダクツ,営業統括,クリエイティブ部,第一課,2023,202306,1Q,500001,広告主負担金,S004,見込,48974612,63048277
20250105,読売広告社,管理統括,第一営業部,開発課,2024,202501,4Q,100002,売上原価,S003,調整,121746569,107551182
20230723,博報堂プロダクツ,営業統括,第一営業部,第一課,2023,202307,2Q,500001,広告主負担金,S005,確定,428066737,439463406
20240902,博報堂プロダクツ,管理統括,デジタルマーケティング部,第二課,2024,202409,2Q,400003,コンサルティング収入,S005,確定,280550387,361311485
20240709,博報堂DYメディアパートナーズ,管理統括,クリエイティブ部,管理課,2024,202407,2Q,100002,売上原価,S005,確定,313514957,326569351
20231103,博報堂DYメディアパートナーズ,営業統括,第一営業部,管理課,2023,202311,3Q,100001,売上高,S004,見込,529362842,381413057
20240528,博報堂プロダクツ,管理統括,人事部,第二課,2024,202405,1Q,500002,媒体社リベート,S005,確定,31716811,25643273
20231228,大広,管理統括,人事部,第一課,2023,202312,3Q,100002,売上原価,S001,通常,6438261,7277762
20240308,博報堂DYメディアパートナーズ,デジタル統括,メディアプランニング部,企画課,2023,202403,4Q,300001,営業利益,S005,確定,191507078,203175533
20231023,読売広告社,営業統括,メディアプランニング部,企画課,2023,202310,3Q,400002,制作収入,S002,特別,25302761,36586687
20241204,読売広告社,メディア統括,財務経理部,開発課,2024,202412,3Q,500002,媒体社リベート,S004,見込,297956183,285076117
20240323,博報堂プロダクツ,デジタル統括,制作部,開発課,2023,202403,4Q,500001,広告主負担金,S002,特別,29597819,37303816
20241018,博報堂,管理統括,第二営業部,第一課,2024,202410,3Q,400002,制作収入,S001,通常,351688947,426100983
20240921,博報堂DYメディアパートナーズ,メディア統括,経営企画部,第二課,2024,202409,2Q,400002,制作収入,S003,調整,222382030,308780282
20230924,博報堂プロダクツ,メディア統括,財務経理部,第一課,2023,202309,2Q,500002,媒体社リベート,S001,通常,221571631,263370088
20241220,博報堂プロダクツ,デジタル統括,デジタルマーケティング部,第二課,2024,202412,3Q,400003,コンサルティング収入,S004,見込,41133075,49442192
20230714,大広,管理統括,制作部,運用課,2023,202307,2Q,500002,媒体社リベート,S004,見込,286183808,310558806
20231021,読売広告社,デジタル統括,総務部,第三課,2023,202310,3Q,400002,制作収入,S001,通常,445669942,365420038
20250328,大広,メディア統括,第一営業部,企画課,2024,202503,4Q,100001,売上高,S002,特別,18273086,16508961
20240823,大広,メディア統括,総務部,第一課,2024,202408,2Q,100002,売上原価,S003,調整,19246482,20690608
20240214,大広,管理統括,メディアプランニング部,企画課,2023,202402,4Q,200002,経費,S004,見込,436123122,460751316
20240418,博報堂,クリエイティブ統括,クリエイティブ部,管理課,2024,202404,1Q,200002,経費,S004,見込,165363235,142912359
20241228,読売広告社,管理統括,制作部,第三課,2024,202412,3Q,400003,コンサルティング収入,S002,特別,197337830,208248155
20240109,博報堂,クリエイティブ統括,メディアプランニング部,企画課,2023,202401,4Q,100002,売上原価,S005,確定,52548527,79858103
20240426,読売広告社,営業統括,デジタルマーケティング部,第二課,2024,202404,1Q,500001,広告主負担金,S003,調整,113408313,110733830
20250315,読売広告社,デジタル統括,デジタルマーケティング部,第三課,2024,202503,4Q,100001,売上高,S005,確定,440941994,440613323
20231025,読売広告社,管理統括,デジタルマーケティング部,開発課,2023,202310,3Q,400002,制作収入,S002,特別,155349965,184071875
20241214,大広,メディア統括,第二営業部,推進課,2024,202412,3Q,200001,人件費,S002,特別,8302641,8714357
20241122,大広,メディア統括,経営企画部,第三課,2024,202411,3Q,500001,広告主負担金,S003,調整,67856724,96593359
20230816,読売広告社,管理統括,デジタルマーケティング部,管理課,2023,202308,2Q,200001,人件費,S001,通常,63782651,51482218
20240222,博報堂DYメディアパートナーズ,クリエイティブ統括,財務経理部,運用課,2023,202402,4Q,200003,減価償却費,S002,特別,203423772,280193793
20240613,大広,クリエイティブ統括,デジタルマーケティング部,第二課,2024,202406,1Q,400003,コンサルティング収入,S001,通常,83900296,85438769
20241007,博報堂,管理統括,人事部,第一課,2024,202410,3Q,200001,人件費,S001,通常,201814364,150081822
20231224,大広,クリエイティブ統括,人事部,第三課,2023,202312,3Q,500002,媒体社リベート,S003,調整,646933090,480121850
20240611,読売広告社,クリエイティブ統括,制作部,第三課,2024,202406,1Q,400002,制作収入,S002,特別,558424806,463984724
20241105,大広,メディア統括,デジタルマーケティング部,第三課,2024,202411,3Q,500002,媒体社リベート,S004,見込,272542212,399788688
20240817,博報堂プロダクツ,管理統括,制作部,企画課,2024,202408,2Q,400002,制作収入,S001,通常,288836781,244766076
20240401,博報堂プロダクツ,クリエイティブ統括,経営企画部,開発課,2024,202404,1Q,200003,減価償却費,S005,確定,193854363,274884823
20241206,博報堂プロダクツ,デジタル統括,デジタルマーケティング部,企画課,2024,202412,3Q,200002,経費,S002,特別,333358616,303309254
20240526,読売広告社,クリエイティブ統括,第二営業部,運用課,2024,202405,1Q,400003,コンサルティング収入,S005,確定,253481173,249654537
20230517,大広,メディア統括,総務部,第一課,2023,202305,1Q,400001,媒体手数料収入,S003,調整,639188625,498804064
20231202,博報堂DYメディアパートナーズ,管理統括,クリエイティブ部,企画課,2023,202312,3Q,400001,媒体手数料収入,S002,特別,328176453,309011864
20240825,大広,デジタル統括,クリエイティブ部,企画課,2024,202408,2Q,500002,媒体社リベート,S004,見込,251622206,189991906
20240611,博報堂DYメディアパートナーズ,クリエイティブ統括,クリエイティブ部,推進課,2024,202406,1Q,100001,売上高,S001,通常,212383304,219054912
20231217,大広,クリエイティブ統括,メディアプランニング部,第二課,2023,202312,3Q,200003,減価償却費,S001,通常,417228747,391857929
20240314,読売広告社,クリエイティブ統括,第二営業部,第三課,2023,202403,4Q,100002,売上原価,S004,見込,99660338,133305370
20240826,博報堂プロダクツ,クリエイティブ統括,制作部,第三課,2024,202408,2Q,400003,コンサルティング収入,S003,調整,288791302,463485985
20240706,博報堂プロダクツ,管理統括,経営企画部,管理課,2024,202407,2Q,300001,営業利益,S004,見込,86753842,73452652
20250207,博報堂DYメディアパートナーズ,管理統括,第一営業部,第一課,2024,202502,4Q,300001,営業利益,S002,特別,173979114,128921790
20240823,博報堂プロダクツ,営業統括,第二営業部,管理課,2024,202408,2Q,200002,経費,S003,調整,334788362,247830542
20241011,大広,クリエイティブ統括,制作部,第三課,2024,202410,3Q,400001,媒体手数料収入,S003,調整,344775874,330313129
20240220,博報堂DYメディアパートナーズ,営業統括,メディアプランニング部,運用課,2023,202402,4Q,500001,広告主負担金,S004,見込,63616270,71813540
20240805,大広,営業統括,第一営業部,企画課,2024,202408,2Q,100002,売上原価,S003,調整,64660482,51365066
20230408,博報堂,営業統括,財務経理部,開発課,2023,202304,1Q,100001,売上高,S001,通常,308562891,284880377
20231017,博報堂,デジタル統括,総務部,企画課,2023,202310,3Q,300002,経常利益,S005,確定,65360224,99247706
20240724,博報堂DYメディアパートナーズ,営業統括,経営企画部,企画課,2024,202407,2Q,100001,売上高,S004,見込,44907935,49078061
20250303,博報堂DYメディアパートナーズ,営業統括,メディアプランニング部,第三課,2024,202503,4Q,300001,営業利益,S005,確定,217888280,290911656
20241009,博報堂,クリエイティブ統括,デジタルマーケティング部,運用課,2024,202410,3Q,400001,媒体手数料収入,S002,特別,134399088,110826368
20231204,博報堂DYメディアパートナーズ,メディア統括,財務経理部,第二課,2023,202312,3Q,400001,媒体手数料収入,S003,調整,299872754,227386806
20230925,読売広告社,メディア統括,メディアプランニング部,第二課,2023,202309,2Q,400002,制作収入,S002,特別,214777341,231439884
20230522,博報堂プロダクツ,メディア統括,人事部,運用課,2023,202305,1Q,100001,売上高,S002,特別,402416731,440124057
20230902,博報堂,管理統括,経営企画部,開発課,2023,202309,2Q,100002,売上原価,S001,通常,464202523,459998286
20240806,大広,メディア統括,制作部,開発課,2024,202408,2Q,500002,媒体社リベート,S004,見込,511921245,474510235
20241205,大広,営業統括,財務経理部,開発課,2024,202412,3Q,500001,広告主負担金,S003,調整,244745788,389919158
20240716,博報堂DYメディアパートナーズ,管理統括,第一営業部,第一課,2024,202407,2Q,200001,人件費,S003,調整,115981388,153307366
20230809,博報堂,メディア統括,総務部,管理課,2023,202308,2Q,500001,広告主負担金,S002,特別,273367692,245091924
20230418,大広,営業統括,制作部,第一課,2023,202304,1Q,100002,売上原価,S005,確定,499311630,364454971
20231004,読売広告社,デジタル統括,メディアプランニング部,第二課,2023,202310,3Q,100002,売上原価,S002,特別,29834260,42218095
20240225,博報堂プロダクツ,管理統括,経営企画部,企画課,2023,202402,4Q,200002,経費,S001,通常,415120733,299920371
20230627,博報堂DYメディアパートナーズ,クリエイティブ統括,クリエイティブ部,開発課,2023,202306,1Q,400001,媒体手数料収入,S002,特別,370008319,264576331
20250322,大広,クリエイティブ統括,財務経理部,開発課,2024,202503,4Q,400002,制作収入,S002,特別,385665668,299160488
20240425,読売広告社,メディア統括,経営企画部,推進課,2024,202404,1Q,400001,媒体手数料収入,S003,調整,28817232,25184483
20250123,博報堂,営業統括,人事部,運用課,2024,202501,4Q,300001,営業利益,S001,通常,349376716,473950841
20241120,読売広告社,デジタル統括,経営企画部,第三課,2024,202411,3Q,200003,減価償却費,S002,特別,152230574,243118832
20240921,博報堂,管理統括,制作部,推進課,2024,202409,2Q,300002,経常利益,S005,確定,472105773,382182817
20230501,読売広告社,管理統括,経営企画部,開発課,2023,202305,1Q,200001,人件費,S005,確定,128351675,111115124
20250105,大広,メディア統括,人事部,第一課,2024,202501,4Q,100001,売上高,S005,確定,462077750,460263126
20240121,博報堂,クリエイティブ統括,第二営業部,開発課,2023,202401,4Q,100001,売上高,S005,確定,186102529,239617318
20230827,博報堂,営業統括,制作部,推進課,2023,202308,2Q,300002,経常利益,S003,調整,318549066,338918847
20230605,大広,クリエイティブ統括,人事部,第三課,2023,202306,1Q,500001,広告主負担金,S005,確定,81639160,96964769
20240318,博報堂DYメディアパートナーズ,管理統括,人事部,管理課,2023,202403,4Q,300001,営業利益,S001,通常,321798369,428793923
20230605,読売広告社,管理統括,人事部,推進課,2023,202306,1Q,100002,売上原価,S001,通常,165720969,130448819
20241002,大広,メディア統括,第二営業部,第三課,2024,202410,3Q,300002,経常利益,S002,特別,158698324,201517987
20230507,博報堂,メディア統括,人事部,管理課,2023,202305,1Q,100003,売上総利益,S005,確定,12490365,13235732
20240514,博報堂DYメディアパートナーズ,クリエイティブ統括,メディアプランニング部,第一課,2024,202405,1Q,100002,売上原価,S003,調整,514353810,389344052
20231201,博報堂,管理統括,総務部,運用課,2023,202312,3Q,100003,売上総利益,S004,見込,384644280,426138768
20250224,読売広告社,管理統括,人事部,第二課,2024,202502,4Q,400002,制作収入,S003,調整,542099153,397107983
20241208,大広,営業統括,総務部,企画課,2024,202412,3Q,200003,減価償却費,S001,通常,247535443,388717018
20230523,読売広告社,管理統括,デジタルマーケティング部,第二課,2023,202305,1Q,200002,経費,S004,見込,285747483,244326756
20250120,博報堂DYメディアパートナーズ,デジタル統括,メディアプランニング部,開発課,2024,202501,4Q,200002,経費,S005,確定,20772526,21633844
20240811,博報堂DYメディアパートナーズ,メディア統括,クリエイティブ部,開発課,2024,202408,2Q,400003,コンサルティング収入,S004,見込,515760375,401891122
20240322,博報堂,メディア統括,財務経理部,管理課,2023,202403,4Q,400003,コンサルティング収入,S002,特別,101609750,158264332
20240924,博報堂DYメディアパートナーズ,管理統括,クリエイティブ部,管理課,2024,202409,2Q,100002,売上原価,S005,確定,118008066,170002038
20240522,博報堂,デジタル統括,総務部,管理課,2024,202405,1Q,100001,売上高,S002,特別,243006195,381231023
20240918,大広,デジタル統括,経営企画部,管理課,2024,202409,2Q,500002,媒体社リベート,S003,調整,170326800,191891559
20240515,博報堂DYメディアパートナーズ,管理統括,メディアプランニング部,第三課,2024,202405,1Q,400001,媒体手数料収入,S003,調整,444107009,372007740
20240315,読売広告社,クリエイティブ統括,メディアプランニング部,企画課,2023,202403,4Q,100003,売上総利益,S005,確定,217295641,177555507
20241019,博報堂DYメディアパートナーズ,メディア統括,制作部,第三課,2024,202410,3Q,300002,経常利益,S003,調整,615511978,494007562
20250301,博報堂,クリエイティブ統括,デジタルマーケティング部,第二課,2024,202503,4Q,200003,減価償却費,S001,通常,258099988,382953941
20250301,大広,デジタル統括,財務経理部,推進課,2024,202503,4Q,300001,営業利益,S001,通常,60226327,85958704
20231223,博報堂DYメディアパートナーズ,デジタル統括,経営企画部,管理課,2023,202312,3Q,400002,制作収入,S003,調整,355745408,486390236
20230827,大広,営業統括,制作部,開発課,2023,202308,2Q,400002,制作収入,S003,調整,364074405,307556966
20241014,読売広告社,メディア統括,総務部,企画課,2024,202410,3Q,100003,売上総利益,S003,調整,122485417,159777929
20240501,読売広告社,管理統括,デジタルマーケティング部,運用課,2024,202405,1Q,400001,媒体手数料収入,S002,特別,301301898,309866885
20240211,読売広告社,メディア統括,人事部,第三課,2023,202402,4Q,400003,コンサルティング収入,S002,特別,411290597,363345362
20240625,博報堂,クリエイティブ統括,人事部,管理課,2024,202406,1Q,400002,制作収入,S002,特別,305613043,251493515
20231028,大広,デジタル統括,メディアプランニング部,管理課,2023,202310,3Q,400001,媒体手数料収入,S004,見込,130355056,204916630
20240818,博報堂プロダクツ,営業統括,第一営業部,推進課,2024,202408,2Q,500001,広告主負担金,S002,特別,10902427,15127286
20240414,博報堂プロダクツ,クリエイティブ統括,経営企画部,推進課,2024,202404,1Q,400002,制作収入,S004,見込,325653076,253608948
20240921,博報堂,クリエイティブ統括,制作部,開発課,2024,202409,2Q,400002,制作収入,S002,特別,236604228,313709353
20240623,読売広告社,デジタル統括,経営企画部,第三課,2024,202406,1Q,500002,媒体社リベート,S003,調整,229872542,260636470
20250107,博報堂DYメディアパートナーズ,メディア統括,制作部,推進課,2024,202501,4Q,100001,売上高,S001,通常,517203068,385099334
20231203,読売広告社,クリエイティブ統括,第二営業部,開発課,2023,202312,3Q,100003,売上総利益,S002,特別,353820543,255487293
20240825,博報堂,営業統括,人事部,推進課,2024,202408,2Q,200002,経費,S002,特別,83214740,66456098
20250321,博報堂プロダクツ,クリエイティブ統括,総務部,推進課,2024,202503,4Q,200002,経費,S004,見込,54157090,52148246
20231218,読売広告社,デジタル統括,制作部,開発課,2023,202312,3Q,200003,減価償却費,S003,調整,22241465,25247143
20230628,博報堂,クリエイティブ統括,第一営業部,第一課,2023,202306,1Q,400002,制作収入,S001,通常,111797009,169649029
20240721,読売広告社,メディア統括,経営企画部,第一課,2024,202407,2Q,200001,人件費,S003,調整,251107889,262365227
20240504,博報堂DYメディアパートナーズ,メディア統括,財務経理部,開発課,2024,202405,1Q,400002,制作収入,S004,見込,377884554,406065697
20231204,博報堂プロダクツ,クリエイティブ統括,第二営業部,第三課,2023,202312,3Q,100001,売上高,S003,調整,130975486,174169610
20240715,博報堂DYメディアパートナーズ,メディア統括,制作部,管理課,2024,202407,2Q,100001,売上高,S004,見込,20842565,15451092
20241005,博報堂,クリエイティブ統括,総務部,開発課,2024,202410,3Q,400003,コンサルティング収入,S002,特別,217653642,314745081
20250325,博報堂プロダクツ,メディア統括,総務部,管理課,2024,202503,4Q,500002,媒体社リベート,S001,通常,326088050,457785558
20250114,博報堂,デジタル統括,第二営業部,第二課,2024,202501,4Q,200001,人件費,S005,確定,95737118,147220541
20231022,博報堂プロダクツ,デジタル統括,クリエイティブ部,開発課,2023,202310,3Q,200001,人件費,S005,確定,7097878,8384572
20231210,博報堂DYメディアパートナーズ,メディア統括,第二営業部,企画課,2023,202312,3Q,100003,売上総利益,S002,特別,164803974,202361352
20240905,博報堂DYメディアパートナーズ,メディア統括,総務部,推進課,2024,202409,2Q,400002,制作収入,S005,確定,343833305,416712980
20230916,大広,営業統括,総務部,運用課,2023,202309,2Q,200003,減価償却費,S003,調整,35098632,37882985
20240126,博報堂プロダクツ,メディア統括,第一営業部,開発課,2023,202401,4Q,400003,コンサルティング収入,S002,特別,213797611,231967075
20241126,博報堂プロダクツ,メディア統括,財務経理部,推進課,2024,202411,3Q,200003,減価償却費,S005,確定,58620070,76728086
20230927,博報堂DYメディアパートナーズ,管理統括,クリエイティブ部,第二課,2023,202309,2Q,100001,売上高,S005,確定,21570780,34756739
20230506,博報堂プロダクツ,メディア統括,総務部,第三課,2023,202305,1Q,200003,減価償却費,S002,特別,222385348,260470735
20230722,博報堂DYメディアパートナーズ,営業統括,財務経理部,管理課,2023,202307,2Q,100002,売上原価,S004,見込,111094609,111677335
20240705,博報堂プロダクツ,クリエイティブ統括,第一営業部,第二課,2024,202407,2Q,200002,経費,S005,確定,300622243,468482293
20250308,読売広告社,デジタル統括,メディアプランニング部,管理課,2024,202503,4Q,500002,媒体社リベート,S003,調整,232636974,361570339
20250225,博報堂プロダクツ,メディア統括,デジタルマーケティング部,第二課,2024,202502,4Q,400002,制作収入,S004,見込,116781252,92072047
20240514,博報堂DYメディアパートナーズ,クリエイティブ統括,制作部,推進課,2024,202405,1Q,100003,売上総利益,S004,見込,135545652,194518302
20250314,博報堂プロダクツ,管理統括,第二営業部,企画課,2024,202503,4Q,100001,売上高,S005,確定,56431310,83466184
20250319,博報堂プロダクツ,メディア統括,総務部,企画課,2024,202503,4Q,400003,コンサルティング収入,S002,特別,273629682,216900143
20230905,博報堂DYメディアパートナーズ,デジタル統括,財務経理部,第三課,2023,202309,2Q,400001,媒体手数料収入,S003,調整,125443336,103050754
20241001,博報堂DYメディアパートナーズ,クリエイティブ統括,クリエイティブ部,企画課,2024,202410,3Q,300001,営業利益,S002,特別,42210566,46037903
20240106,博報堂,営業統括,デジタルマーケティング部,運用課,2023,202401,4Q,300002,経常利益,S001,通常,249650814,212487851
20240510,博報堂DYメディアパートナーズ,メディア統括,財務経理部,企画課,2024,202405,1Q,200001,人件費,S003,調整,134386535,121886375
20241122,博報堂,デジタル統括,デジタルマーケティング部,企画課,2024,202411,3Q,400003,コンサルティング収入,S002,特別,258257993,225644259
20241016,博報堂,メディア統括,財務経理部,第一課,2024,202410,3Q,300001,営業利益,S002,特別,53721824,63639562
20230920,博報堂,メディア統括,財務経理部,第三課,2023,202309,2Q,400003,コンサルティング収入,S002,特別,321124758,492200927
20231212,大広,営業統括,第一営業部,推進課,2023,202312,3Q,500001,広告主負担金,S001,通常,250148353,416138494
20230909,博報堂,クリエイティブ統括,デジタルマーケティング部,管理課,2023,202309,2Q,300001,営業利益,S004,見込,180605998,211526641
20250205,博報堂,クリエイティブ統括,クリエイティブ部,管理課,2024,202502,4Q,200002,経費,S005,確定,166478487,170287995
20230614,読売広告社,営業統括,第一営業部,運用課,2023,202306,1Q,200003,減価償却費,S005,確定,420368136,342355465
20240225,読売広告社,クリエイティブ統括,第二営業部,運用課,2023,202402,4Q,300002,経常利益,S005,確定,87020472,78578285
20231126,大広,管理統括,クリエイティブ部,第一課,2023,202311,3Q,500002,媒体社リベート,S005,確定,542786943,410953562
20240703,読売広告社,デジタル統括,メディアプランニング部,開発課,2024,202407,2Q,200003,減価償却費,S004,見込,43176107,34286813
20230826,博報堂DYメディアパートナーズ,デジタル統括,第二営業部,第二課,2023,202308,2Q,100003,売上総利益,S004,見込,365307603,426364463
20230504,読売広告社,管理統括,人事部,第三課,2023,202305,1Q,500002,媒体社リベート,S005,確定,298644852,391054088
20241218,博報堂プロダクツ,営業統括,デジタルマーケティング部,第一課,2024,202412,3Q,200001,人件費,S002,特別,198702250,268756701
20230812,大広,メディア統括,経営企画部,第三課,2023,202308,2Q,500002,媒体社リベート,S001,通常,120916108,92598870
20240826,博報堂プロダクツ,営業統括,第二営業部,企画課,2024,202408,2Q,300001,営業利益,S004,見込,316586115,282102092
20230502,読売広告社,管理統括,総務部,第一課,2023,202305,1Q,400003,コンサルティング収入,S004,見込,33446444,25292448
20230423,博報堂DYメディアパートナーズ,クリエイティブ統括,経営企画部,運用課,2023,202304,1Q,500002,媒体社リベート,S001,通常,186877187,146871233
20230528,大広,管理統括,第一営業部,第一課,2023,202305,1Q,400002,制作収入,S004,見込,374249282,434051479
20250302,博報堂,営業統括,メディアプランニング部,第二課,2024,202503,4Q,400003,コンサルティング収入,S001,通常,555035462,437673787
20240323,大広,営業統括,第二営業部,第三課,2023,202403,4Q,200001,人件費,S001,通常,357426644,300875002
20240118,読売広告社,営業統括,第一営業部,第三課,2023,202401,4Q,500001,広告主負担金,S001,通常,291179342,229821942
20240323,読売広告社,メディア統括,デジタルマーケティング部,運用課,2023,202403,4Q,200002,経費,S004,見込,196036275,160016394
20230512,博報堂プロダクツ,メディア統括,メディアプランニング部,推進課,2023,202305,1Q,200001,人件費,S005,確定,238334494,173623061
20231101,博報堂,デジタル統括,デジタルマーケティング部,第二課,2023,202311,3Q,100001,売上高,S002,特別,106210117,106908623
20230918,博報堂,営業統括,経営企画部,企画課,2023,202309,2Q,500002,媒体社リベート,S001,通常,469387416,340790957
20230601,大広,管理統括,メディアプランニング部,推進課,2023,202306,1Q,200001,人件費,S001,通常,410044404,443736398
20240113,博報堂DYメディアパートナーズ,デジタル統括,制作部,推進課,2023,202401,4Q,300002,経常利益,S001,通常,270961933,417692546
20240723,大広,メディア統括,人事部,管理課,2024,202407,2Q,400002,制作収入,S001,通常,132642914,204726251
20240921,博報堂DYメディアパートナーズ,デジタル統括,デジタルマーケティング部,管理課,2024,202409,2Q,500001,広告主負担金,S001,通常,478311866,465776416
20230824,博報堂プロダクツ,営業統括,財務経理部,開発課,2023,202308,2Q,100001,売上高,S004,見込,509949147,407081406
20250328,博報堂,デジタル統括,制作部,運用課,2024,202503,4Q,300002,経常利益,S003,調整,464685005,433317244
20240321,大広,クリエイティブ統括,デジタルマーケティング部,第二課,2023,202403,4Q,100001,売上高,S003,調整,112879003,155604969
20230906,博報堂DYメディアパートナーズ,営業統括,第二営業部,管理課,2023,202309,2Q,300001,営業利益,S001,通常,27685989,21010311
20241023,博報堂プロダクツ,メディア統括,第二営業部,第一課,2024,202410,3Q,500002,媒体社リベート,S002,特別,270273003,266666913
20230513,博報堂プロダクツ,管理統括,デジタルマーケティング部,推進課,2023,202305,1Q,400002,制作収入,S002,特別,58109751,47295419
20230817,博報堂,クリエイティブ統括,人事部,第一課,2023,202308,2Q,100002,売上原価,S003,調整,496720785,454921512
20231201,大広,デジタル統括,第二営業部,第三課,2023,202312,3Q,200003,減価償却費,S002,特別,271546042,304590094
20230409,博報堂プロダクツ,管理統括,クリエイティブ部,第二課,2023,202304,1Q,100002,売上原価,S003,調整,268562129,377834278
20231115,博報堂プロダクツ,管理統括,第二営業部,企画課,2023,202311,3Q,200003,減価償却費,S004,見込,149924234,158668051
20250227,博報堂DYメディアパートナーズ,営業統括,メディアプランニング部,企画課,2024,202502,4Q,100002,売上原価,S001,通常,303811234,239764183
20240911,読売広告社,管理統括,経営企画部,運用課,2024,202409,2Q,400001,媒体手数料収入,S002,特別,139377534,107227382
20240713,大広,管理統括,総務部,第一課,2024,202407,2Q,100002,売上原価,S003,調整,77586712,102567662
20240418,博報堂,管理統括,経営企画部,開発課,2024,202404,1Q,400002,制作収入,S005,確定,94501123,141363256
20250118,博報堂DYメディアパートナーズ,クリエイティブ統括,総務部,開発課,2024,202501,4Q,200002,経費,S002,特別,173782391,138213979
20230826,博報堂,営業統括,デジタルマーケティング部,第二課,2023,202308,2Q,200003,減価償却費,S003,調整,289507874,218303455
20240703,大広,デジタル統括,財務経理部,運用課,2024,202407,2Q,400001,媒体手数料収入,S005,確定,149915201,138514649
20240415,博報堂DYメディアパートナーズ,クリエイティブ統括,メディアプランニング部,開発課,2024,202404,1Q,100002,売上原価,S005,確定,463323634,342997875
20240224,博報堂プロダクツ,管理統括,メディアプランニング部,企画課,2023,202402,4Q,100002,売上原価,S001,通常,360061430,424705220
20250309,博報堂プロダクツ,営業統括,第二営業部,第一課,2024,202503,4Q,500002,媒体社リベート,S001,通常,4435098,3356360
20230527,読売広告社,メディア統括,クリエイティブ部,第二課,2023,202305,1Q,200002,経費,S004,見込,71294782,110812211
20250225,読売広告社,デジタル統括,経営企画部,管理課,2024,202502,4Q,100003,売上総利益,S002,特別,13172925,10208091
20250306,読売広告社,営業統括,財務経理部,開発課,2024,202503,4Q,300001,営業利益,S004,見込,86789793,90822052
20231002,読売広告社,管理統括,デジタルマーケティング部,第三課,2023,202310,3Q,200003,減価償却費,S002,特別,39715559,30749616
20240827,博報堂,メディア統括,クリエイティブ部,管理課,2024,202408,2Q,200001,人件費,S002,特別,241863492,381521143
20250301,博報堂DYメディアパートナーズ,デジタル統括,総務部,第一課,2024,202503,4Q,400003,コンサルティング収入,S003,調整,264472106,197107708
20250228,博報堂,営業統括,財務経理部,第一課,2024,202502,4Q,300001,営業利益,S001,通常,236565580,305939223
20250215,博報堂DYメディアパートナーズ,デジタル統括,デジタルマーケティング部,管理課,2024,202502,4Q,400003,コンサルティング収入,S003,調整,169694563,223609724
20240112,博報堂プロダクツ,クリエイティブ統括,人事部,第三課,2023,202401,4Q,400003,コンサルティング収入,S005,確定,478904245,448168404
20240315,博報堂DYメディアパートナーズ,管理統括,制作部,企画課,2023,202403,4Q,500001,広告主負担金,S005,確定,354581536,452000026
20250106,博報堂プロダクツ,クリエイティブ統括,総務部,第二課,2024,202501,4Q,100001,売上高,S005,確定,290364070,263214721
20240502,読売広告社,メディア統括,デジタルマーケティング部,第二課,2024,202405,1Q,100002,売上原価,S004,見込,276238056,368721061
20241009,博報堂,デジタル統括,第一営業部,開発課,2024,202410,3Q,400001,媒体手数料収入,S002,特別,397854734,381392652
20240201,読売広告社,デジタル統括,メディアプランニング部,第二課,2023,202402,4Q,100002,売上原価,S005,確定,1873266,2683097
20240802,博報堂DYメディアパートナーズ,クリエイティブ統括,第一営業部,第二課,2024,202408,2Q,200001,人件費,S005,確定,629223572,455230123
20240413,大広,営業統括,デジタルマーケティング部,第三課,2024,202404,1Q,500002,媒体社リベート,S003,調整,182648497,269045807
20241009,読売広告社,メディア統括,人事部,管理課,2024,202410,3Q,300001,営業利益,S004,見込,437131189,353044209
20240102,博報堂DYメディアパートナーズ,クリエイティブ統括,総務部,開発課,2023,202401,4Q,200001,人件費,S003,調整,125880695,116818796
20230501,博報堂,営業統括,メディアプランニング部,企画課,2023,202305,1Q,300002,経常利益,S005,確定,302011630,235467835
20241004,博報堂DYメディアパートナーズ,クリエイティブ統括,総務部,第三課,2024,202410,3Q,400002,制作収入,S003,調整,213934638,193418498
20230714,読売広告社,デジタル統括,クリエイティブ部,運用課,2023,202307,2Q,500001,広告主負担金,S004,見込,58247232,91393626
20250309,読売広告社,クリエイティブ統括,制作部,開発課,2024,202503,4Q,100003,売上総利益,S001,通常,124336788,171077140
20230914,読売広告社,営業統括,第一営業部,第二課,2023,202309,2Q,100003,売上総利益,S004,見込,508886491,368539612
20240121,博報堂,営業統括,デジタルマーケティング部,企画課,2023,202401,4Q,300001,営業利益,S004,見込,305123924,234681903
20240406,読売広告社,デジタル統括,デジタルマーケティング部,開発課,2024,202404,1Q,200003,減価償却費,S002,特別,288665949,240040586
20240719,博報堂,営業統括,メディアプランニング部,推進課,2024,202407,2Q,500001,広告主負担金,S003,調整,242360527,231386552
20240606,博報堂,営業統括,経営企画部,第三課,2024,202406,1Q,400003,コンサルティング収入,S002,特別,108576453,138470395
20230616,博報堂DYメディアパートナーズ,管理統括,第二営業部,運用課,2023,202306,1Q,100002,売上原価,S003,調整,224701465,237701861
20231019,博報堂,営業統括,制作部,管理課,2023,202310,3Q,200001,人件費,S004,見込,7128711,10565322
20230812,大広,営業統括,メディアプランニング部,開発課,2023,202308,2Q,200001,人件費,S003,調整,361098030,479298209
20240825,読売広告社,メディア統括,経営企画部,企画課,2024,202408,2Q,100003,売上総利益,S001,通常,453750072,497598336
20240908,博報堂プロダクツ,デジタル統括,財務経理部,開発課,2024,202409,2Q,300001,営業利益,S001,通常,95147857,150717186
20231128,博報堂DYメディアパートナーズ,メディア統括,財務経理部,第三課,2023,202311,3Q,200003,減価償却費,S001,通常,137739746,116671382
20231221,博報堂,営業統括,総務部,推進課,2023,202312,3Q,100002,売上原価,S003,調整,24810064,28880203
20240310,博報堂DYメディアパートナーズ,クリエイティブ統括,第一営業部,企画課,2023,202403,4Q,500002,媒体社リベート,S002,特別,408042639,404960908
20241225,読売広告社,メディア統括,人事部,第一課,2024,202412,3Q,400001,媒体手数料収入,S003,調整,153717815,200144730
20241127,博報堂DYメディアパートナーズ,デジタル統括,総務部,開発課,2024,202411,3Q,100001,売上高,S003,調整,521725413,455545924
20240405,博報堂,クリエイティブ統括,総務部,第二課,2024,202404,1Q,200002,経費,S001,通常,201384599,167794599
20240912,博報堂プロダクツ,デジタル統括,財務経理部,管理課,2024,202409,2Q,300002,経常利益,S004,見込,282891319,356968286
20240507,博報堂,デジタル統括,クリエイティブ部,第二課,2024,202405,1Q,200002,経費,S004,見込,478291289,400982503
20250204,大広,クリエイティブ統括,メディアプランニング部,管理課,2024,202502,4Q,200001,人件費,S005,確定,208871130,194945073
20250219,大広,クリエイティブ統括,人事部,開発課,2024,202502,4Q,100002,売上原価,S005,確定,252778958,421044957
20230414,博報堂,メディア統括,財務経理部,第三課,2023,202304,1Q,300001,営業利益,S004,見込,163366549,122418868
20240513,読売広告社,メディア統括,人事部,運用課,2024,202405,1Q,100002,売上原価,S004,見込,311538280,244262410
20250214,読売広告社,デジタル統括,デジタルマーケティング部,第三課,2024,202502,4Q,200002,経費,S004,見込,406469727,297378147
20240126,大広,営業統括,クリエイティブ部,推進課,2023,202401,4Q,400003,コンサルティング収入,S005,確定,319568834,305003951
20240324,読売広告社,デジタル統括,メディアプランニング部,第三課,2023,202403,4Q,200001,人件費,S003,調整,283802133,459278879
20240726,読売広告社,営業統括,デジタルマーケティング部,第二課,2024,202407,2Q,200002,経費,S004,見込,288451659,372750600
20241104,大広,管理統括,人事部,開発課,2024,202411,3Q,200001,人件費,S002,特別,290083820,465685102
20250321,博報堂,管理統括,人事部,第三課,2024,202503,4Q,400001,媒体手数料収入,S005,確定,427323473,376098380
20231023,大広,デジタル統括,制作部,開発課,2023,202310,3Q,400003,コンサルティング収入,S002,特別,158629557,128430818
20231104,読売広告社,クリエイティブ統括,メディアプランニング部,第二課,2023,202311,3Q,300002,経常利益,S001,通常,63673559,66018104
20240608,大広,クリエイティブ統括,人事部,第三課,2024,202406,1Q,300001,営業利益,S005,確定,283291315,388690440
20231125,博報堂DYメディアパートナーズ,デジタル統括,財務経理部,推進課,2023,202311,3Q,500002,媒体社リベート,S004,見込,404871975,389114066
20240720,博報堂,メディア統括,総務部,運用課,2024,202407,2Q,100001,売上高,S005,確定,125762373,172233419
20240620,大広,メディア統括,第一営業部,第一課,2024,202406,1Q,200002,経費,S005,確定,60145797,71457676
20240227,博報堂,デジタル統括,デジタルマーケティング部,企画課,2023,202402,4Q,100002,売上原価,S004,見込,383692059,298182322
20231204,博報堂プロダクツ,デジタル統括,第一営業部,運用課,2023,202312,3Q,100003,売上総利益,S002,特別,349186007,443225703
20230501,大広,デジタル統括,総務部,運用課,2023,202305,1Q,400001,媒体手数料収入,S002,特別,101252141,75341365
20230601,大広,メディア統括,制作部,開発課,2023,202306,1Q,400003,コンサルティング収入,S005,確定,322364200,289140343
20240601,大広,デジタル統括,経営企画部,運用課,2024,202406,1Q,300002,経常利益,S001,通常,406500336,367140390
20231009,博報堂DYメディアパートナーズ,管理統括,デジタルマーケティング部,第二課,2023,202310,3Q,400002,制作収入,S003,調整,92424685,69462505
20230821,読売広告社,営業統括,メディアプランニング部,第二課,2023,202308,2Q,500002,媒体社リベート,S002,特別,257220682,264273986
20230401,博報堂DYメディアパートナーズ,営業統括,クリエイティブ部,第一課,2023,202304,1Q,400001,媒体手数料収入,S005,確定,141626580,167414905
20240616,読売広告社,メディア統括,第二営業部,第一課,2024,202406,1Q,300002,経常利益,S002,特別,318916701,269657211
20230910,大広,管理統括,経営企画部,第二課,2023,202309,2Q,400001,媒体手数料収入,S004,見込,232713513,188794403
20230521,博報堂プロダクツ,管理統括,総務部,推進課,2023,202305,1Q,200001,人件費,S002,特別,205234532,174278560
20240822,大広,デジタル統括,制作部,第一課,2024,202408,2Q,300001,営業利益,S001,通常,133342222,130636447
20230609,大広,デジタル統括,経営企画部,第二課,2023,202306,1Q,200002,経費,S005,確定,295583884,236486785
20230804,博報堂DYメディアパートナーズ,メディア統括,人事部,運用課,2023,202308,2Q,100002,売上原価,S003,調整,11694356,14076624
20230616,読売広告社,管理統括,デジタルマーケティング部,管理課,2023,202306,1Q,500001,広告主負担金,S005,確定,242491724,317261988
20240317,博報堂プロダクツ,メディア統括,第一営業部,推進課,2023,202403,4Q,200003,減価償却費,S004,見込,470394941,433375933
20250211,大広,メディア統括,第二営業部,第一課,2024,202502,4Q,300001,営業利益,S005,確定,102655024,135048952
20230409,博報堂,管理統括,メディアプランニング部,推進課,2023,202304,1Q,100003,売上総利益,S002,特別,82942294,131072186
20230602,読売広告社,メディア統括,第一営業部,推進課,2023,202306,1Q,400001,媒体手数料収入,S003,調整,82614670,72179245
20240120,博報堂DYメディアパートナーズ,メディア統括,制作部,推進課,2023,202401,4Q,400003,コンサルティング収入,S003,調整,278741390,208434859
20231010,博報堂,メディア統括,第一営業部,第一課,2023,202310,3Q,400003,コンサルティング収入,S003,調整,190160273,139476919
20230707,大広,管理統括,第二営業部,管理課,2023,202307,2Q,200001,人件費,S004,見込,503318504,475294677
20231205,博報堂プロダクツ,デジタル統括,総務部,第一課,2023,202312,3Q,500001,広告主負担金,S003,調整,229231580,271237479
20240519,博報堂DYメディアパートナーズ,管理統括,総務部,第三課,2024,202405,1Q,400003,コンサルティング収入,S004,見込,286248532,233157640
20231116,読売広告社,デジタル統括,デジタルマーケティング部,第二課,2023,202311,3Q,300001,営業利益,S003,調整,264859723,330066760
20230403,博報堂DYメディアパートナーズ,管理統括,メディアプランニング部,第三課,2023,202304,1Q,100001,売上高,S002,特別,264581070,237371864
20241228,博報堂プロダクツ,営業統括,人事部,第三課,2024,202412,3Q,300002,経常利益,S004,見込,48095411,43757207
20241016,博報堂プロダクツ,クリエイティブ統括,第二営業部,第三課,2024,202410,3Q,100002,売上原価,S003,調整,31230319,32069328
20231126,博報堂プロダクツ,管理統括,人事部,第三課,2023,202311,3Q,100001,売上高,S002,特別,692952,1093690
20231224,博報堂,クリエイティブ統括,第一営業部,推進課,2023,202312,3Q,100002,売上原価,S004,見込,244859837,198005071
20240401,大広,クリエイティブ統括,総務部,運用課,2024,202404,1Q,100001,売上高,S003,調整,44988408,35542627
20250204,博報堂プロダクツ,営業統括,経営企画部,第一課,2024,202502,4Q,200001,人件費,S003,調整,94487154,127555476
20240823,博報堂,メディア統括,第一営業部,第三課,2024,202408,2Q,100001,売上高,S005,確定,105984327,100119988
20241021,博報堂DYメディアパートナーズ,デジタル統括,デジタルマーケティング部,開発課,2024,202410,3Q,300001,営業利益,S001,通常,139914611,145547710
20230525,博報堂DYメディアパートナーズ,営業統括,経営企画部,企画課,2023,202305,1Q,300002,経常利益,S002,特別,326153668,423069132
20241026,大広,クリエイティブ統括,第一営業部,推進課,2024,202410,3Q,400002,制作収入,S002,特別,349029750,304336140
20240221,博報堂DYメディアパートナーズ,メディア統括,第二営業部,開発課,2023,202402,4Q,400001,媒体手数料収入,S001,通常,338798868,267726919
20240827,博報堂DYメディアパートナーズ,管理統括,財務経理部,管理課,2024,202408,2Q,400003,コンサルティング収入,S002,特別,327317568,243761316
20230902,博報堂DYメディアパートナーズ,管理統括,デジタルマーケティング部,推進課,2023,202309,2Q,500002,媒体社リベート,S002,特別,186016524,140145979
20241208,博報堂DYメディアパートナーズ,営業統括,第一営業部,第一課,2024,202412,3Q,200002,経費,S004,見込,641508280,474380773
20250322,博報堂DYメディアパートナーズ,管理統括,制作部,開発課,2024,202503,4Q,400003,コンサルティング収入,S002,特別,188545404,153279320
20231004,大広,デジタル統括,経営企画部,第三課,2023,202310,3Q,500001,広告主負担金,S001,通常,311155299,301249154
20241017,博報堂プロダクツ,メディア統括,経営企画部,管理課,2024,202410,3Q,400001,媒体手数料収入,S003,調整,367696851,299398533
20240717,大広,メディア統括,人事部,第三課,2024,202407,2Q,400002,制作収入,S003,調整,198752147,289403893
20230716,読売広告社,メディア統括,第二営業部,企画課,2023,202307,2Q,300002,経常利益,S002,特別,347477273,311233221
20240918,博報堂,メディア統括,第一営業部,第三課,2024,202409,2Q,500001,広告主負担金,S001,通常,434724946,442343429
20230512,大広,デジタル統括,経営企画部,運用課,2023,202305,1Q,300001,営業利益,S002,特別,487511692,435061137
20240106,博報堂,管理統括,クリエイティブ部,第一課,2023,202401,4Q,300001,営業利益,S001,通常,142936118,132695854
20240804,読売広告社,クリエイティブ統括,メディアプランニング部,運用課,2024,202408,2Q,500001,広告主負担金,S001,通常,193084234,146884256
20240602,博報堂,デジタル統括,クリエイティブ部,第二課,2024,202406,1Q,100002,売上原価,S001,通常,113261690,161403470
20240501,博報堂プロダクツ,メディア統括,デジタルマーケティング部,企画課,2024,202405,1Q,200003,減価償却費,S005,確定,253112003,328182240
20241010,博報堂DYメディアパートナーズ,クリエイティブ統括,デジタルマーケティング部,管理課,2024,202410,3Q,100001,売上高,S002,特別,535076612,493742961
20230421,博報堂,デジタル統括,人事部,企画課,2023,202304,1Q,400003,コンサルティング収入,S001,通常,315101572,355773908
20240314,博報堂DYメディアパートナーズ,管理統括,経営企画部,開発課,2023,202403,4Q,100003,売上総利益,S002,特別,363868873,290808243
20240520,博報堂DYメディアパートナーズ,クリエイティブ統括,デジタルマーケティング部,運用課,2024,202405,1Q,400002,制作収入,S002,特別,29272041,25288557
20250123,大広,管理統括,人事部,運用課,2024,202501,4Q,400001,媒体手数料収入,S001,通常,365010387,365926236
20230710,大広,メディア統括,総務部,第二課,2023,202307,2Q,400002,制作収入,S003,調整,512694483,441397330
20240819,博報堂DYメディアパートナーズ,デジタル統括,メディアプランニング部,第三課,2024,202408,2Q,300002,経常利益,S005,確定,387156455,279095686
20240324,大広,デジタル統括,経営企画部,第三課,2023,202403,4Q,400002,制作収入,S004,見込,367466613,396394929
20240219,大広,デジタル統括,クリエイティブ部,運用課,2023,202402,4Q,400003,コンサルティング収入,S001,通常,333722268,307144138
20231112,読売広告社,営業統括,メディアプランニング部,第一課,2023,202311,3Q,400002,制作収入,S004,見込,47360363,37609756
20231028,博報堂,クリエイティブ統括,クリエイティブ部,運用課,2023,202310,3Q,500001,広告主負担金,S003,調整,287480176,390270409
20250201,読売広告社,メディア統括,第二営業部,第三課,2024,202502,4Q,400003,コンサルティング収入,S005,確定,637054472,467097592
20240209,大広,クリエイティブ統括,第一営業部,企画課,2023,202402,4Q,300002,経常利益,S004,見込,50720465,75967427
20230804,博報堂,営業統括,第一営業部,企画課,2023,202308,2Q,500001,広告主負担金,S002,特別,15804248,20491890
20231116,博報堂,デジタル統括,総務部,第一課,2023,202311,3Q,400001,媒体手数料収入,S004,見込,537094323,499111270
20240318,博報堂プロダクツ,管理統括,クリエイティブ部,運用課,2023,202403,4Q,200001,人件費,S001,通常,63914502,103195497
20240315,博報堂プロダクツ,クリエイティブ統括,デジタルマーケティング部,運用課,2023,202403,4Q,200003,減価償却費,S003,調整,141839233,109927713
20241210,博報堂DYメディアパートナーズ,デジタル統括,第二営業部,推進課,2024,202412,3Q,100001,売上高,S003,調整,58249791,67696248
20241206,博報堂プロダクツ,営業統括,人事部,運用課,2024,202412,3Q,400001,媒体手数料収入,S005,確定,136053138,107572925
20230621,読売広告社,デジタル統括,制作部,企画課,2023,202306,1Q,300001,営業利益,S002,特別,131484753,102988416
20240418,読売広告社,営業統括,財務経理部,管理課,2024,202404,1Q,500001,広告主負担金,S004,見込,14715230,15588979
20240806,読売広告社,クリエイティブ統括,クリエイティブ部,開発課,2024,202408,2Q,500002,媒体社リベート,S004,見込,65879189,82487626
20230628,博報堂DYメディアパートナーズ,クリエイティブ統括,デジタルマーケティング部,企画課,2023,202306,1Q,500002,媒体社リベート,S002,特別,122520043,98497520
20240610,博報堂DYメディアパートナーズ,管理統括,第一営業部,第一課,2024,202406,1Q,500002,媒体社リベート,S005,確定,531353574,453855532
20240306,読売広告社,デジタル統括,メディアプランニング部,推進課,2023,202403,4Q,100002,売上原価,S001,通常,95687111,73040018
20240423,読売広告社,営業統括,第二営業部,管理課,2024,202404,1Q,500002,媒体社リベート,S002,特別,167208198,189903259
20230621,博報堂プロダクツ,メディア統括,制作部,第三課,2023,202306,1Q,100001,売上高,S003,調整,216458517,244424568
20240128,読売広告社,メディア統括,第一営業部,企画課,2023,202401,4Q,300001,営業利益,S004,見込,273258316,329823295
20240401,読売広告社,クリエイティブ統括,人事部,推進課,2024,202404,1Q,200001,人件費,S004,見込,205530487,212425644
20230709,博報堂DYメディアパートナーズ,クリエイティブ統括,デジタルマーケティング部,第二課,2023,202307,2Q,500001,広告主負担金,S005,確定,435861493,424793652
20240622,博報堂DYメディアパートナーズ,デジタル統括,第二営業部,第一課,2024,202406,1Q,100001,売上高,S003,調整,59814035,51639252
20231026,読売広告社,クリエイティブ統括,人事部,管理課,2023,202310,3Q,100003,売上総利益,S002,特別,332097501,263258310
20250312,博報堂DYメディアパートナーズ,管理統括,経営企画部,推進課,2024,202503,4Q,100001,売上高,S003,調整,236436048,233944994
20240208,博報堂プロダクツ,デジタル統括,クリエイティブ部,企画課,2023,202402,4Q,100002,売上原価,S003,調整,500291275,434669345
20240113,大広,クリエイティブ統括,第一営業部,運用課,2023,202401,4Q,300002,経常利益,S004,見込,104655802,107659650
20230505,博報堂,管理統括,クリエイティブ部,開発課,2023,202305,1Q,100002,売上原価,S001,通常,277345966,338414810
20240807,読売広告社,営業統括,第一営業部,第一課,2024,202408,2Q,100001,売上高,S005,確定,331259515,349677016
20240402,博報堂DYメディアパートナーズ,クリエイティブ統括,経営企画部,第一課,2024,202404,1Q,200001,人件費,S003,調整,385500352,438900195
20240215,博報堂DYメディアパートナーズ,クリエイティブ統括,第二営業部,第三課,2023,202402,4Q,100003,売上総利益,S002,特別,332080829,357033307
20250323,大広,管理統括,メディアプランニング部,開発課,2024,202503,4Q,400002,制作収入,S005,確定,264602589,240627962
20231022,読売広告社,営業統括,財務経理部,第一課,2023,202310,3Q,400003,コンサルティング収入,S003,調整,343152126,338413302
20250118,大広,デジタル統括,財務経理部,第三課,2024,202501,4Q,100002,売上原価,S004,見込,217953707,215523712
20240112,博報堂プロダクツ,営業統括,デジタルマーケティング部,第一課,2023,202401,4Q,200002,経費,S001,通常,185002312,170640920
20240615,博報堂,メディア統括,デジタルマーケティング部,管理課,2024,202406,1Q,100001,売上高,S002,特別,265091805,327295491
20230906,博報堂プロダクツ,デジタル統括,メディアプランニング部,第三課,2023,202309,2Q,200001,人件費,S005,確定,90014939,77335741
20240220,読売広告社,クリエイティブ統括,クリエイティブ部,管理課,2023,202402,4Q,100002,売上原価,S005,確定,293236602,296056219
20240602,博報堂,クリエイティブ統括,経営企画部,企画課,2024,202406,1Q,500001,広告主負担金,S004,見込,210463262,332243168
20230710,大広,メディア統括,総務部,運用課,2023,202307,2Q,500001,広告主負担金,S003,調整,102888108,107729220
20241120,博報堂,営業統括,デジタルマーケティング部,管理課,2024,202411,3Q,200002,経費,S003,調整,150993245,157476379
20241128,博報堂プロダクツ,メディア統括,財務経理部,第三課,2024,202411,3Q,400002,制作収入,S002,特別,148331033,201764583
20241214,博報堂DYメディアパートナーズ,メディア統括,経営企画部,管理課,2024,202412,3Q,200003,減価償却費,S002,特別,82232265,107688745
20231118,読売広告社,デジタル統括,制作部,管理課,2023,202311,3Q,400002,制作収入,S001,通常,397700637,373558663
20250228,博報堂,クリエイティブ統括,クリエイティブ部,企画課,2024,202502,4Q,500001,広告主負担金,S005,確定,508408426,383500965
20231120,博報堂プロダクツ,管理統括,経営企画部,運用課,2023,202311,3Q,300001,営業利益,S001,通常,20358814,25369187
20230908,博報堂,クリエイティブ統括,経営企画部,企画課,2023,202309,2Q,400002,制作収入,S003,調整,301317893,373498652
20241114,読売広告社,デジタル統括,総務部,第一課,2024,202411,3Q,300001,営業利益,S005,確定,467275898,337943334
20240412,博報堂DYメディアパートナーズ,管理統括,メディアプランニング部,運用課,2024,202404,1Q,100003,売上総利益,S005,確定,35875660,46254420
20231105,博報堂,管理統括,経営企画部,第三課,2023,202311,3Q,100003,売上総利益,S001,通常,404079613,446033607
20240120,博報堂プロダクツ,クリエイティブ統括,総務部,推進課,2023,202401,4Q,200002,経費,S003,調整,61603984,73582526
20241208,博報堂プロダクツ,管理統括,財務経理部,第二課,2024,202412,3Q,200001,人件費,S003,調整,275789746,275884205
20230915,大広,クリエイティブ統括,メディアプランニング部,運用課,2023,202309,2Q,500002,媒体社リベート,S005,確定,502480541,403492410
20250110,読売広告社,クリエイティブ統括,メディアプランニング部,企画課,2024,202501,4Q,200003,減価償却費,S005,確定,577356038,480354260
20240509,読売広告社,管理統括,デジタルマーケティング部,第一課,2024,202405,1Q,500002,媒体社リベート,S004,見込,203392929,332637819
20240827,読売広告社,管理統括,メディアプランニング部,運用課,2024,202408,2Q,400001,媒体手数料収入,S003,調整,404790156,290237179
20230708,読売広告社,デジタル統括,総務部,第二課,2023,202307,2Q,200002,経費,S002,特別,464243756,492734252
20240425,大広,デジタル統括,クリエイティブ部,第一課,2024,202404,1Q,100001,売上高,S005,確定,96873394,97602346
20240622,博報堂,デジタル統括,第一営業部,開発課,2024,202406,1Q,100001,売上高,S002,特別,393313585,327780113
20231018,博報堂DYメディアパートナーズ,クリエイティブ統括,制作部,推進課,2023,202310,3Q,200003,減価償却費,S005,確定,283230068,220084223
20230520,読売広告社,クリエイティブ統括,デジタルマーケティング部,第一課,2023,202305,1Q,300001,営業利益,S001,通常,242753014,178046303
20230919,大広,クリエイティブ統括,デジタルマーケティング部,第一課,2023,202309,2Q,300001,営業利益,S005,確定,209862391,291715466
20241024,博報堂DYメディアパートナーズ,営業統括,クリエイティブ部,開発課,2024,202410,3Q,300001,営業利益,S004,見込,71907008,52102715
20241023,博報堂プロダクツ,メディア統括,総務部,第三課,2024,202410,3Q,200002,経費,S002,特別,295944250,332262032
20230817,読売広告社,管理統括,デジタルマーケティング部,企画課,2023,202308,2Q,400003,コンサルティング収入,S004,見込,128537221,214044068
20240621,博報堂,メディア統括,財務経理部,開発課,2024,202406,1Q,200002,経費,S004,見込,357979457,442386884
20240910,読売広告社,デジタル統括,制作部,管理課,2024,202409,2Q,200001,人件費,S004,見込,289317222,209840209
20240909,博報堂DYメディアパートナーズ,管理統括,総務部,第三課,2024,202409,2Q,500002,媒体社リベート,S002,特別,480636428,457887675
20230516,博報堂DYメディアパートナーズ,クリエイティブ統括,メディアプランニング部,第一課,2023,202305,1Q,400001,媒体手数料収入,S002,特別,128631365,99863475
20250107,博報堂,デジタル統括,第二営業部,開発課,2024,202501,4Q,100003,売上総利益,S003,調整,427793957,339661294
20230621,博報堂DYメディアパートナーズ,クリエイティブ統括,財務経理部,第一課,2023,202306,1Q,400001,媒体手数料収入,S004,見込,312237087,385871596
20240312,博報堂,メディア統括,第一営業部,企画課,2023,202403,4Q,200001,人件費,S004,見込,102857882,131411781
20240320,博報堂プロダクツ,メディア統括,メディアプランニング部,開発課,2023,202403,4Q,100001,売上高,S005,確定,259646898,396740610
20240401,博報堂プロダクツ,メディア統括,第一営業部,第一課,2024,202404,1Q,500002,媒体社リベート,S001,通常,45466439,41378044
20240307,読売広告社,クリエイティブ統括,財務経理部,推進課,2023,202403,4Q,400003,コンサルティング収入,S004,見込,162383095,227224052
20231208,博報堂DYメディアパートナーズ,メディア統括,デジタルマーケティング部,運用課,2023,202312,3Q,100003,売上総利益,S005,確定,109541517,161670467
20241002,大広,デジタル統括,総務部,開発課,2024,202410,3Q,100003,売上総利益,S004,見込,38375614,31543189
20230417,読売広告社,デジタル統括,人事部,第二課,2023,202304,1Q,100003,売上総利益,S002,特別,253357322,395308547
20240708,博報堂,クリエイティブ統括,クリエイティブ部,第一課,2024,202407,2Q,500001,広告主負担金,S003,調整,302852635,475834265
20241117,博報堂DYメディアパートナーズ,デジタル統括,第一営業部,管理課,2024,202411,3Q,300002,経常利益,S004,見込,349118209,349455859
20240117,博報堂,メディア統括,メディアプランニング部,第三課,2023,202401,4Q,200001,人件費,S001,通常,480504860,472279571
20250222,読売広告社,クリエイティブ統括,デジタルマーケティング部,企画課,2024,202502,4Q,300002,経常利益,S001,通常,129828698,107156413
20240307,大広,営業統括,メディアプランニング部,運用課,2023,202403,4Q,200002,経費,S001,通常,13388920,12415009
20231225,大広,営業統括,第二営業部,開発課,2023,202312,3Q,300001,営業利益,S004,見込,18108621,18111523
20230511,読売広告社,クリエイティブ統括,クリエイティブ部,開発課,2023,202305,1Q,100001,売上高,S002,特別,176999568,134639363
20240802,博報堂プロダクツ,営業統括,制作部,推進課,2024,202408,2Q,500002,媒体社リベート,S004,見込,222112764,227057959
20230420,博報堂プロダクツ,クリエイティブ統括,クリエイティブ部,運用課,2023,202304,1Q,400002,制作収入,S001,通常,33398680,51369186
20240621,大広,メディア統括,人事部,運用課,2024,202406,1Q,200001,人件費,S004,見込,25573200,24559975
20240409,博報堂,営業統括,総務部,第三課,2024,202404,1Q,200001,人件費,S002,特別,208674621,343700849
20240520,博報堂DYメディアパートナーズ,メディア統括,人事部,推進課,2024,202405,1Q,500002,媒体社リベート,S005,確定,167274628,167312283
20240128,読売広告社,クリエイティブ統括,第一営業部,企画課,2023,202401,4Q,400003,コンサルティング収入,S001,通常,167237747,236525776
20250112,読売広告社,クリエイティブ統括,経営企画部,第一課,2024,202501,4Q,200003,減価償却費,S005,確定,38306418,32835697
20230421,博報堂DYメディアパートナーズ,メディア統括,デジタルマーケティング部,企画課,2023,202304,1Q,400003,コンサルティング収入,S003,調整,267184483,229952603
20241117,大広,デジタル統括,第一営業部,管理課,2024,202411,3Q,100002,売上原価,S005,確定,399391968,398550061
20240604,読売広告社,営業統括,財務経理部,第二課,2024,202406,1Q,100001,売上高,S002,特別,168553205,190459816
20241214,大広,デジタル統括,総務部,第二課,2024,202412,3Q,100002,売上原価,S005,確定,359385153,368196683
20240921,博報堂プロダクツ,クリエイティブ統括,メディアプランニング部,第一課,2024,202409,2Q,300002,経常利益,S002,特別,519690450,436922123
20241105,博報堂,クリエイティブ統括,メディアプランニング部,推進課,2024,202411,3Q,100001,売上高,S001,通常,90705446,143314740
20241226,大広,営業統括,第二営業部,運用課,2024,202412,3Q,200001,人件費,S001,通常,471078527,492447379
20240215,大広,管理統括,第二営業部,第二課,2023,202402,4Q,300002,経常利益,S002,特別,98565481,113066645
20241014,博報堂プロダクツ,管理統括,財務経理部,第三課,2024,202410,3Q,200001,人件費,S004,見込,335170852,333604160
20230524,博報堂,クリエイティブ統括,財務経理部,開発課,2023,202305,1Q,300001,営業利益,S002,特別,379897760,420249513
20230824,読売広告社,デジタル統括,メディアプランニング部,管理課,2023,202308,2Q,300002,経常利益,S001,通常,121217389,97759367
20240504,博報堂DYメディアパートナーズ,営業統括,経営企画部,推進課,2024,202405,1Q,400003,コンサルティング収入,S004,見込,37897841,28193693
20240611,読売広告社,営業統括,クリエイティブ部,運用課,2024,202406,1Q,400001,媒体手数料収入,S005,確定,37407103,35662461
20240322,大広,デジタル統括,人事部,第一課,2023,202403,4Q,400002,制作収入,S001,通常,132725462,99504398
20250215,大広,デジタル統括,第一営業部,第一課,2024,202502,4Q,200003,減価償却費,S004,見込,120964603,199212637
20240514,大広,クリエイティブ統括,財務経理部,企画課,2024,202405,1Q,400003,コンサルティング収入,S004,見込,593469444,481868164
20230610,大広,メディア統括,経営企画部,運用課,2023,202306,1Q,100001,売上高,S001,通常,573678588,422566122
20231010,博報堂DYメディアパートナーズ,クリエイティブ統括,第一営業部,第三課,2023,202310,3Q,400002,制作収入,S001,通常,204967026,168590492
20240823,博報堂プロダクツ,メディア統括,制作部,企画課,2024,202408,2Q,300001,営業利益,S001,通常,163950204,198302855
20241221,博報堂,デジタル統括,総務部,第一課,2024,202412,3Q,400003,コンサルティング収入,S004,見込,544673900,426184065
20230917,博報堂プロダクツ,メディア統括,第一営業部,第三課,2023,202309,2Q,100001,売上高,S005,確定,612213874,483436687
20240109,大広,クリエイティブ統括,第二営業部,推進課,2023,202401,4Q,100001,売上高,S001,通常,104795585,79873213
20241225,大広,管理統括,総務部,運用課,2024,202412,3Q,400001,媒体手数料収入,S004,見込,567638870,485556342
20240926,博報堂プロダクツ,デジタル統括,総務部,推進課,2024,202409,2Q,200002,経費,S004,見込,137232786,199876067
20230624,博報堂プロダクツ,デジタル統括,人事部,企画課,2023,202306,1Q,400002,制作収入,S005,確定,334249311,280015480
20241023,博報堂DYメディアパートナーズ,メディア統括,デジタルマーケティング部,管理課,2024,202410,3Q,100001,売上高,S004,見込,228991959,249264881
20240406,読売広告社,クリエイティブ統括,第一営業部,第二課,2024,202404,1Q,500002,媒体社リベート,S004,見込,245391637,238906435
20230524,博報堂,メディア統括,メディアプランニング部,企画課,2023,202305,1Q,100003,売上総利益,S002,特別,584197601,471562401
20240723,大広,メディア統括,財務経理部,第三課,2024,202407,2Q,200002,経費,S003,調整,331558881,336241024
20240128,博報堂DYメディアパートナーズ,クリエイティブ統括,クリエイティブ部,運用課,2023,202401,4Q,500002,媒体社リベート,S001,通常,226429520,307415951
20230812,博報堂プロダクツ,営業統括,総務部,推進課,2023,202308,2Q,500002,媒体社リベート,S003,調整,1294817,1618435
20240726,大広,クリエイティブ統括,デジタルマーケティング部,第三課,2024,202407,2Q,300002,経常利益,S004,見込,170966129,130376560
20250323,大広,メディア統括,第一営業部,運用課,2024,202503,4Q,400002,制作収入,S003,調整,74475606,112883312
20241216,博報堂プロダクツ,クリエイティブ統括,第二営業部,企画課,2024,202412,3Q,200002,経費,S005,確定,492181835,425750689
20230922,大広,管理統括,人事部,企画課,2023,202309,2Q,300002,経常利益,S004,見込,222233139,178388600
20240514,博報堂プロダクツ,クリエイティブ統括,デジタルマーケティング部,管理課,2024,202405,1Q,400003,コンサルティング収入,S004,見込,25169393,24969345
20240917,読売広告社,メディア統括,第二営業部,第一課,2024,202409,2Q,200003,減価償却費,S003,調整,293464467,368531915
20240515,博報堂,営業統括,制作部,管理課,2024,202405,1Q,100001,売上高,S001,通常,322283930,400468082
20231002,読売広告社,クリエイティブ統括,クリエイティブ部,管理課,2023,202310,3Q,100002,売上原価,S004,見込,137097356,100524782
20241010,読売広告社,営業統括,財務経理部,第一課,2024,202410,3Q,400001,媒体手数料収入,S002,特別,210210823,177665360
20241127,博報堂,営業統括,クリエイティブ部,第一課,2024,202411,3Q,100002,売上原価,S002,特別,342669231,355451688
20240217,読売広告社,営業統括,第一営業部,運用課,2023,202402,4Q,200001,人件費,S003,調整,264463402,353788969
20240410,大広,デジタル統括,総務部,推進課,2024,202404,1Q,300002,経常利益,S001,通常,256187102,292114161
20230627,博報堂DYメディアパートナーズ,クリエイティブ統括,総務部,管理課,2023,202306,1Q,100001,売上高,S003,調整,206478603,224250958
20230913,博報堂,メディア統括,経営企画部,第一課,2023,202309,2Q,300002,経常利益,S004,見込,148946556,158308868
20240914,博報堂DYメディアパートナーズ,管理統括,総務部,第一課,2024,202409,2Q,300001,営業利益,S003,調整,528714441,446940681
20231003,読売広告社,メディア統括,人事部,管理課,2023,202310,3Q,400003,コンサルティング収入,S003,調整,242315192,309150971
20230820,博報堂プロダクツ,デジタル統括,制作部,第一課,2023,202308,2Q,300002,経常利益,S004,見込,361473827,479129272
20240428,博報堂プロダクツ,管理統括,メディアプランニング部,推進課,2024,202404,1Q,500002,媒体社リベート,S004,見込,440934898,439982885
20231026,博報堂DYメディアパートナーズ,メディア統括,第二営業部,企画課,2023,202310,3Q,300001,営業利益,S005,確定,572487242,483377868
20231115,大広,クリエイティブ統括,デジタルマーケティング部,開発課,2023,202311,3Q,200001,人件費,S003,調整,368644789,417242821
20241015,大広,メディア統括,第二営業部,企画課,2024,202410,3Q,400002,制作収入,S003,調整,269344177,333535584
20231020,博報堂,メディア統括,経営企画部,第二課,2023,202310,3Q,200001,人件費,S001,通常,295326818,228718745
20241023,博報堂DYメディアパートナーズ,管理統括,第二営業部,開発課,2024,202410,3Q,400002,制作収入,S003,調整,204146771,220248179
20240820,博報堂,管理統括,経営企画部,推進課,2024,202408,2Q,400003,コンサルティング収入,S003,調整,253649617,273673893
20241020,博報堂プロダクツ,メディア統括,デジタルマーケティング部,開発課,2024,202410,3Q,100003,売上総利益,S004,見込,396004713,304143264
20240720,博報堂DYメディアパートナーズ,クリエイティブ統括,経営企画部,運用課,2024,202407,2Q,400001,媒体手数料収入,S004,見込,460135852,424461661
20250104,博報堂プロダクツ,デジタル統括,財務経理部,管理課,2024,202501,4Q,200001,人件費,S002,特別,309866212,221927876
20241114,大広,クリエイティブ統括,第二営業部,開発課,2024,202411,3Q,400001,媒体手数料収入,S003,調整,96224868,79746240
20240322,博報堂DYメディアパートナーズ,デジタル統括,制作部,第三課,2023,202403,4Q,100003,売上総利益,S003,調整,128874217,106186117
20240121,大広,デジタル統括,財務経理部,第三課,2023,202401,4Q,200003,減価償却費,S004,見込,348100204,377422718
20240212,大広,デジタル統括,財務経理部,第三課,2023,202402,4Q,100002,売上原価,S001,通常,191692004,225581533
20231216,博報堂,管理統括,人事部,企画課,2023,202312,3Q,300002,経常利益,S001,通常,324409247,307237259
20230425,博報堂DYメディアパートナーズ,管理統括,第一営業部,企画課,2023,202304,1Q,100001,売上高,S003,調整,280431599,403974168
20230910,博報堂プロダクツ,クリエイティブ統括,クリエイティブ部,開発課,2023,202309,2Q,400001,媒体手数料収入,S002,特別,55932116,44150036
20240214,読売広告社,営業統括,第二営業部,企画課,2023,202402,4Q,300002,経常利益,S004,見込,309310220,293771864
20230428,大広,クリエイティブ統括,経営企画部,推進課,2023,202304,1Q,200001,人件費,S002,特別,105086416,81247959
20240601,大広,デジタル統括,第一営業部,第三課,2024,202406,1Q,400002,制作収入,S005,確定,296203340,243819205
20240217,読売広告社,営業統括,経営企画部,第一課,2023,202402,4Q,300002,経常利益,S003,調整,390541187,410050863
20241013,博報堂プロダクツ,クリエイティブ統括,制作部,第三課,2024,202410,3Q,400002,制作収入,S001,通常,227332765,348493983
20230808,博報堂DYメディアパートナーズ,営業統括,第二営業部,管理課,2023,202308,2Q,100001,売上高,S002,特別,312834532,342694876
20230922,読売広告社,メディア統括,第一営業部,第一課,2023,202309,2Q,500001,広告主負担金,S001,通常,332386962,281216619
20230704,博報堂DYメディアパートナーズ,営業統括,財務経理部,第三課,2023,202307,2Q,300002,経常利益,S005,確定,401524752,452926681
20230611,大広,デジタル統括,総務部,第二課,2023,202306,1Q,300002,経常利益,S003,調整,157745097,136163160
20240317,読売広告社,営業統括,デジタルマーケティング部,第三課,2023,202403,4Q,100002,売上原価,S004,見込,662652067,495834338
20240725,大広,管理統括,クリエイティブ部,第三課,2024,202407,2Q,200002,経費,S004,見込,184403936,189304455
20230402,博報堂,営業統括,第一営業部,第一課,2023,202304,1Q,500002,媒体社リベート,S005,確定,6697707,4954337
20240125,博報堂DYメディアパートナーズ,管理統括,総務部,企画課,2023,202401,4Q,100002,売上原価,S001,通常,257529528,325950036
20240607,読売広告社,デジタル統括,制作部,運用課,2024,202406,1Q,100002,売上原価,S004,見込,32848038,53861703
20230720,博報堂,メディア統括,制作部,開発課,2023,202307,2Q,200002,経費,S001,通常,191907417,145040551
20240716,博報堂プロダクツ,デジタル統括,人事部,企画課,2024,202407,2Q,400001,媒体手数料収入,S001,通常,180977287,223469983
20241022,読売広告社,メディア統括,デジタルマーケティング部,第三課,2024,202410,3Q,300002,経常利益,S004,見込,505783029,438564551
20250207,博報堂DYメディアパートナーズ,管理統括,第二営業部,推進課,2024,202502,4Q,400002,制作収入,S004,見込,293401563,466779455
20241228,博報堂DYメディアパートナーズ,デジタル統括,経営企画部,第一課,2024,202412,3Q,500001,広告主負担金,S005,確定,412267817,359686253
20240428,読売広告社,デジタル統括,デジタルマーケティング部,第三課,2024,202404,1Q,400002,制作収入,S004,見込,45539045,67401417
20241220,博報堂DYメディアパートナーズ,デジタル統括,第一営業部,第一課,2024,202412,3Q,200001,人件費,S005,確定,353819619,363223501
20250107,博報堂DYメディアパートナーズ,メディア統括,財務経理部,開発課,2024,202501,4Q,200003,減価償却費,S002,特別,275668193,371395580
20240912,博報堂,デジタル統括,第一営業部,第二課,2024,202409,2Q,100002,売上原価,S003,調整,223633527,356936840
20240313,博報堂プロダクツ,管理統括,第二営業部,企画課,2023,202403,4Q,100002,売上原価,S004,見込,305645966,296692798
20241109,博報堂,デジタル統括,総務部,第二課,2024,202411,3Q,100002,売上原価,S001,通常,137858284,216547961
20250219,大広,営業統括,経営企画部,企画課,2024,202502,4Q,500001,広告主負担金,S005,確定,51765606,74016818
20250204,博報堂DYメディアパートナーズ,デジタル統括,人事部,第二課,2024,202502,4Q,200002,経費,S005,確定,207845472,229693251
20240819,大広,管理統括,デジタルマーケティング部,管理課,2024,202408,2Q,400001,媒体手数料収入,S001,通常,45379472,34507357
20240603,博報堂,デジタル統括,第一営業部,第三課,2024,202406,1Q,500002,媒体社リベート,S005,確定,249768214,268665074
20230501,大広,デジタル統括,デジタルマーケティング部,推進課,2023,202305,1Q,400002,制作収入,S004,見込,163020804,188318539
20241013,博報堂DYメディアパートナーズ,営業統括,メディアプランニング部,開発課,2024,202410,3Q,200002,経費,S001,通常,367697362,430773355
20230428,読売広告社,クリエイティブ統括,総務部,第一課,2023,202304,1Q,500001,広告主負担金,S005,確定,311557871,257675969
20240802,読売広告社,管理統括,メディアプランニング部,第一課,2024,202408,2Q,400002,制作収入,S003,調整,101674489,96286372
20240419,大広,営業統括,クリエイティブ部,第三課,2024,202404,1Q,100002,売上原価,S003,調整,138161772,139274010
20240528,読売広告社,管理統括,総務部,企画課,2024,202405,1Q,400003,コンサルティング収入,S002,特別,254838535,355551750
20240523,博報堂プロダクツ,クリエイティブ統括,第一営業部,企画課,2024,202405,1Q,200001,人件費,S001,通常,553047670,440881887
20240807,博報堂プロダクツ,クリエイティブ統括,第一営業部,管理課,2024,202408,2Q,400001,媒体手数料収入,S004,見込,432979960,454411780
20240206,博報堂,メディア統括,総務部,企画課,2023,202402,4Q,200001,人件費,S001,通常,383655446,380886812
20240225,読売広告社,営業統括,総務部,推進課,2023,202402,4Q,200001,人件費,S003,調整,478988332,423368279
20240118,大広,メディア統括,財務経理部,開発課,2023,202401,4Q,100001,売上高,S003,調整,67662677,87322047
20241128,大広,メディア統括,人事部,第一課,2024,202411,3Q,400003,コンサルティング収入,S001,通常,199118275,286704861
20241226,博報堂,クリエイティブ統括,財務経理部,推進課,2024,202412,3Q,100001,売上高,S004,見込,236029374,169764850
20240907,博報堂プロダクツ,デジタル統括,総務部,第二課,2024,202409,2Q,100001,売上高,S003,調整,201897576,286468344
20240127,博報堂DYメディアパートナーズ,メディア統括,第一営業部,開発課,2023,202401,4Q,200003,減価償却費,S003,調整,125812750,90796485
20241209,読売広告社,管理統括,総務部,第二課,2024,202412,3Q,400001,媒体手数料収入,S002,特別,469588361,470578605
20241117,読売広告社,クリエイティブ統括,デジタルマーケティング部,第一課,2024,202411,3Q,300001,営業利益,S003,調整,159755603,115756773
20240406,読売広告社,デジタル統括,第一営業部,企画課,2024,202404,1Q,200003,減価償却費,S003,調整,411142471,427885700
20230611,博報堂,営業統括,総務部,推進課,2023,202306,1Q,300001,営業利益,S001,通常,143935492,106823768
20240321,博報堂DYメディアパートナーズ,クリエイティブ統括,経営企画部,管理課,2023,202403,4Q,300002,経常利益,S004,見込,479765841,390953766
20240615,博報堂プロダクツ,営業統括,メディアプランニング部,推進課,2024,202406,1Q,400001,媒体手数料収入,S004,見込,41299303,51543780
20241028,博報堂DYメディアパートナーズ,デジタル統括,クリエイティブ部,推進課,2024,202410,3Q,300002,経常利益,S002,特別,307721866,347908545
20241019,読売広告社,メディア統括,デジタルマーケティング部,第二課,2024,202410,3Q,100003,売上総利益,S003,調整,343646306,323023106
20250214,博報堂プロダクツ,デジタル統括,経営企画部,企画課,2024,202502,4Q,400002,制作収入,S003,調整,93800359,108570039
20240404,大広,メディア統括,人事部,第二課,2024,202404,1Q,500001,広告主負担金,S003,調整,598557021,444887970
20230919,博報堂プロダクツ,メディア統括,財務経理部,推進課,2023,202309,2Q,300001,営業利益,S004,見込,41665202,54473703
20240105,大広,デジタル統括,第二営業部,第二課,2023,202401,4Q,100002,売上原価,S005,確定,308435047,347195341
20230725,博報堂DYメディアパートナーズ,営業統括,第二営業部,企画課,2023,202307,2Q,300001,営業利益,S001,通常,373055310,381897481
20230416,博報堂プロダクツ,クリエイティブ統括,第一営業部,開発課,2023,202304,1Q,400003,コンサルティング収入,S003,調整,563760878,482528056
20241222,博報堂,メディア統括,メディアプランニング部,推進課,2024,202412,3Q,200002,経費,S004,見込,259179384,303563810
20250328,大広,管理統括,クリエイティブ部,第三課,2024,202503,4Q,300002,経常利益,S004,見込,127455831,127597907
20240528,大広,デジタル統括,総務部,第三課,2024,202405,1Q,200001,人件費,S004,見込,5803230,4301150
20250222,博報堂DYメディアパートナーズ,営業統括,制作部,企画課,2024,202502,4Q,200003,減価償却費,S004,見込,94843208,156423391
20240319,大広,管理統括,クリエイティブ部,第一課,2023,202403,4Q,100002,売上原価,S004,見込,163133921,199972503
20231202,博報堂,デジタル統括,財務経理部,第三課,2023,202312,3Q,300001,営業利益,S001,通常,224179851,279636608
20230513,博報堂プロダクツ,クリエイティブ統括,経営企画部,第二課,2023,202305,1Q,200001,人件費,S005,確定,142270555,184542520
20230919,読売広告社,営業統括,メディアプランニング部,開発課,2023,202309,2Q,200001,人件費,S005,確定,41296616,35042481
20230910,大広,デジタル統括,第一営業部,第三課,2023,202309,2Q,100001,売上高,S003,調整,397889282,351382084
20250108,大広,メディア統括,第二営業部,第一課,2024,202501,4Q,100002,売上原価,S004,見込,91034404,86638540
20250128,大広,クリエイティブ統括,人事部,運用課,2024,202501,4Q,200002,経費,S004,見込,228195514,259807063
20241109,博報堂,クリエイティブ統括,財務経理部,企画課,2024,202411,3Q,400003,コンサルティング収入,S005,確定,198342129,161127500
20231215,大広,営業統括,制作部,第二課,2023,202312,3Q,400001,媒体手数料収入,S003,調整,222327762,241361704
20240608,博報堂DYメディアパートナーズ,メディア統括,制作部,第三課,2024,202406,1Q,100003,売上総利益,S003,調整,124867014,191500880
20231028,博報堂DYメディアパートナーズ,管理統括,制作部,第二課,2023,202310,3Q,400001,媒体手数料収入,S002,特別,46185672,34193146
20240715,読売広告社,クリエイティブ統括,第一営業部,運用課,2024,202407,2Q,100002,売上原価,S002,特別,44819982,37504830
20250225,大広,デジタル統括,メディアプランニング部,推進課,2024,202502,4Q,400001,媒体手数料収入,S003,調整,156315956,132609432
20241204,博報堂,管理統括,総務部,推進課,2024,202412,3Q,300001,営業利益,S005,確定,273757894,279697281
20230620,博報堂プロダクツ,メディア統括,第二営業部,第二課,2023,202306,1Q,300001,営業利益,S001,通常,124562032,186143463
20230411,博報堂DYメディアパートナーズ,デジタル統括,制作部,第三課,2023,202304,1Q,500002,媒体社リベート,S004,見込,400753801,346349123
20231019,大広,クリエイティブ統括,メディアプランニング部,第二課,2023,202310,3Q,400003,コンサルティング収入,S005,確定,54458135,55251694
20230506,博報堂DYメディアパートナーズ,管理統括,メディアプランニング部,管理課,2023,202305,1Q,200003,減価償却費,S003,調整,16823626,26301373
20230815,読売広告社,デジタル統括,メディアプランニング部,推進課,2023,202308,2Q,300001,営業利益,S005,確定,551326664,430562246
20240814,博報堂,クリエイティブ統括,総務部,開発課,2024,202408,2Q,500001,広告主負担金,S005,確定,340564657,313910976
20240202,博報堂プロダクツ,メディア統括,第一営業部,開発課,2023,202402,4Q,400001,媒体手数料収入,S002,特別,33102693,49329452
20240312,読売広告社,営業統括,メディアプランニング部,第一課,2023,202403,4Q,200002,経費,S005,確定,440531279,365942280
20240202,読売広告社,クリエイティブ統括,第一営業部,推進課,2023,202402,4Q,400003,コンサルティング収入,S005,確定,303049656,473652237
20230703,博報堂プロダクツ,デジタル統括,第一営業部,開発課,2023,202307,2Q,500002,媒体社リベート,S005,確定,101233036,72392302
20240523,読売広告社,クリエイティブ統括,経営企画部,運用課,2024,202405,1Q,400003,コンサルティング収入,S001,通常,244002564,334987240
20240213,博報堂,メディア統括,財務経理部,運用課,2023,202402,4Q,100001,売上高,S005,確定,91207750,125526502
20231201,博報堂DYメディアパートナーズ,メディア統括,メディアプランニング部,管理課,2023,202312,3Q,200002,経費,S003,調整,260887930,187519478
20240428,博報堂,管理統括,人事部,管理課,2024,202404,1Q,100003,売上総利益,S005,確定,594249135,475398993
20240404,読売広告社,デジタル統括,制作部,第三課,2024,202404,1Q,200001,人件費,S004,見込,526356618,382738959
20250113,大広,デジタル統括,経営企画部,企画課,2024,202501,4Q,200001,人件費,S003,調整,50920760,55360552
20241221,博報堂,管理統括,第一営業部,企画課,2024,202412,3Q,100001,売上高,S005,確定,159244746,119665487
20230923,博報堂,デジタル統括,デジタルマーケティング部,管理課,2023,202309,2Q,100002,売上原価,S003,調整,166472860,197623826
20240202,読売広告社,デジタル統括,財務経理部,推進課,2023,202402,4Q,300001,営業利益,S001,通常,84777422,91121598
20250220,博報堂DYメディアパートナーズ,クリエイティブ統括,デジタルマーケティング部,企画課,2024,202502,4Q,400002,制作収入,S001,通常,264828493,426807761
20230628,博報堂DYメディアパートナーズ,デジタル統括,第一営業部,企画課,2023,202306,1Q,500002,媒体社リベート,S003,調整,331541190,441414810
20230504,博報堂,クリエイティブ統括,デジタルマーケティング部,推進課,2023,202305,1Q,500002,媒体社リベート,S003,調整,204345431,296153473
20230905,読売広告社,クリエイティブ統括,メディアプランニング部,管理課,2023,202309,2Q,100001,売上高,S002,特別,397020610,306205907
20231215,大広,クリエイティブ統括,メディアプランニング部,推進課,2023,202312,3Q,300002,経常利益,S002,特別,72286898,99937333
20240717,博報堂,メディア統括,クリエイティブ部,運用課,2024,202407,2Q,500002,媒体社リベート,S002,特別,362885407,342618082
20230721,博報堂プロダクツ,メディア統括,第二営業部,第二課,2023,202307,2Q,100003,売上総利益,S003,調整,364709776,267307686
20240912,大広,メディア統括,経営企画部,第一課,2024,202409,2Q,300001,営業利益,S001,通常,161221922,200107128
20250114,博報堂プロダクツ,メディア統括,第一営業部,第二課,2024,202501,4Q,100001,売上高,S005,確定,274494287,259224973
20230715,大広,管理統括,クリエイティブ部,第一課,2023,202307,2Q,300002,経常利益,S003,調整,340943620,482814145
20240408,大広,メディア統括,財務経理部,開発課,2024,202404,1Q,500002,媒体社リベート,S003,調整,264676027,327407974
20230623,大広,営業統括,第二営業部,推進課,2023,202306,1Q,400001,媒体手数料収入,S002,特別,327299324,404196077
20240114,博報堂DYメディアパートナーズ,営業統括,経営企画部,推進課,2023,202401,4Q,100002,売上原価,S003,調整,49146081,71196197
20231127,博報堂プロダクツ,メディア統括,デジタルマーケティング部,第一課,2023,202311,3Q,400003,コンサルティング収入,S004,見込,158835313,219938349
20241010,博報堂,メディア統括,人事部,開発課,2024,202410,3Q,200002,経費,S001,通常,163311943,269742476
20250205,博報堂DYメディアパートナーズ,デジタル統括,財務経理部,管理課,2024,202502,4Q,200002,経費,S002,特別,253314707,213731234
20250112,博報堂,管理統括,総務部,運用課,2024,202501,4Q,100003,売上総利益,S003,調整,66422736,94147679
20241119,博報堂DYメディアパートナーズ,管理統括,財務経理部,第二課,2024,202411,3Q,300001,営業利益,S003,調整,178212993,239066023
20250124,博報堂プロダクツ,管理統括,財務経理部,開発課,2024,202501,4Q,200003,減価償却費,S004,見込,163992762,225988825
20240806,博報堂プロダクツ,営業統括,第一営業部,第三課,2024,202408,2Q,400001,媒体手数料収入,S003,調整,189882811,136722971
20231008,大広,メディア統括,クリエイティブ部,開発課,2023,202310,3Q,100002,売上原価,S004,見込,204515948,222392674
20230820,大広,メディア統括,経営企画部,管理課,2023,202308,2Q,500002,媒体社リベート,S001,通常,27193339,30678757
20240625,博報堂プロダクツ,管理統括,デジタルマーケティング部,第三課,2024,202406,1Q,100003,売上総利益,S003,調整,40342091,61267083
20240704,博報堂プロダクツ,クリエイティブ統括,経営企画部,企画課,2024,202407,2Q,100003,売上総利益,S001,通常,204321661,254554644
20241016,博報堂プロダクツ,管理統括,総務部,推進課,2024,202410,3Q,300002,経常利益,S001,通常,553659025,457415200
20241118,博報堂プロダクツ,デジタル統括,経営企画部,推進課,2024,202411,3Q,400003,コンサルティング収入,S004,見込,50419651,79411138
20240313,大広,クリエイティブ統括,第一営業部,第三課,2023,202403,4Q,100003,売上総利益,S005,確定,239323664,260521651
20240106,大広,管理統括,クリエイティブ部,第三課,2023,202401,4Q,200001,人件費,S001,通常,163204435,127494648
20250125,博報堂プロダクツ,管理統括,人事部,企画課,2024,202501,4Q,100001,売上高,S004,見込,256103801,310360486
20230612,大広,管理統括,第二営業部,管理課,2023,202306,1Q,200002,経費,S003,調整,556041502,463629545
20230425,博報堂プロダクツ,デジタル統括,経営企画部,開発課,2023,202304,1Q,500002,媒体社リベート,S001,通常,205486678,227209202
20250118,大広,営業統括,総務部,第二課,2024,202501,4Q,400003,コンサルティング収入,S005,確定,234487300,192372869
20240706,博報堂,メディア統括,総務部,管理課,2024,202407,2Q,300002,経常利益,S003,調整,223982863,341879224
20240824,博報堂DYメディアパートナーズ,メディア統括,経営企画部,運用課,2024,202408,2Q,100002,売上原価,S003,調整,476195934,418032706
20231113,博報堂プロダクツ,営業統括,総務部,推進課,2023,202311,3Q,500002,媒体社リベート,S004,見込,3169216,2964845
20231223,大広,メディア統括,第一営業部,管理課,2023,202312,3Q,400003,コンサルティング収入,S001,通常,230924254,297407840
20230607,博報堂,営業統括,第二営業部,管理課,2023,202306,1Q,400001,媒体手数料収入,S001,通常,346245187,392554581
20240714,博報堂DYメディアパートナーズ,管理統括,財務経理部,推進課,2024,202407,2Q,300002,経常利益,S002,特別,116508913,113776451
20230918,博報堂プロダクツ,クリエイティブ統括,メディアプランニング部,運用課,2023,202309,2Q,500002,媒体社リベート,S001,通常,236721566,215856700
20231023,博報堂プロダクツ,デジタル統括,第二営業部,第一課,2023,202310,3Q,200002,経費,S001,通常,337904769,254042268
20240902,博報堂,メディア統括,第二営業部,運用課,2024,202409,2Q,100001,売上高,S005,確定,14679922,20184314
20240920,博報堂,デジタル統括,クリエイティブ部,推進課,2024,202409,2Q,400001,媒体手数料収入,S001,通常,446346372,445930687
20231218,博報堂DYメディアパートナーズ,クリエイティブ統括,第一営業部,第三課,2023,202312,3Q,100003,売上総利益,S002,特別,621424650,488967901
20240101,博報堂,メディア統括,総務部,推進課,2023,202401,4Q,300002,経常利益,S004,見込,47295684,55720036
20250204,読売広告社,クリエイティブ統括,クリエイティブ部,第一課,2024,202502,4Q,400003,コンサルティング収入,S005,確定,99589882,95367133
20231127,博報堂,営業統括,デジタルマーケティング部,開発課,2023,202311,3Q,200002,経費,S005,確定,246037480,208207967
20230616,大広,クリエイティブ統括,メディアプランニング部,第一課,2023,202306,1Q,100001,売上高,S002,特別,465337836,436014263
20250316,博報堂,デジタル統括,デジタルマーケティング部,企画課,2024,202503,4Q,300002,経常利益,S004,見込,5836292,4760442
20230808,大広,メディア統括,人事部,推進課,2023,202308,2Q,200001,人件費,S003,調整,116909962,186796922
20241027,読売広告社,デジタル統括,経営企画部,第一課,2024,202410,3Q,200002,経費,S004,見込,266520185,285237753
20241019,博報堂DYメディアパートナーズ,メディア統括,人事部,運用課,2024,202410,3Q,100003,売上総利益,S005,確定,382073202,307582844
20231217,大広,管理統括,総務部,第三課,2023,202312,3Q,400002,制作収入,S002,特別,181000782,170014446
20231109,博報堂DYメディアパートナーズ,営業統括,財務経理部,第三課,2023,202311,3Q,200001,人件費,S001,通常,427168717,420493575
20230826,博報堂DYメディアパートナーズ,営業統括,第一営業部,開発課,2023,202308,2Q,300001,営業利益,S002,特別,322381322,424898962
20241023,読売広告社,メディア統括,メディアプランニング部,第三課,2024,202410,3Q,200001,人件費,S005,確定,184599736,149602878
20240717,博報堂DYメディアパートナーズ,デジタル統括,財務経理部,開発課,2024,202407,2Q,100003,売上総利益,S002,特別,510463145,388556843
20240623,博報堂プロダクツ,管理統括,第一営業部,開発課,2024,202406,1Q,400003,コンサルティング収入,S005,確定,239189741,358553515
20240308,読売広告社,メディア統括,第二営業部,管理課,2023,202403,4Q,500002,媒体社リベート,S002,特別,148416954,162701272
20230807,読売広告社,メディア統括,メディアプランニング部,管理課,2023,202308,2Q,500001,広告主負担金,S002,特別,66033022,61935708
20240602,読売広告社,管理統括,制作部,第三課,2024,202406,1Q,200001,人件費,S002,特別,212988939,185773602
20231109,博報堂DYメディアパートナーズ,管理統括,クリエイティブ部,第三課,2023,202311,3Q,200001,人件費,S001,通常,349335096,301439382
20250212,博報堂プロダクツ,クリエイティブ統括,総務部,推進課,2024,202502,4Q,100003,売上総利益,S001,通常,416078963,485072435
20230526,博報堂,クリエイティブ統括,デジタルマーケティング部,開発課,2023,202305,1Q,400003,コンサルティング収入,S003,調整,526260819,438059576
20231204,博報堂プロダクツ,デジタル統括,制作部,運用課,2023,202312,3Q,200002,経費,S005,確定,56021594,45171327
20230502,博報堂,クリエイティブ統括,クリエイティブ部,管理課,2023,202305,1Q,200001,人件費,S004,見込,242339479,247192393
20230421,博報堂,メディア統括,財務経理部,第三課,2023,202304,1Q,300001,営業利益,S003,調整,229257748,375049696
20250108,読売広告社,管理統括,メディアプランニング部,開発課,2024,202501,4Q,400002,制作収入,S004,見込,475367985,398701864
20250128,博報堂DYメディアパートナーズ,管理統括,人事部,第二課,2024,202501,4Q,400001,媒体手数料収入,S001,通常,162517755,157723599
20230915,博報堂プロダクツ,管理統括,メディアプランニング部,運用課,2023,202309,2Q,500002,媒体社リベート,S003,調整,54096315,83212233
20230508,博報堂,クリエイティブ統括,制作部,第二課,2023,202305,1Q,200002,経費,S005,確定,195702395,140187697
20241012,読売広告社,デジタル統括,人事部,開発課,2024,202410,3Q,100003,売上総利益,S002,特別,231510636,190655381
20240211,大広,メディア統括,第一営業部,運用課,2023,202402,4Q,400002,制作収入,S004,見込,291234159,453145254
20230415,博報堂DYメディアパートナーズ,クリエイティブ統括,人事部,推進課,2023,202304,1Q,500001,広告主負担金,S002,特別,343933032,271952538
20250119,博報堂,管理統括,財務経理部,開発課,2024,202501,4Q,300002,経常利益,S005,確定,210264108,322395701
20231128,博報堂DYメディアパートナーズ,管理統括,クリエイティブ部,運用課,2023,202311,3Q,400003,コンサルティング収入,S002,特別,17617294,14444970
20230704,大広,メディア統括,財務経理部,第一課,2023,202307,2Q,500001,広告主負担金,S003,調整,213321829,308515325
20241227,大広,デジタル統括,財務経理部,第二課,2024,202412,3Q,200001,人件費,S001,通常,201279861,268052671
20240409,博報堂DYメディアパートナーズ,営業統括,総務部,管理課,2024,202404,1Q,100002,売上原価,S003,調整,440445034,420214131
20230912,博報堂プロダクツ,デジタル統括,デジタルマーケティング部,管理課,2023,202309,2Q,200003,減価償却費,S004,見込,233952054,197956964
20231227,博報堂,デジタル統括,第一営業部,運用課,2023,202312,3Q,400001,媒体手数料収入,S001,通常,265631847,352548161
20240408,博報堂,デジタル統括,第二営業部,第三課,2024,202404,1Q,100001,売上高,S004,見込,226196828,225220030
20240626,大広,営業統括,人事部,企画課,2024,202406,1Q,100001,売上高,S003,調整,205893163,194878256
20240407,大広,管理統括,デジタルマーケティング部,第一課,2024,202404,1Q,300001,営業利益,S003,調整,361420784,480004546
20231021,読売広告社,営業統括,第一営業部,企画課,2023,202310,3Q,200001,人件費,S004,見込,72357917,78845723
20240406,読売広告社,デジタル統括,デジタルマーケティング部,企画課,2024,202404,1Q,100003,売上総利益,S001,通常,328092975,374863742
20240908,読売広告社,管理統括,経営企画部,第三課,2024,202409,2Q,400003,コンサルティング収入,S003,調整,310720116,325639396
20240304,博報堂DYメディアパートナーズ,メディア統括,第二営業部,企画課,2023,202403,4Q,400002,制作収入,S003,調整,379558484,417085203
20240414,読売広告社,デジタル統括,第二営業部,第三課,2024,202404,1Q,300002,経常利益,S001,通常,112804206,95725651
20240213,大広,営業統括,第一営業部,運用課,2023,202402,4Q,300002,経常利益,S002,特別,255253587,395356486
20230828,読売広告社,クリエイティブ統括,第一営業部,第三課,2023,202308,2Q,100003,売上総利益,S003,調整,21310939,23816160
20231101,大広,メディア統括,財務経理部,推進課,2023,202311,3Q,200001,人件費,S001,通常,54346790,49733403
20240615,読売広告社,管理統括,メディアプランニング部,開発課,2024,202406,1Q,200003,減価償却費,S004,見込,581153232,492879756
20240925,大広,営業統括,経営企画部,第一課,2024,202409,2Q,400003,コンサルティング収入,S005,確定,239063615,360082074
20231215,大広,管理統括,財務経理部,管理課,2023,202312,3Q,400003,コンサルティング収入,S003,調整,349742871,332675822
20241116,大広,管理統括,経営企画部,管理課,2024,202411,3Q,500002,媒体社リベート,S004,見込,276293268,341503865
20240214,博報堂プロダクツ,クリエイティブ統括,デジタルマーケティング部,第三課,2023,202402,4Q,200001,人件費,S003,調整,351107442,314043617
20231210,読売広告社,管理統括,人事部,第三課,2023,202312,3Q,300001,営業利益,S002,特別,493289109,441338221
20240616,博報堂DYメディアパートナーズ,クリエイティブ統括,第二営業部,運用課,2024,202406,1Q,400002,制作収入,S005,確定,200457052,145931734
20250220,博報堂,管理統括,メディアプランニング部,第三課,2024,202502,4Q,300002,経常利益,S004,見込,98322918,77820375
20231206,読売広告社,クリエイティブ統括,第二営業部,第二課,2023,202312,3Q,100001,売上高,S002,特別,10773083,8165560
20250217,博報堂,営業統括,人事部,運用課,2024,202502,4Q,100001,売上高,S004,見込,19915810,24659859
20240111,大広,管理統括,メディアプランニング部,企画課,2023,202401,4Q,100003,売上総利益,S003,調整,366643150,347120378
20230412,博報堂DYメディアパートナーズ,営業統括,クリエイティブ部,第二課,2023,202304,1Q,200001,人件費,S001,通常,236268501,177636404
20240618,読売広告社,クリエイティブ統括,デジタルマーケティング部,第三課,2024,202406,1Q,200002,経費,S005,確定,183316901,277024625
20240818,博報堂プロダクツ,デジタル統括,制作部,第三課,2024,202408,2Q,200001,人件費,S003,調整,63052656,79718964
20230621,博報堂,メディア統括,メディアプランニング部,推進課,2023,202306,1Q,400001,媒体手数料収入,S005,確定,191841030,210803134
20240925,博報堂プロダクツ,メディア統括,メディアプランニング部,第三課,2024,202409,2Q,400001,媒体手数料収入,S005,確定,250647642,351384957
20240615,博報堂DYメディアパートナーズ,営業統括,第二営業部,推進課,2024,202406,1Q,500001,広告主負担金,S004,見込,408775152,298166208
20241018,博報堂DYメディアパートナーズ,クリエイティブ統括,総務部,推進課,2024,202410,3Q,400002,制作収入,S004,見込,428804562,452728602
20240714,博報堂DYメディアパートナーズ,営業統括,総務部,第一課,2024,202407,2Q,400002,制作収入,S002,特別,476385612,427261269
20231027,大広,営業統括,人事部,第一課,2023,202310,3Q,300002,経常利益,S002,特別,259601264,249227021
20230412,博報堂プロダクツ,営業統括,経営企画部,第三課,2023,202304,1Q,400003,コンサルティング収入,S005,確定,268583702,441870545
20240307,博報堂,クリエイティブ統括,人事部,第二課,2023,202403,4Q,500001,広告主負担金,S002,特別,599295853,429729869
20231016,博報堂DYメディアパートナーズ,クリエイティブ統括,総務部,運用課,2023,202310,3Q,400003,コンサルティング収入,S002,特別,450536336,364713888
20240107,博報堂,管理統括,制作部,第三課,2023,202401,4Q,200001,人件費,S004,見込,46898710,45308353
20231003,博報堂,クリエイティブ統括,メディアプランニング部,開発課,2023,202310,3Q,100001,売上高,S005,確定,76777369,103411418
20230908,博報堂プロダクツ,デジタル統括,第二営業部,推進課,2023,202309,2Q,100002,売上原価,S001,通常,472486393,355049352
20230726,博報堂プロダクツ,デジタル統括,財務経理部,第三課,2023,202307,2Q,300002,経常利益,S003,調整,380968810,299644904
20240718,大広,デジタル統括,クリエイティブ部,第一課,2024,202407,2Q,300002,経常利益,S003,調整,121987390,93248779
20241204,読売広告社,営業統括,総務部,管理課,2024,202412,3Q,400003,コンサルティング収入,S005,確定,290509704,305373665
20240326,博報堂,クリエイティブ統括,第一営業部,運用課,2023,202403,4Q,400003,コンサルティング収入,S004,見込,87254419,136323586
20240428,博報堂プロダクツ,デジタル統括,クリエイティブ部,第二課,2024,202404,1Q,300002,経常利益,S001,通常,21285053,20754819
20240309,読売広告社,クリエイティブ統括,第一営業部,第三課,2023,202403,4Q,300001,営業利益,S001,通常,185634601,238854081
20231211,博報堂,メディア統括,第二営業部,第二課,2023,202312,3Q,100003,売上総利益,S001,通常,406176641,462495793
20241120,大広,管理統括,人事部,推進課,2024,202411,3Q,500001,広告主負担金,S001,通常,201985274,274780318
20250202,博報堂プロダクツ,クリエイティブ統括,経営企画部,開発課,2024,202502,4Q,100003,売上総利益,S005,確定,50724749,39624273
20241012,博報堂DYメディアパートナーズ,デジタル統括,人事部,第二課,2024,202410,3Q,100001,売上高,S003,調整,174949089,168116755
20241007,大広,メディア統括,メディアプランニング部,第三課,2024,202410,3Q,500002,媒体社リベート,S003,調整,335322745,251251882
20230809,博報堂プロダクツ,営業統括,経営企画部,第二課,2023,202308,2Q,400003,コンサルティング収入,S001,通常,364669937,281337343
20231008,博報堂プロダクツ,管理統括,デジタルマーケティング部,開発課,2023,202310,3Q,100003,売上総利益,S002,特別,301885987,258083171
20250303,博報堂,デジタル統括,制作部,推進課,2024,202503,4Q,400001,媒体手数料収入,S005,確定,325749221,367844284
20241113,読売広告社,クリエイティブ統括,第二営業部,第二課,2024,202411,3Q,400003,コンサルティング収入,S003,調整,53711486,76596561
20231024,読売広告社,デジタル統括,第二営業部,企画課,2023,202310,3Q,400001,媒体手数料収入,S003,調整,12702910,10378606
20250114,読売広告社,クリエイティブ統括,メディアプランニング部,管理課,2024,202501,4Q,200001,人件費,S005,確定,365628962,283681338
20240616,大広,デジタル統括,第二営業部,第三課,2024,202406,1Q,200002,経費,S001,通常,176650738,230846600
20231107,博報堂,クリエイティブ統括,第二営業部,第一課,2023,202311,3Q,400002,制作収入,S003,調整,158331539,166652127
20240911,博報堂DYメディアパートナーズ,メディア統括,総務部,開発課,2024,202409,2Q,100001,売上高,S001,通常,515750944,472289440
20230924,大広,メディア統括,総務部,管理課,2023,202309,2Q,300001,営業利益,S002,特別,119427878,111337058
20240406,博報堂,管理統括,第二営業部,推進課,2024,202404,1Q,100003,売上総利益,S002,特別,375654512,470537496
20231114,読売広告社,メディア統括,第二営業部,管理課,2023,202311,3Q,400002,制作収入,S001,通常,194092398,209324404
20230925,博報堂,管理統括,第二営業部,第二課,2023,202309,2Q,500001,広告主負担金,S002,特別,165443173,177826439
20230420,博報堂DYメディアパートナーズ,デジタル統括,第一営業部,第二課,2023,202304,1Q,100003,売上総利益,S002,特別,272472684,286967935
20230711,読売広告社,デジタル統括,メディアプランニング部,企画課,2023,202307,2Q,500002,媒体社リベート,S001,通常,17685802,22458197
20231215,博報堂DYメディアパートナーズ,メディア統括,制作部,第一課,2023,202312,3Q,500001,広告主負担金,S002,特別,39381445,64930297
20240928,博報堂DYメディアパートナーズ,管理統括,制作部,開発課,2024,202409,2Q,100001,売上高,S004,見込,255275285,365012431
20240207,博報堂DYメディアパートナーズ,メディア統括,クリエイティブ部,第一課,2023,202402,4Q,500002,媒体社リベート,S005,確定,324153733,358273138
20240807,博報堂,メディア統括,経営企画部,管理課,2024,202408,2Q,100001,売上高,S005,確定,22980664,17454814
20240201,大広,クリエイティブ統括,人事部,第二課,2023,202402,4Q,400001,媒体手数料収入,S001,通常,13827296,12340757
20230806,読売広告社,クリエイティブ統括,経営企画部,開発課,2023,202308,2Q,500002,媒体社リベート,S005,確定,151225723,132786543
20230625,博報堂DYメディアパートナーズ,メディア統括,財務経理部,企画課,2023,202306,1Q,100003,売上総利益,S004,見込,246242272,201823779
20230415,博報堂,メディア統括,デジタルマーケティング部,第一課,2023,202304,1Q,400002,制作収入,S001,通常,376597229,271281199
20231118,大広,デジタル統括,財務経理部,第三課,2023,202311,3Q,100003,売上総利益,S001,通常,28112569,33177825
20230519,博報堂プロダクツ,営業統括,経営企画部,管理課,2023,202305,1Q,400001,媒体手数料収入,S005,確定,377373380,279613007
20240527,博報堂プロダクツ,営業統括,第二営業部,第三課,2024,202405,1Q,400001,媒体手数料収入,S001,通常,363931149,437156619
20240703,博報堂,営業統括,デジタルマーケティング部,第三課,2024,202407,2Q,100001,売上高,S005,確定,300369629,214704130
20231227,読売広告社,クリエイティブ統括,人事部,第一課,2023,202312,3Q,400001,媒体手数料収入,S005,確定,284614257,401794060
20240124,博報堂,管理統括,メディアプランニング部,第一課,2023,202401,4Q,300001,営業利益,S004,見込,258020937,395401145
20240710,博報堂,メディア統括,経営企画部,第三課,2024,202407,2Q,100002,売上原価,S003,調整,463832914,336346738
20250120,大広,管理統括,人事部,開発課,2024,202501,4Q,300002,経常利益,S004,見込,585459919,451143738
20240220,博報堂プロダクツ,メディア統括,制作部,第一課,2023,202402,4Q,100001,売上高,S003,調整,244015254,207937979
20240516,大広,デジタル統括,第二営業部,運用課,2024,202405,1Q,100001,売上高,S001,通常,221743981,165900686
20240727,博報堂DYメディアパートナーズ,クリエイティブ統括,クリエイティブ部,管理課,2024,202407,2Q,300001,営業利益,S001,通常,497709769,494950500
20231220,博報堂プロダクツ,管理統括,財務経理部,開発課,2023,202312,3Q,100002,売上原価,S003,調整,174241151,247516180
20231210,読売広告社,営業統括,総務部,推進課,2023,202312,3Q,100003,売上総利益,S003,調整,259659989,301460503
20240925,博報堂プロダクツ,管理統括,メディアプランニング部,企画課,2024,202409,2Q,300002,経常利益,S005,確定,128888452,137461182
20250213,大広,管理統括,人事部,開発課,2024,202502,4Q,300002,経常利益,S005,確定,215954823,188526711
20230716,博報堂プロダクツ,営業統括,総務部,推進課,2023,202307,2Q,100002,売上原価,S001,通常,549880512,479667055
20240402,博報堂,デジタル統括,人事部,第三課,2024,202404,1Q,300002,経常利益,S002,特別,240270950,368310888
20231103,読売広告社,メディア統括,第二営業部,運用課,2023,202311,3Q,200001,人件費,S002,特別,155007927,156204671
20240117,博報堂,デジタル統括,制作部,企画課,2023,202401,4Q,100002,売上原価,S001,通常,22340271,33187033
20240107,博報堂DYメディアパートナーズ,デジタル統括,経営企画部,第一課,2023,202401,4Q,300002,経常利益,S002,特別,41848182,32765993
20230421,博報堂プロダクツ,管理統括,クリエイティブ部,第三課,2023,202304,1Q,300002,経常利益,S003,調整,157407771,174842793
20240508,博報堂,管理統括,経営企画部,推進課,2024,202405,1Q,200003,減価償却費,S005,確定,469788442,360489674
20240221,博報堂プロダクツ,管理統括,財務経理部,第三課,2023,202402,4Q,400001,媒体手数料収入,S004,見込,601912735,494433610
20240620,博報堂,営業統括,デジタルマーケティング部,管理課,2024,202406,1Q,400001,媒体手数料収入,S001,通常,59732282,73569601
20230828,読売広告社,管理統括,メディアプランニング部,推進課,2023,202308,2Q,100003,売上総利益,S001,通常,177116470,276847148
20240510,博報堂プロダクツ,営業統括,第一営業部,企画課,2024,202405,1Q,100002,売上原価,S002,特別,323595468,370879404
20230905,博報堂DYメディアパートナーズ,管理統括,クリエイティブ部,開発課,2023,202309,2Q,300002,経常利益,S001,通常,533591369,453296870
20240805,博報堂,メディア統括,経営企画部,第三課,2024,202408,2Q,200001,人件費,S002,特別,248875602,413851171
20241213,博報堂DYメディアパートナーズ,管理統括,メディアプランニング部,運用課,2024,202412,3Q,100001,売上高,S001,通常,267796713,196444141
20231007,博報堂DYメディアパートナーズ,クリエイティブ統括,総務部,運用課,2023,202310,3Q,200002,経費,S001,通常,238274437,176003993
20240505,博報堂,管理統括,経営企画部,管理課,2024,202405,1Q,400003,コンサルティング収入,S002,特別,535142288,414605589
20240925,博報堂プロダクツ,メディア統括,総務部,企画課,2024,202409,2Q,400001,媒体手数料収入,S004,見込,67305885,106482623
20241203,博報堂DYメディアパートナーズ,デジタル統括,第二営業部,開発課,2024,202412,3Q,500001,広告主負担金,S005,確定,211656050,345005054
20231217,博報堂プロダクツ,管理統括,メディアプランニング部,第三課,2023,202312,3Q,200001,人件費,S002,特別,446636205,319785235
20240214,大広,営業統括,総務部,第一課,2023,202402,4Q,300001,営業利益,S004,見込,410042595,392078929
20231223,博報堂プロダクツ,メディア統括,第一営業部,開発課,2023,202312,3Q,200003,減価償却費,S002,特別,66923539,66480735
20250221,大広,クリエイティブ統括,総務部,開発課,2024,202502,4Q,500001,広告主負担金,S002,特別,258602925,214928717
20240305,博報堂プロダクツ,クリエイティブ統括,財務経理部,第一課,2023,202403,4Q,400001,媒体手数料収入,S004,見込,356076369,308615481
20230820,大広,管理統括,総務部,推進課,2023,202308,2Q,200003,減価償却費,S001,通常,122446735,169222927
20240408,博報堂,管理統括,第二営業部,第三課,2024,202404,1Q,200003,減価償却費,S005,確定,143584079,185426225
20240221,大広,クリエイティブ統括,財務経理部,運用課,2023,202402,4Q,200003,減価償却費,S005,確定,131807009,117691672
20250202,博報堂プロダクツ,メディア統括,総務部,管理課,2024,202502,4Q,400003,コンサルティング収入,S004,見込,31713013,28981182
20240203,博報堂プロダクツ,クリエイティブ統括,クリエイティブ部,開発課,2023,202402,4Q,200003,減価償却費,S005,確定,166738731,198792045
20240323,博報堂DYメディアパートナーズ,メディア統括,メディアプランニング部,推進課,2023,202403,4Q,100002,売上原価,S005,確定,277727020,268034751
20240917,大広,管理統括,財務経理部,推進課,2024,202409,2Q,500002,媒体社リベート,S005,確定,323248211,301339658
20231217,読売広告社,デジタル統括,総務部,企画課,2023,202312,3Q,400003,コンサルティング収入,S001,通常,43467564,34791260
20241128,博報堂DYメディアパートナーズ,クリエイティブ統括,制作部,運用課,2024,202411,3Q,200003,減価償却費,S004,見込,588442682,460544262
20230707,博報堂DYメディアパートナーズ,営業統括,制作部,開発課,2023,202307,2Q,500002,媒体社リベート,S002,特別,403654007,322877304
20241013,博報堂プロダクツ,クリエイティブ統括,第二営業部,推進課,2024,202410,3Q,100002,売上原価,S004,見込,454973709,367662858
20230724,大広,メディア統括,デジタルマーケティング部,開発課,2023,202307,2Q,200001,人件費,S004,見込,485700494,469971368
20250219,博報堂プロダクツ,デジタル統括,第一営業部,運用課,2024,202502,4Q,200001,人件費,S004,見込,340706993,313002093
20250103,大広,メディア統括,クリエイティブ部,第二課,2024,202501,4Q,500002,媒体社リベート,S004,見込,175055823,173424171
20240423,博報堂DYメディアパートナーズ,クリエイティブ統括,経営企画部,第二課,2024,202404,1Q,100003,売上総利益,S002,特別,331019746,407550177
20231216,読売広告社,メディア統括,デジタルマーケティング部,企画課,2023,202312,3Q,400003,コンサルティング収入,S001,通常,333074842,262322266
20231120,読売広告社,メディア統括,総務部,第一課,2023,202311,3Q,400002,制作収入,S005,確定,420780955,337855455
20230417,博報堂DYメディアパートナーズ,営業統括,経営企画部,運用課,2023,202304,1Q,200003,減価償却費,S004,見込,59858089,89795089
20240114,大広,メディア統括,メディアプランニング部,第三課,2023,202401,4Q,500001,広告主負担金,S004,見込,17227548,20756097
20250206,大広,デジタル統括,経営企画部,第三課,2024,202502,4Q,300001,営業利益,S001,通常,20991337,19453527
20240719,大広,営業統括,メディアプランニング部,運用課,2024,202407,2Q,100002,売上原価,S005,確定,358860078,464122741
20240124,博報堂,クリエイティブ統括,総務部,推進課,2023,202401,4Q,500002,媒体社リベート,S002,特別,191147856,252840240
20230820,大広,メディア統括,クリエイティブ部,運用課,2023,202308,2Q,100002,売上原価,S005,確定,419322643,336965000
20231218,大広,管理統括,経営企画部,第一課,2023,202312,3Q,400001,媒体手数料収入,S005,確定,179437532,265587327
20230622,博報堂DYメディアパートナーズ,メディア統括,クリエイティブ部,推進課,2023,202306,1Q,500001,広告主負担金,S003,調整,447447796,462247979
20231112,博報堂プロダクツ,営業統括,財務経理部,第二課,2023,202311,3Q,500002,媒体社リベート,S003,調整,65450183,103053498
20231104,読売広告社,クリエイティブ統括,メディアプランニング部,推進課,2023,202311,3Q,500001,広告主負担金,S001,通常,420466860,476959122
20230820,大広,管理統括,デジタルマーケティング部,開発課,2023,202308,2Q,200002,経費,S001,通常,595277734,444100165
20231119,大広,管理統括,メディアプランニング部,第三課,2023,202311,3Q,300001,営業利益,S004,見込,104538847,86786759
20241208,博報堂プロダクツ,メディア統括,クリエイティブ部,第三課,2024,202412,3Q,500002,媒体社リベート,S002,特別,57708363,76008119
20240310,博報堂DYメディアパートナーズ,デジタル統括,財務経理部,第二課,2023,202403,4Q,400002,制作収入,S004,見込,105977839,87760105
20250317,博報堂プロダクツ,営業統括,第一営業部,第三課,2024,202503,4Q,400003,コンサルティング収入,S001,通常,336887817,487363940
20240501,博報堂DYメディアパートナーズ,デジタル統括,デジタルマーケティング部,管理課,2024,202405,1Q,400001,媒体手数料収入,S002,特別,516333342,438152857
20240411,読売広告社,営業統括,クリエイティブ部,管理課,2024,202404,1Q,500002,媒体社リベート,S001,通常,348901417,410280654
20240213,博報堂プロダクツ,営業統括,人事部,運用課,2023,202402,4Q,300002,経常利益,S005,確定,235379243,215332649
20241001,大広,営業統括,クリエイティブ部,第三課,2024,202410,3Q,200002,経費,S003,調整,88381763,84967492
20241128,博報堂DYメディアパートナーズ,営業統括,クリエイティブ部,運用課,2024,202411,3Q,200001,人件費,S001,通常,34417719,32394558
20231212,博報堂プロダクツ,デジタル統括,デジタルマーケティング部,管理課,2023,202312,3Q,400003,コンサルティング収入,S005,確定,99172901,74804677
20240205,博報堂プロダクツ,管理統括,デジタルマーケティング部,運用課,2023,202402,4Q,200002,経費,S002,特別,211096023,342112479
20250326,博報堂プロダクツ,メディア統括,第二営業部,管理課,2024,202503,4Q,400001,媒体手数料収入,S004,見込,32975484,39120811
20231221,博報堂,クリエイティブ統括,クリエイティブ部,運用課,2023,202312,3Q,100002,売上原価,S005,確定,259897561,409263459
20230619,博報堂DYメディアパートナーズ,管理統括,メディアプランニング部,第三課,2023,202306,1Q,500002,媒体社リベート,S004,見込,331913018,257515683
20250106,博報堂,デジタル統括,第一営業部,開発課,2024,202501,4Q,400001,媒体手数料収入,S001,通常,455889198,485513814
20250216,博報堂DYメディアパートナーズ,管理統括,メディアプランニング部,推進課,2024,202502,4Q,200002,経費,S004,見込,174568555,163078327
20240125,博報堂DYメディアパートナーズ,管理統括,人事部,企画課,2023,202401,4Q,100001,売上高,S001,通常,290420761,459454501
20250302,博報堂DYメディアパートナーズ,クリエイティブ統括,第二営業部,開発課,2024,202503,4Q,300002,経常利益,S002,特別,414005414,384705785
20241016,博報堂,営業統括,クリエイティブ部,第三課,2024,202410,3Q,100001,売上高,S002,特別,211733688,216175251
20240419,博報堂,デジタル統括,第二営業部,開発課,2024,202404,1Q,200003,減価償却費,S004,見込,581194934,470327962
20240216,博報堂プロダクツ,管理統括,メディアプランニング部,推進課,2023,202402,4Q,100002,売上原価,S002,特別,308017665,345231606
20231022,博報堂,デジタル統括,第二営業部,開発課,2023,202310,3Q,200001,人件費,S004,見込,93955442,112856655
20230825,大広,デジタル統括,クリエイティブ部,第二課,2023,202308,2Q,400001,媒体手数料収入,S004,見込,68238547,61584132
20240614,大広,営業統括,第二営業部,第一課,2024,202406,1Q,100001,売上高,S004,見込,63631500,74977146
20230914,読売広告社,営業統括,第二営業部,第二課,2023,202309,2Q,100001,売上高,S003,調整,235210249,209387345
20231019,博報堂DYメディアパートナーズ,管理統括,経営企画部,開発課,2023,202310,3Q,200003,減価償却費,S001,通常,148777684,133436076
20230619,博報堂プロダクツ,メディア統括,第二営業部,推進課,2023,202306,1Q,400002,制作収入,S005,確定,309196052,383588799
20241026,博報堂,管理統括,第一営業部,推進課,2024,202410,3Q,200002,経費,S005,確定,342592144,478467986
20230701,博報堂DYメディアパートナーズ,メディア統括,第一営業部,第二課,2023,202307,2Q,200003,減価償却費,S005,確定,26121001,31067845
20240506,博報堂,メディア統括,財務経理部,第一課,2024,202405,1Q,400002,制作収入,S004,見込,425113866,371200171
20240412,読売広告社,メディア統括,第一営業部,開発課,2024,202404,1Q,400001,媒体手数料収入,S004,見込,281846274,457554611
20230918,博報堂,メディア統括,総務部,管理課,2023,202309,2Q,200001,人件費,S005,確定,83930598,62841815
20241114,読売広告社,管理統括,メディアプランニング部,第三課,2024,202411,3Q,500002,媒体社リベート,S002,特別,476176889,387561978
20240316,大広,管理統括,デジタルマーケティング部,管理課,2023,202403,4Q,500002,媒体社リベート,S001,通常,266440086,211017043
20240412,大広,営業統括,経営企画部,第一課,2024,202404,1Q,400002,制作収入,S003,調整,171821693,165619231
20240508,博報堂DYメディアパートナーズ,メディア統括,制作部,企画課,2024,202405,1Q,100002,売上原価,S005,確定,301427111,469519128
20240725,博報堂プロダクツ,メディア統括,メディアプランニング部,第二課,2024,202407,2Q,400001,媒体手数料収入,S005,確定,109085725,87719066
20250203,博報堂,デジタル統括,メディアプランニング部,第一課,2024,202502,4Q,500002,媒体社リベート,S001,通常,508463641,497477860
20230810,博報堂DYメディアパートナーズ,営業統括,デジタルマーケティング部,第三課,2023,202308,2Q,400002,制作収入,S002,特別,18088246,17872413
20240125,読売広告社,クリエイティブ統括,第一営業部,第一課,2023,202401,4Q,500002,媒体社リベート,S002,特別,253687845,247815653
20240110,博報堂プロダクツ,営業統括,経営企画部,企画課,2023,202401,4Q,100001,売上高,S002,特別,525288284,465294436
20230612,大広,営業統括,総務部,第二課,2023,202306,1Q,300002,経常利益,S001,通常,179674304,267945201
20250113,博報堂,デジタル統括,クリエイティブ部,運用課,2024,202501,4Q,200003,減価償却費,S004,見込,544955962,429337553
20231116,読売広告社,クリエイティブ統括,財務経理部,管理課,2023,202311,3Q,400001,媒体手数料収入,S004,見込,567963362,422014448
20230502,大広,デジタル統括,クリエイティブ部,運用課,2023,202305,1Q,200001,人件費,S005,確定,207987413,330823710
20240922,博報堂プロダクツ,デジタル統括,クリエイティブ部,第一課,2024,202409,2Q,400001,媒体手数料収入,S002,特別,63259113,67257338
20240315,博報堂DYメディアパートナーズ,管理統括,第二営業部,企画課,2023,202403,4Q,100003,売上総利益,S004,見込,39444358,49474256
20241127,読売広告社,管理統括,メディアプランニング部,第二課,2024,202411,3Q,300001,営業利益,S005,確定,241467133,233719611
20230510,大広,管理統括,第二営業部,企画課,2023,202305,1Q,500001,広告主負担金,S003,調整,161068245,265413848
20250128,大広,営業統括,財務経理部,運用課,2024,202501,4Q,200002,経費,S004,見込,386837282,301095241
20230928,博報堂DYメディアパートナーズ,メディア統括,経営企画部,推進課,2023,202309,2Q,200002,経費,S005,確定,378178631,438134864
20231021,博報堂DYメディアパートナーズ,クリエイティブ統括,第二営業部,管理課,2023,202310,3Q,500001,広告主負担金,S002,特別,501041210,433092795
20241220,博報堂DYメディアパートナーズ,クリエイティブ統括,制作部,運用課,2024,202412,3Q,300002,経常利益,S005,確定,101459205,153396896
20230514,博報堂DYメディアパートナーズ,メディア統括,制作部,第三課,2023,202305,1Q,300001,営業利益,S001,通常,222126754,181814818
20230923,博報堂DYメディアパートナーズ,管理統括,財務経理部,運用課,2023,202309,2Q,100001,売上高,S001,通常,80651622,64909743
20230726,読売広告社,クリエイティブ統括,第二営業部,第二課,2023,202307,2Q,500002,媒体社リベート,S005,確定,44993424,63537387
20230616,大広,クリエイティブ統括,制作部,運用課,2023,202306,1Q,100002,売上原価,S004,見込,253368678,410009801
20230803,大広,営業統括,財務経理部,運用課,2023,202308,2Q,200002,経費,S002,特別,94088415,75159776
20241120,読売広告社,メディア統括,クリエイティブ部,運用課,2024,202411,3Q,100001,売上高,S002,特別,403406695,309357652
20240403,大広,メディア統括,制作部,企画課,2024,202404,1Q,300002,経常利益,S004,見込,167504716,222538616
20241120,大広,メディア統括,財務経理部,第三課,2024,202411,3Q,200002,経費,S001,通常,244007877,200767880
20241111,博報堂DYメディアパートナーズ,営業統括,財務経理部,開発課,2024,202411,3Q,300001,営業利益,S004,見込,153104857,232353249
20231003,博報堂DYメディアパートナーズ,管理統括,メディアプランニング部,管理課,2023,202310,3Q,300001,営業利益,S003,調整,33797804,36921655
20230701,博報堂DYメディアパートナーズ,営業統括,財務経理部,開発課,2023,202307,2Q,400003,コンサルティング収入,S004,見込,131441404,97134302
20240604,博報堂プロダクツ,デジタル統括,制作部,企画課,2024,202406,1Q,400002,制作収入,S004,見込,113620713,156912394
20240825,大広,管理統括,制作部,運用課,2024,202408,2Q,300001,営業利益,S001,通常,163985218,144000364
20240701,読売広告社,管理統括,第二営業部,運用課,2024,202407,2Q,200002,経費,S001,通常,243028668,206056356
20241106,読売広告社,メディア統括,メディアプランニング部,管理課,2024,202411,3Q,100002,売上原価,S004,見込,408195624,418760057
20250202,大広,クリエイティブ統括,総務部,第一課,2024,202502,4Q,300002,経常利益,S005,確定,300035724,237514232
20231103,博報堂DYメディアパートナーズ,デジタル統括,制作部,管理課,2023,202311,3Q,400003,コンサルティング収入,S005,確定,356251267,381054454
20230620,博報堂プロダクツ,デジタル統括,制作部,管理課,2023,202306,1Q,400001,媒体手数料収入,S002,特別,297612965,288757564
20250315,博報堂プロダクツ,クリエイティブ統括,第一営業部,第三課,2024,202503,4Q,200003,減価償却費,S001,通常,148207539,162632366
20241208,読売広告社,営業統括,第一営業部,開発課,2024,202412,3Q,400002,制作収入,S005,確定,290686257,345979406
20240923,博報堂プロダクツ,管理統括,人事部,開発課,2024,202409,2Q,100002,売上原価,S005,確定,17069319,21560205
20230818,博報堂,クリエイティブ統括,第一営業部,第一課,2023,202308,2Q,500001,広告主負担金,S003,調整,345772855,294506004
20230711,博報堂,メディア統括,人事部,企画課,2023,202307,2Q,300001,営業利益,S001,通常,71804154,98387699
20230720,博報堂プロダクツ,デジタル統括,総務部,管理課,2023,202307,2Q,100002,売上原価,S005,確定,248449069,292454440
20231126,読売広告社,営業統括,財務経理部,開発課,2023,202311,3Q,100002,売上原価,S005,確定,128480032,110137917
20230912,大広,管理統括,経営企画部,第二課,2023,202309,2Q,400002,制作収入,S001,通常,219899254,239917251
20240610,博報堂プロダクツ,管理統括,クリエイティブ部,第三課,2024,202406,1Q,400003,コンサルティング収入,S002,特別,11857966,12334764
20230823,大広,管理統括,制作部,開発課,2023,202308,2Q,400002,制作収入,S001,通常,375288197,350934611
20231124,博報堂プロダクツ,メディア統括,第一営業部,第一課,2023,202311,3Q,400003,コンサルティング収入,S001,通常,217045158,236079749
20240921,大広,クリエイティブ統括,人事部,第一課,2024,202409,2Q,400003,コンサルティング収入,S004,見込,70375813,110801488
20240827,博報堂,メディア統括,第一営業部,推進課,2024,202408,2Q,400003,コンサルティング収入,S005,確定,224375072,287087762
20231019,博報堂,メディア統括,メディアプランニング部,推進課,2023,202310,3Q,100002,売上原価,S001,通常,209307978,198251424
20240206,博報堂,デジタル統括,経営企画部,第三課,2023,202402,4Q,100002,売上原価,S004,見込,449456594,451300967
20231206,読売広告社,デジタル統括,第二営業部,開発課,2023,202312,3Q,200003,減価償却費,S003,調整,478860373,356460761
20230911,大広,メディア統括,総務部,第三課,2023,202309,2Q,400001,媒体手数料収入,S001,通常,324476857,496603479
20241111,博報堂,デジタル統括,経営企画部,運用課,2024,202411,3Q,200002,経費,S005,確定,326228670,387516510
20240113,大広,クリエイティブ統括,デジタルマーケティング部,第二課,2023,202401,4Q,200002,経費,S002,特別,247219776,379414435
20250219,博報堂DYメディアパートナーズ,管理統括,経営企画部,第二課,2024,202502,4Q,100002,売上原価,S001,通常,486744515,400467626
20241127,読売広告社,管理統括,制作部,管理課,2024,202411,3Q,200002,経費,S001,通常,8513822,12724651
20240104,読売広告社,管理統括,人事部,推進課,2023,202401,4Q,400002,制作収入,S004,見込,204046389,264379115
20230910,読売広告社,営業統括,経営企画部,第二課,2023,202309,2Q,100001,売上高,S003,調整,16461495,21470537
20241108,博報堂プロダクツ,デジタル統括,メディアプランニング部,企画課,2024,202411,3Q,500001,広告主負担金,S001,通常,130590808,119812574
20230523,博報堂プロダクツ,デジタル統括,制作部,第三課,2023,202305,1Q,100002,売上原価,S001,通常,285723895,289922137
20241101,博報堂,営業統括,制作部,第一課,2024,202411,3Q,100001,売上高,S003,調整,89539922,78138167
20240811,博報堂プロダクツ,管理統括,制作部,第一課,2024,202408,2Q,200003,減価償却費,S004,見込,304769582,227991327
20231211,博報堂,管理統括,財務経理部,第三課,2023,202312,3Q,400002,制作収入,S002,特別,253621178,371347702
20241009,博報堂,クリエイティブ統括,デジタルマーケティング部,推進課,2024,202410,3Q,100001,売上高,S001,通常,252573323,194042768
20230627,読売広告社,メディア統括,総務部,運用課,2023,202306,1Q,300001,営業利益,S002,特別,300184679,271355539
20240328,博報堂プロダクツ,デジタル統括,制作部,開発課,2023,202403,4Q,100001,売上高,S004,見込,35796635,56703465
20250326,読売広告社,デジタル統括,制作部,第三課,2024,202503,4Q,100001,売上高,S002,特別,274112560,225788624
20231211,博報堂プロダクツ,デジタル統括,第一営業部,推進課,2023,202312,3Q,200001,人件費,S003,調整,55185394,56246403
20231023,博報堂DYメディアパートナーズ,管理統括,第二営業部,推進課,2023,202310,3Q,300002,経常利益,S003,調整,77094567,96040488
20231113,博報堂プロダクツ,管理統括,財務経理部,開発課,2023,202311,3Q,400003,コンサルティング収入,S004,見込,357553720,290509324
20240703,大広,デジタル統括,制作部,開発課,2024,202407,2Q,100001,売上高,S003,調整,216140107,175248597
20241221,読売広告社,クリエイティブ統括,第二営業部,第二課,2024,202412,3Q,500001,広告主負担金,S004,見込,87927580,130081057
20240514,博報堂,デジタル統括,第一営業部,運用課,2024,202405,1Q,300002,経常利益,S002,特別,334610626,292201067
20230723,大広,管理統括,メディアプランニング部,第三課,2023,202307,2Q,400001,媒体手数料収入,S001,通常,54351528,64642219
20250226,大広,クリエイティブ統括,財務経理部,第三課,2024,202502,4Q,400001,媒体手数料収入,S003,調整,131158634,199259787
20250109,読売広告社,デジタル統括,第一営業部,推進課,2024,202501,4Q,500002,媒体社リベート,S001,通常,358252536,415550444
20230804,博報堂DYメディアパートナーズ,メディア統括,総務部,第二課,2023,202308,2Q,200003,減価償却費,S003,調整,365558719,412496418
20231121,博報堂,デジタル統括,メディアプランニング部,第二課,2023,202311,3Q,400003,コンサルティング収入,S005,確定,235876594,293086422
20231225,読売広告社,管理統括,第二営業部,第三課,2023,202312,3Q,100002,売上原価,S003,調整,32681715,28536072
20240421,大広,営業統括,第一営業部,第一課,2024,202404,1Q,100001,売上高,S001,通常,236568753,196722229
20250325,博報堂,メディア統括,第二営業部,企画課,2024,202503,4Q,300002,経常利益,S003,調整,374379552,272071319
20231219,読売広告社,メディア統括,財務経理部,企画課,2023,202312,3Q,500001,広告主負担金,S001,通常,333501511,499938412
20230601,読売広告社,デジタル統括,クリエイティブ部,推進課,2023,202306,1Q,100003,売上総利益,S005,確定,316899819,272322368
20230401,大広,クリエイティブ統括,クリエイティブ部,第三課,2023,202304,1Q,400002,制作収入,S003,調整,15546625,21389102
20230903,大広,メディア統括,財務経理部,企画課,2023,202309,2Q,200001,人件費,S002,特別,102723161,75901156
20230525,読売広告社,クリエイティブ統括,総務部,第二課,2023,202305,1Q,100003,売上総利益,S005,確定,535591296,428731139
20230809,大広,営業統括,人事部,第一課,2023,202308,2Q,400001,媒体手数料収入,S002,特別,141013448,110191435
20241017,博報堂DYメディアパートナーズ,デジタル統括,経営企画部,推進課,2024,202410,3Q,500002,媒体社リベート,S005,確定,326106392,261761611
20240717,大広,クリエイティブ統括,総務部,開発課,2024,202407,2Q,200003,減価償却費,S003,調整,390154050,479778755
20231115,読売広告社,メディア統括,財務経理部,管理課,2023,202311,3Q,400003,コンサルティング収入,S004,見込,21785650,20721652
20230821,読売広告社,デジタル統括,デジタルマーケティング部,運用課,2023,202308,2Q,200003,減価償却費,S001,通常,171719023,202367527
20240205,大広,営業統括,財務経理部,第一課,2023,202402,4Q,200001,人件費,S002,特別,205953584,172161174
20241224,大広,管理統括,デジタルマーケティング部,管理課,2024,202412,3Q,100003,売上総利益,S001,通常,325820775,233128850
20241103,読売広告社,管理統括,制作部,第三課,2024,202411,3Q,100001,売上高,S002,特別,134439618,134858522
20250210,博報堂DYメディアパートナーズ,クリエイティブ統括,メディアプランニング部,第三課,2024,202502,4Q,400002,制作収入,S004,見込,638940006,467580561
20240703,大広,メディア統括,メディアプランニング部,第一課,2024,202407,2Q,200001,人件費,S002,特別,16361844,13077384
20231003,大広,メディア統括,デジタルマーケティング部,推進課,2023,202310,3Q,400003,コンサルティング収入,S005,確定,47620753,56389378
20241021,博報堂プロダクツ,クリエイティブ統括,メディアプランニング部,企画課,2024,202410,3Q,300001,営業利益,S002,特別,165018319,187067053
20230822,大広,管理統括,デジタルマーケティング部,第一課,2023,202308,2Q,300001,営業利益,S002,特別,521485933,393410004
20240521,博報堂プロダクツ,営業統括,人事部,管理課,2024,202405,1Q,300001,営業利益,S005,確定,153527448,179172982
20250106,博報堂プロダクツ,デジタル統括,経営企画部,第三課,2024,202501,4Q,100003,売上総利益,S002,特別,40230968,44326959
20240407,博報堂プロダクツ,クリエイティブ統括,総務部,企画課,2024,202404,1Q,500001,広告主負担金,S005,確定,371987092,335026204
20250328,博報堂,クリエイティブ統括,人事部,企画課,2024,202503,4Q,200003,減価償却費,S003,調整,17999610,14901136
20231118,博報堂,管理統括,制作部,運用課,2023,202311,3Q,300001,営業利益,S003,調整,255350180,186611566
20250109,博報堂,営業統括,総務部,企画課,2024,202501,4Q,200003,減価償却費,S005,確定,291002183,324710147
20231103,博報堂プロダクツ,クリエイティブ統括,制作部,管理課,2023,202311,3Q,200003,減価償却費,S004,見込,191208383,243397616
20230623,大広,クリエイティブ統括,デジタルマーケティング部,推進課,2023,202306,1Q,500002,媒体社リベート,S004,見込,34775319,29000951
20230522,読売広告社,デジタル統括,制作部,企画課,2023,202305,1Q,300002,経常利益,S002,特別,230847221,174829335
20241226,博報堂DYメディアパートナーズ,メディア統括,第二営業部,推進課,2024,202412,3Q,200003,減価償却費,S002,特別,376710236,436637150
20240911,大広,デジタル統括,人事部,運用課,2024,202409,2Q,200003,減価償却費,S003,調整,355113022,435456274
20231226,博報堂,メディア統括,第二営業部,第二課,2023,202312,3Q,400002,制作収入,S001,通常,191140825,297111831
20240923,博報堂,営業統括,デジタルマーケティング部,管理課,2024,202409,2Q,100003,売上総利益,S002,特別,248430856,309346096
20230427,博報堂プロダクツ,管理統括,人事部,第二課,2023,202304,1Q,100003,売上総利益,S003,調整,65043793,54613365
20230709,博報堂DYメディアパートナーズ,メディア統括,第一営業部,開発課,2023,202307,2Q,500001,広告主負担金,S003,調整,73959482,60611795
20230705,博報堂プロダクツ,メディア統括,人事部,第二課,2023,202307,2Q,100001,売上高,S004,見込,89343104,136464774
20240412,大広,営業統括,総務部,企画課,2024,202404,1Q,100003,売上総利益,S002,特別,226253943,164647924
20240804,読売広告社,管理統括,クリエイティブ部,第二課,2024,202408,2Q,400003,コンサルティング収入,S003,調整,299647393,424776225
20240517,読売広告社,クリエイティブ統括,第一営業部,開発課,2024,202405,1Q,500001,広告主負担金,S003,調整,392067500,318307098
20240910,博報堂,デジタル統括,財務経理部,第二課,2024,202409,2Q,200001,人件費,S002,特別,250996741,222002773
20231117,読売広告社,営業統括,経営企画部,企画課,2023,202311,3Q,400002,制作収入,S001,通常,252685873,199943797
20230504,大広,メディア統括,第一営業部,第二課,2023,202305,1Q,400002,制作収入,S002,特別,342783730,251496415
20240507,読売広告社,管理統括,財務経理部,第一課,2024,202405,1Q,300002,経常利益,S004,見込,91909690,85092656
20230820,大広,クリエイティブ統括,第一営業部,第一課,2023,202308,2Q,400001,媒体手数料収入,S002,特別,307155600,345891505
20240822,大広,営業統括,総務部,企画課,2024,202408,2Q,100002,売上原価,S005,確定,494761175,387273664
20240815,博報堂DYメディアパートナーズ,クリエイティブ統括,制作部,開発課,2024,202408,2Q,200001,人件費,S002,特別,469179856,399930575
20231014,博報堂DYメディアパートナーズ,メディア統括,第一営業部,第三課,2023,202310,3Q,100001,売上高,S005,確定,508051803,492646430
20241202,大広,メディア統括,総務部,第三課,2024,202412,3Q,100002,売上原価,S002,特別,558716987,445425812
20240701,博報堂プロダクツ,管理統括,制作部,管理課,2024,202407,2Q,200002,経費,S001,通常,548579565,424222179
20231011,博報堂プロダクツ,営業統括,人事部,推進課,2023,202310,3Q,500001,広告主負担金,S005,確定,107913595,132139362
20240412,博報堂,メディア統括,経営企画部,第三課,2024,202404,1Q,500002,媒体社リベート,S001,通常,23640525,38691337
20240104,読売広告社,デジタル統括,総務部,第一課,2023,202401,4Q,200001,人件費,S004,見込,127016183,92548203
20230521,大広,クリエイティブ統括,第一営業部,開発課,2023,202305,1Q,400002,制作収入,S004,見込,194444132,169148657
20230727,博報堂プロダクツ,管理統括,制作部,第一課,2023,202307,2Q,200003,減価償却費,S005,確定,65621675,104612321
20240103,博報堂,営業統括,経営企画部,管理課,2023,202401,4Q,100002,売上原価,S005,確定,289679453,305008233
20240910,大広,クリエイティブ統括,制作部,開発課,2024,202409,2Q,300001,営業利益,S003,調整,296944583,418998014
20230504,博報堂DYメディアパートナーズ,デジタル統括,制作部,運用課,2023,202305,1Q,300001,営業利益,S003,調整,454925140,343158424
20241101,博報堂プロダクツ,メディア統括,クリエイティブ部,運用課,2024,202411,3Q,300002,経常利益,S003,調整,544351988,435253506
20241003,大広,デジタル統括,制作部,企画課,2024,202410,3Q,500002,媒体社リベート,S002,特別,242632625,175485903
20250324,博報堂,メディア統括,デジタルマーケティング部,運用課,2024,202503,4Q,500001,広告主負担金,S001,通常,523689447,397008013
20240626,博報堂DYメディアパートナーズ,営業統括,人事部,第二課,2024,202406,1Q,400003,コンサルティング収入,S003,調整,285846302,215016990
20240908,博報堂プロダクツ,管理統括,デジタルマーケティング部,企画課,2024,202409,2Q,500002,媒体社リベート,S003,調整,92107735,78088689
20240623,読売広告社,営業統括,財務経理部,第三課,2024,202406,1Q,100002,売上原価,S003,調整,187380980,166982805
20230528,博報堂プロダクツ,メディア統括,人事部,推進課,2023,202305,1Q,400003,コンサルティング収入,S003,調整,472045639,377916281
20240324,博報堂プロダクツ,管理統括,デジタルマーケティング部,第一課,2023,202403,4Q,100002,売上原価,S003,調整,55466165,62122349
20240628,読売広告社,メディア統括,制作部,第二課,2024,202406,1Q,200001,人件費,S005,確定,367252277,279722636
20240607,博報堂DYメディアパートナーズ,管理統括,メディアプランニング部,第一課,2024,202406,1Q,100001,売上高,S005,確定,375308003,421028825
20231228,読売広告社,デジタル統括,第一営業部,企画課,2023,202312,3Q,100001,売上高,S001,通常,59470137,44015684
20250204,博報堂,デジタル統括,デジタルマーケティング部,第二課,2024,202502,4Q,100003,売上総利益,S003,調整,265343601,313613227
20230612,大広,クリエイティブ統括,総務部,第三課,2023,202306,1Q,400002,制作収入,S005,確定,255972233,234107306
20230914,博報堂,メディア統括,デジタルマーケティング部,第二課,2023,202309,2Q,200001,人件費,S003,調整,323616327,351335026
20240910,博報堂プロダクツ,デジタル統括,財務経理部,第一課,2024,202409,2Q,200002,経費,S002,特別,54732493,56618923
20230720,読売広告社,メディア統括,制作部,第三課,2023,202307,2Q,200001,人件費,S004,見込,72200912,104969837
20231206,博報堂,デジタル統括,制作部,推進課,2023,202312,3Q,500001,広告主負担金,S001,通常,57648464,87450497
20230425,博報堂,メディア統括,第一営業部,第二課,2023,202304,1Q,400002,制作収入,S004,見込,128831785,146280731
20230719,読売広告社,デジタル統括,第二営業部,第一課,2023,202307,2Q,200003,減価償却費,S004,見込,172531802,180140555
20230903,博報堂DYメディアパートナーズ,営業統括,経営企画部,第三課,2023,202309,2Q,300001,営業利益,S004,見込,416451008,411521231
20250115,博報堂,営業統括,人事部,第一課,2024,202501,4Q,100001,売上高,S001,通常,234247552,181603584
20241205,博報堂DYメディアパートナーズ,クリエイティブ統括,財務経理部,運用課,2024,202412,3Q,200002,経費,S003,調整,182214947,199787355
20230404,読売広告社,メディア統括,経営企画部,推進課,2023,202304,1Q,200001,人件費,S001,通常,224847840,166044049
20241016,大広,営業統括,クリエイティブ部,推進課,2024,202410,3Q,300002,経常利益,S005,確定,308061272,422361444
20240426,博報堂DYメディアパートナーズ,クリエイティブ統括,制作部,第二課,2024,202404,1Q,500001,広告主負担金,S003,調整,30862532,26731077
20230416,博報堂,管理統括,第一営業部,開発課,2023,202304,1Q,500001,広告主負担金,S001,通常,396254451,376726188
20230706,読売広告社,メディア統括,第二営業部,推進課,2023,202307,2Q,400003,コンサルティング収入,S003,調整,174172397,136893362
20230414,博報堂,クリエイティブ統括,人事部,管理課,2023,202304,1Q,400003,コンサルティング収入,S004,見込,227062866,171394898
20230723,博報堂DYメディアパートナーズ,デジタル統括,クリエイティブ部,企画課,2023,202307,2Q,100002,売上原価,S001,通常,133964410,118344317
20230918,博報堂プロダクツ,クリエイティブ統括,クリエイティブ部,第二課,2023,202309,2Q,200002,経費,S003,調整,556535005,438003708
20240524,大広,管理統括,第二営業部,開発課,2024,202405,1Q,100003,売上総利益,S002,特別,105225192,94273366
20240126,博報堂,メディア統括,財務経理部,第一課,2023,202401,4Q,400003,コンサルティング収入,S001,通常,147922601,118167046
20230413,読売広告社,メディア統括,財務経理部,開発課,2023,202304,1Q,500002,媒体社リベート,S003,調整,60315833,79861412
20230601,博報堂,デジタル統括,財務経理部,第三課,2023,202306,1Q,100002,売上原価,S002,特別,297272258,457214501
20231205,博報堂DYメディアパートナーズ,クリエイティブ統括,デジタルマーケティング部,開発課,2023,202312,3Q,400002,制作収入,S004,見込,525461253,385303491
20230910,博報堂プロダクツ,メディア統括,メディアプランニング部,開発課,2023,202309,2Q,400003,コンサルティング収入,S001,通常,49154309,55105395
20241008,読売広告社,管理統括,制作部,第二課,2024,202410,3Q,100002,売上原価,S001,通常,342175835,486485871
20230423,大広,営業統括,人事部,運用課,2023,202304,1Q,200001,人件費,S002,特別,237813813,309726155
20241122,大広,クリエイティブ統括,制作部,第二課,2024,202411,3Q,100003,売上総利益,S005,確定,166197157,167659815
20250319,博報堂DYメディアパートナーズ,クリエイティブ統括,第一営業部,第三課,2024,202503,4Q,100001,売上高,S004,見込,473006515,367839989
20250308,博報堂プロダクツ,デジタル統括,人事部,推進課,2024,202503,4Q,300002,経常利益,S002,特別,252190635,290145442
20250122,大広,クリエイティブ統括,第二営業部,推進課,2024,202501,4Q,100002,売上原価,S001,通常,142620148,219010117
20230527,博報堂,メディア統括,財務経理部,管理課,2023,202305,1Q,400002,制作収入,S004,見込,315501903,346179003
20230415,博報堂,クリエイティブ統括,第一営業部,企画課,2023,202304,1Q,400002,制作収入,S003,調整,3989770,4716443
20241217,博報堂プロダクツ,管理統括,デジタルマーケティング部,企画課,2024,202412,3Q,400001,媒体手数料収入,S005,確定,228136520,232581955
20250218,読売広告社,営業統括,総務部,管理課,2024,202502,4Q,100002,売上原価,S003,調整,2248392,2133340
20240705,大広,デジタル統括,第一営業部,第一課,2024,202407,2Q,500001,広告主負担金,S001,通常,473054060,350003328
20230824,博報堂プロダクツ,営業統括,人事部,推進課,2023,202308,2Q,500001,広告主負担金,S003,調整,200200828,296673598
20240912,博報堂DYメディアパートナーズ,管理統括,デジタルマーケティング部,第二課,2024,202409,2Q,300001,営業利益,S001,通常,188931077,294448609
20240926,大広,管理統括,メディアプランニング部,推進課,2024,202409,2Q,500001,広告主負担金,S004,見込,36419617,39362256
20250303,読売広告社,デジタル統括,財務経理部,第二課,2024,202503,4Q,500002,媒体社リベート,S001,通常,311375252,435227916
20250301,博報堂プロダクツ,管理統括,クリエイティブ部,第二課,2024,202503,4Q,400002,制作収入,S005,確定,268260606,433633324
20240318,博報堂DYメディアパートナーズ,クリエイティブ統括,経営企画部,第二課,2023,202403,4Q,200001,人件費,S005,確定,270742454,227097343
20250113,大広,管理統括,第二営業部,運用課,2024,202501,4Q,300001,営業利益,S001,通常,149348651,145150543
20231224,博報堂DYメディアパートナーズ,営業統括,制作部,第二課,2023,202312,3Q,300001,営業利益,S004,見込,427095481,308460199
20231125,博報堂,メディア統括,メディアプランニング部,第一課,2023,202311,3Q,100003,売上総利益,S002,特別,422274245,429063219
20230814,大広,メディア統括,デジタルマーケティング部,第一課,2023,202308,2Q,400003,コンサルティング収入,S001,通常,235448484,338695873
20241228,大広,営業統括,総務部,管理課,2024,202412,3Q,100003,売上総利益,S003,調整,113780199,114521592
20230812,博報堂DYメディアパートナーズ,営業統括,第二営業部,第二課,2023,202308,2Q,100001,売上高,S001,通常,191295045,175254599
20230907,読売広告社,デジタル統括,第一営業部,第一課,2023,202309,2Q,100003,売上総利益,S002,特別,106506966,175133427
20250223,読売広告社,デジタル統括,第一営業部,第二課,2024,202502,4Q,100002,売上原価,S003,調整,200210162,248149293
20250203,大広,デジタル統括,制作部,企画課,2024,202502,4Q,400001,媒体手数料収入,S005,確定,645712379,482616795
20231215,博報堂DYメディアパートナーズ,営業統括,人事部,第一課,2023,202312,3Q,300001,営業利益,S002,特別,296318525,427511650
20250118,大広,管理統括,財務経理部,第二課,2024,202501,4Q,400003,コンサルティング収入,S002,特別,337074067,291418799
20241023,博報堂プロダクツ,クリエイティブ統括,総務部,管理課,2024,202410,3Q,100002,売上原価,S001,通常,315737687,230618714
20240112,博報堂,管理統括,総務部,運用課,2023,202401,4Q,200003,減価償却費,S005,確定,204886197,225642942
20240605,博報堂プロダクツ,管理統括,デジタルマーケティング部,運用課,2024,202406,1Q,100001,売上高,S002,特別,78220877,61604505
20231002,大広,管理統括,経営企画部,開発課,2023,202310,3Q,300002,経常利益,S004,見込,351250882,307282255
20240406,読売広告社,デジタル統括,第二営業部,推進課,2024,202404,1Q,100002,売上原価,S004,見込,141812162,181162606
20230716,読売広告社,営業統括,クリエイティブ部,管理課,2023,202307,2Q,400002,制作収入,S004,見込,15553710,18836875
20240519,博報堂,管理統括,経営企画部,第三課,2024,202405,1Q,100003,売上総利益,S002,特別,493582045,377156387
20250216,博報堂プロダクツ,営業統括,総務部,運用課,2024,202502,4Q,100001,売上高,S002,特別,114303882,100411950
20240926,博報堂DYメディアパートナーズ,メディア統括,総務部,企画課,2024,202409,2Q,400002,制作収入,S002,特別,241647368,256955922
20231002,博報堂DYメディアパートナーズ,メディア統括,第一営業部,第一課,2023,202310,3Q,200001,人件費,S002,特別,141779125,175937703
20240927,大広,デジタル統括,メディアプランニング部,企画課,2024,202409,2Q,300002,経常利益,S004,見込,344114097,357864461
20231121,博報堂プロダクツ,デジタル統括,経営企画部,企画課,2023,202311,3Q,200003,減価償却費,S003,調整,32758494,27724295
20240514,大広,クリエイティブ統括,第一営業部,第三課,2024,202405,1Q,100002,売上原価,S005,確定,573568642,461915616
20240111,博報堂DYメディアパートナーズ,管理統括,第一営業部,第三課,2023,202401,4Q,200003,減価償却費,S001,通常,117753038,153579486
20230627,読売広告社,メディア統括,財務経理部,第一課,2023,202306,1Q,100003,売上総利益,S004,見込,279605269,271005739
20240507,博報堂DYメディアパートナーズ,メディア統括,メディアプランニング部,第一課,2024,202405,1Q,100003,売上総利益,S004,見込,229109545,216767912
20230709,大広,デジタル統括,第二営業部,開発課,2023,202307,2Q,300002,経常利益,S001,通常,358371175,339117095
20240619,博報堂プロダクツ,クリエイティブ統括,経営企画部,第一課,2024,202406,1Q,200003,減価償却費,S005,確定,42858160,36889987
20230816,博報堂DYメディアパートナーズ,管理統括,デジタルマーケティング部,企画課,2023,202308,2Q,400001,媒体手数料収入,S002,特別,429114062,341729494
20240703,読売広告社,クリエイティブ統括,制作部,推進課,2024,202407,2Q,400003,コンサルティング収入,S005,確定,422587403,445339667
20240822,博報堂,クリエイティブ統括,財務経理部,運用課,2024,202408,2Q,500002,媒体社リベート,S001,通常,36751356,44140639
20240225,読売広告社,管理統括,総務部,企画課,2023,202402,4Q,400002,制作収入,S005,確定,563053350,429535845
20230820,読売広告社,デジタル統括,制作部,第一課,2023,202308,2Q,300002,経常利益,S003,調整,297889503,368985172
20240223,博報堂,メディア統括,経営企画部,第二課,2023,202402,4Q,300001,営業利益,S003,調整,47264802,57390694
20250314,読売広告社,管理統括,総務部,第一課,2024,202503,4Q,100002,売上原価,S004,見込,179131208,156757763
20250324,博報堂プロダクツ,デジタル統括,総務部,運用課,2024,202503,4Q,400001,媒体手数料収入,S001,通常,67656185,65891005
20240218,読売広告社,メディア統括,経営企画部,第一課,2023,202402,4Q,400003,コンサルティング収入,S002,特別,253135388,392489462
20240416,博報堂プロダクツ,管理統括,財務経理部,第一課,2024,202404,1Q,200002,経費,S003,調整,144112713,182575628
20230907,読売広告社,クリエイティブ統括,第一営業部,開発課,2023,202309,2Q,100002,売上原価,S004,見込,98875002,105809371
20230619,博報堂プロダクツ,営業統括,クリエイティブ部,推進課,2023,202306,1Q,300001,営業利益,S004,見込,189448271,208071890
20231212,読売広告社,営業統括,第二営業部,第一課,2023,202312,3Q,400003,コンサルティング収入,S002,特別,323663437,423703642
20240103,博報堂,メディア統括,クリエイティブ部,推進課,2023,202401,4Q,100003,売上総利益,S001,通常,141705043,116245185
20240807,博報堂プロダクツ,営業統括,第二営業部,第三課,2024,202408,2Q,100001,売上高,S005,確定,284022321,385004646
20240303,博報堂,デジタル統括,クリエイティブ部,企画課,2023,202403,4Q,100001,売上高,S002,特別,66420484,106875389
20240907,博報堂,営業統括,制作部,推進課,2024,202409,2Q,200003,減価償却費,S001,通常,534916019,385116098
20241228,博報堂プロダクツ,デジタル統括,第二営業部,運用課,2024,202412,3Q,200002,経費,S002,特別,474069991,467511516
20240522,大広,クリエイティブ統括,人事部,開発課,2024,202405,1Q,100001,売上高,S002,特別,221455987,193306233
20250307,博報堂プロダクツ,管理統括,人事部,第一課,2024,202503,4Q,200003,減価償却費,S005,確定,459422036,377829357
20241210,博報堂,クリエイティブ統括,デジタルマーケティング部,第一課,2024,202412,3Q,100002,売上原価,S004,見込,386922241,353418716
20230510,読売広告社,デジタル統括,クリエイティブ部,第一課,2023,202305,1Q,400001,媒体手数料収入,S004,見込,362451730,426150480
20241224,博報堂,管理統括,クリエイティブ部,第一課,2024,202412,3Q,100001,売上高,S003,調整,552672834,440585448
20230506,読売広告社,営業統括,メディアプランニング部,第二課,2023,202305,1Q,500001,広告主負担金,S003,調整,207516500,202173108
20240521,博報堂DYメディアパートナーズ,メディア統括,メディアプランニング部,開発課,2024,202405,1Q,200002,経費,S005,確定,1552470,2117783
20240705,博報堂プロダクツ,クリエイティブ統括,経営企画部,開発課,2024,202407,2Q,400002,制作収入,S002,特別,305554758,290924688
20250103,博報堂プロダクツ,デジタル統括,デジタルマーケティング部,開発課,2024,202501,4Q,200001,人件費,S005,確定,529192548,487577217
20241024,読売広告社,クリエイティブ統括,メディアプランニング部,第一課,2024,202410,3Q,200002,経費,S003,調整,275378358,303644948
20230721,博報堂,クリエイティブ統括,総務部,運用課,2023,202307,2Q,200001,人件費,S002,特別,303577705,291349616
20231025,大広,営業統括,総務部,第三課,2023,202310,3Q,400002,制作収入,S005,確定,198372507,285301022
20250227,博報堂,営業統括,第一営業部,第一課,2024,202502,4Q,400002,制作収入,S002,特別,7328503,6194623
20240812,博報堂プロダクツ,管理統括,デジタルマーケティング部,第二課,2024,202408,2Q,500001,広告主負担金,S002,特別,2082276,3213701
20231105,博報堂DYメディアパートナーズ,クリエイティブ統括,メディアプランニング部,第三課,2023,202311,3Q,200003,減価償却費,S003,調整,394098477,326553760
20230916,博報堂プロダクツ,管理統括,制作部,開発課,2023,202309,2Q,400001,媒体手数料収入,S002,特別,34805995,25934051
20240621,大広,クリエイティブ統括,財務経理部,運用課,2024,202406,1Q,200001,人件費,S003,調整,53347298,75020305
20250312,大広,デジタル統括,財務経理部,第二課,2024,202503,4Q,300002,経常利益,S004,見込,58860719,51660465
20240712,博報堂DYメディアパートナーズ,管理統括,メディアプランニング部,第一課,2024,202407,2Q,100002,売上原価,S003,調整,170614599,162410018
20240601,博報堂DYメディアパートナーズ,営業統括,第二営業部,第二課,2024,202406,1Q,200002,経費,S002,特別,509412033,453487313
20240114,読売広告社,メディア統括,第二営業部,運用課,2023,202401,4Q,400001,媒体手数料収入,S005,確定,149466716,117032869
20240627,大広,デジタル統括,人事部,管理課,2024,202406,1Q,400002,制作収入,S005,確定,375185646,338364746
20231125,読売広告社,メディア統括,第二営業部,推進課,2023,202311,3Q,300002,経常利益,S004,見込,64897559,99890706
20230601,読売広告社,メディア統括,第二営業部,開発課,2023,202306,1Q,500002,媒体社リベート,S003,調整,291599711,285610789
20240619,読売広告社,クリエイティブ統括,第二営業部,開発課,2024,202406,1Q,300002,経常利益,S003,調整,190484653,287788780
20241007,読売広告社,メディア統括,メディアプランニング部,管理課,2024,202410,3Q,400003,コンサルティング収入,S002,特別,433237106,352896192
20230607,大広,メディア統括,メディアプランニング部,第一課,2023,202306,1Q,100002,売上原価,S005,確定,135676788,148960605
20240820,読売広告社,管理統括,財務経理部,管理課,2024,202408,2Q,400001,媒体手数料収入,S004,見込,440762378,413051134
20240212,大広,クリエイティブ統括,デジタルマーケティング部,第二課,2023,202402,4Q,400001,媒体手数料収入,S002,特別,20676593,17566008
20230710,大広,メディア統括,人事部,第二課,2023,202307,2Q,300001,営業利益,S005,確定,191047187,176856954
20230920,博報堂,管理統括,人事部,第三課,2023,202309,2Q,200002,経費,S002,特別,216737294,316268609
20250102,博報堂DYメディアパートナーズ,デジタル統括,総務部,管理課,2024,202501,4Q,300001,営業利益,S004,見込,441830492,330874303
20240710,博報堂,メディア統括,人事部,推進課,2024,202407,2Q,500002,媒体社リベート,S004,見込,298302348,369543311
20250110,博報堂プロダクツ,管理統括,第一営業部,開発課,2024,202501,4Q,200001,人件費,S005,確定,358974206,469120090
20241216,博報堂プロダクツ,クリエイティブ統括,メディアプランニング部,第一課,2024,202412,3Q,200002,経費,S002,特別,495281220,405199248
20241222,博報堂プロダクツ,営業統括,総務部,開発課,2024,202412,3Q,500002,媒体社リベート,S001,通常,325944541,488798873
20240401,大広,管理統括,制作部,開発課,2024,202404,1Q,100001,売上高,S002,特別,100444802,139964380
20231122,大広,営業統括,メディアプランニング部,第一課,2023,202311,3Q,200001,人件費,S003,調整,82652925,107574247
20231226,読売広告社,営業統括,制作部,第二課,2023,202312,3Q,100001,売上高,S003,調整,153670538,233257515
20230823,博報堂プロダクツ,管理統括,制作部,第三課,2023,202308,2Q,500001,広告主負担金,S001,通常,22226425,16518773
20230407,博報堂DYメディアパートナーズ,管理統括,経営企画部,第二課,2023,202304,1Q,100003,売上総利益,S001,通常,398771346,391963431
20240223,博報堂プロダクツ,デジタル統括,第一営業部,管理課,2023,202402,4Q,500002,媒体社リベート,S005,確定,132090638,155117054
20240526,読売広告社,デジタル統括,財務経理部,推進課,2024,202405,1Q,400003,コンサルティング収入,S001,通常,506785821,411181368
20240718,博報堂DYメディアパートナーズ,デジタル統括,人事部,第一課,2024,202407,2Q,500001,広告主負担金,S005,確定,192383752,313551278
20241012,博報堂DYメディアパートナーズ,管理統括,制作部,運用課,2024,202410,3Q,200001,人件費,S002,特別,125054874,136396723
20230803,博報堂DYメディアパートナーズ,デジタル統括,経営企画部,管理課,2023,202308,2Q,500001,広告主負担金,S002,特別,135164766,210670342
20230901,博報堂DYメディアパートナーズ,管理統括,財務経理部,企画課,2023,202309,2Q,400001,媒体手数料収入,S003,調整,193504721,181901700
20230411,読売広告社,管理統括,メディアプランニング部,第一課,2023,202304,1Q,500001,広告主負担金,S005,確定,71534579,70914803
20241222,博報堂プロダクツ,管理統括,総務部,推進課,2024,202412,3Q,100001,売上高,S004,見込,357008913,296825923
20241224,読売広告社,クリエイティブ統括,財務経理部,開発課,2024,202412,3Q,200001,人件費,S004,見込,254869997,406321920
20240916,博報堂,管理統括,第二営業部,第二課,2024,202409,2Q,400001,媒体手数料収入,S001,通常,254178708,273377386
20230602,博報堂DYメディアパートナーズ,管理統括,人事部,企画課,2023,202306,1Q,200001,人件費,S004,見込,188237584,210703854
20231119,博報堂,管理統括,メディアプランニング部,第三課,2023,202311,3Q,100001,売上高,S001,通常,144827146,210784745
20230809,博報堂DYメディアパートナーズ,デジタル統括,デジタルマーケティング部,推進課,2023,202308,2Q,200001,人件費,S002,特別,458142374,395468122
20241218,博報堂DYメディアパートナーズ,管理統括,デジタルマーケティング部,第三課,2024,202412,3Q,300002,経常利益,S005,確定,164241020,210566626
20230917,博報堂DYメディアパートナーズ,管理統括,クリエイティブ部,第二課,2023,202309,2Q,400002,制作収入,S005,確定,261032168,387315586
20241025,博報堂DYメディアパートナーズ,デジタル統括,クリエイティブ部,推進課,2024,202410,3Q,200001,人件費,S002,特別,28910099,27044496
20231206,読売広告社,メディア統括,制作部,管理課,2023,202312,3Q,100002,売上原価,S001,通常,153803161,237830297
20230401,読売広告社,メディア統括,人事部,運用課,2023,202304,1Q,200001,人件費,S002,特別,204537588,153321843
20231224,博報堂,デジタル統括,制作部,推進課,2023,202312,3Q,400002,制作収入,S002,特別,190390706,194980165
20241120,博報堂,管理統括,第一営業部,運用課,2024,202411,3Q,500001,広告主負担金,S005,確定,150196584,169304081
20230828,博報堂DYメディアパートナーズ,管理統括,メディアプランニング部,運用課,2023,202308,2Q,400003,コンサルティング収入,S005,確定,205319385,206537067
20250204,博報堂DYメディアパートナーズ,デジタル統括,財務経理部,第一課,2024,202502,4Q,200003,減価償却費,S003,調整,108124280,124872344
20230605,博報堂DYメディアパートナーズ,営業統括,デジタルマーケティング部,第一課,2023,202306,1Q,100003,売上総利益,S004,見込,232669642,386484296
20241202,読売広告社,メディア統括,第一営業部,運用課,2024,202412,3Q,300001,営業利益,S002,特別,98891580,100616517
20250123,博報堂,デジタル統括,制作部,第二課,2024,202501,4Q,300002,経常利益,S002,特別,612272855,489373179
20240916,博報堂プロダクツ,デジタル統括,総務部,推進課,2024,202409,2Q,300001,営業利益,S001,通常,192303224,140678549
20240610,読売広告社,管理統括,制作部,運用課,2024,202406,1Q,200001,人件費,S004,見込,228488255,259143035
20240201,大広,メディア統括,メディアプランニング部,第一課,2023,202402,4Q,200001,人件費,S004,見込,19654775,29217091
20241212,博報堂DYメディアパートナーズ,クリエイティブ統括,デジタルマーケティング部,開発課,2024,202412,3Q,400001,媒体手数料収入,S003,調整,54704316,81915843
20230911,読売広告社,クリエイティブ統括,財務経理部,第一課,2023,202309,2Q,300002,経常利益,S004,見込,140776335,112333597
20250108,博報堂DYメディアパートナーズ,管理統括,制作部,第二課,2024,202501,4Q,300001,営業利益,S003,調整,584044544,430479908
20241110,博報堂DYメディアパートナーズ,管理統括,第二営業部,管理課,2024,202411,3Q,100003,売上総利益,S003,調整,572876481,443631600
20230805,博報堂プロダクツ,営業統括,人事部,開発課,2023,202308,2Q,100003,売上総利益,S002,特別,355636698,282553316
20240512,博報堂,メディア統括,デジタルマーケティング部,第一課,2024,202405,1Q,500001,広告主負担金,S005,確定,48365283,37610754
20240320,博報堂プロダクツ,営業統括,制作部,運用課,2023,202403,4Q,100003,売上総利益,S004,見込,185259431,276204831
20240422,博報堂DYメディアパートナーズ,デジタル統括,第二営業部,管理課,2024,202404,1Q,500002,媒体社リベート,S005,確定,194583200,284818854
20240515,大広,デジタル統括,財務経理部,企画課,2024,202405,1Q,300002,経常利益,S002,特別,109119052,131162727
20240115,大広,クリエイティブ統括,第一営業部,企画課,2023,202401,4Q,200001,人件費,S003,調整,467721107,477021338
20230904,博報堂,デジタル統括,財務経理部,第二課,2023,202309,2Q,300001,営業利益,S003,調整,466355057,401993333
20240425,読売広告社,クリエイティブ統括,経営企画部,第二課,2024,202404,1Q,500001,広告主負担金,S005,確定,110052513,94596647
20231026,読売広告社,デジタル統括,クリエイティブ部,管理課,2023,202310,3Q,300002,経常利益,S003,調整,614180495,497091053
20241121,大広,クリエイティブ統括,デジタルマーケティング部,管理課,2024,202411,3Q,500001,広告主負担金,S001,通常,353229451,449927690
20231018,博報堂DYメディアパートナーズ,デジタル統括,経営企画部,開発課,2023,202310,3Q,200001,人件費,S002,特別,105442382,149526540
20231010,博報堂,メディア統括,デジタルマーケティング部,管理課,2023,202310,3Q,300002,経常利益,S004,見込,356908015,392036623
20240706,大広,管理統括,クリエイティブ部,運用課,2024,202407,2Q,200001,人件費,S005,確定,542602427,469234119
20231126,博報堂DYメディアパートナーズ,管理統括,人事部,運用課,2023,202311,3Q,400003,コンサルティング収入,S004,見込,119539832,99442273
20230817,博報堂,管理統括,デジタルマーケティング部,開発課,2023,202308,2Q,400003,コンサルティング収入,S005,確定,186783818,154896623
20240517,大広,クリエイティブ統括,第一営業部,管理課,2024,202405,1Q,400003,コンサルティング収入,S005,確定,147501915,180427816
20241120,博報堂プロダクツ,クリエイティブ統括,人事部,開発課,2024,202411,3Q,200001,人件費,S004,見込,282320242,406488209
20240828,博報堂DYメディアパートナーズ,クリエイティブ統括,メディアプランニング部,推進課,2024,202408,2Q,200002,経費,S001,通常,199126447,171290264
20230628,博報堂DYメディアパートナーズ,営業統括,総務部,第三課,2023,202306,1Q,500001,広告主負担金,S002,特別,560094604,465325070
20240223,博報堂,デジタル統括,財務経理部,第三課,2023,202402,4Q,300002,経常利益,S001,通常,219814400,249222885
20231203,博報堂,デジタル統括,メディアプランニング部,管理課,2023,202312,3Q,200003,減価償却費,S001,通常,370901416,420802134
20250320,博報堂プロダクツ,クリエイティブ統括,メディアプランニング部,開発課,2024,202503,4Q,400002,制作収入,S002,特別,318049462,254528115
20241205,博報堂DYメディアパートナーズ,クリエイティブ統括,財務経理部,運用課,2024,202412,3Q,400002,制作収入,S002,特別,591556102,428892413
20240425,博報堂プロダクツ,管理統括,経営企画部,推進課,2024,202404,1Q,500001,広告主負担金,S001,通常,21843572,25134128
20230406,博報堂DYメディアパートナーズ,デジタル統括,クリエイティブ部,第一課,2023,202304,1Q,100003,売上総利益,S001,通常,340503087,465053464
20231107,読売広告社,管理統括,総務部,推進課,2023,202311,3Q,200003,減価償却費,S001,通常,152633256,138485677
20240814,大広,デジタル統括,総務部,管理課,2024,202408,2Q,200003,減価償却費,S004,見込,287466873,418229575
20240323,博報堂,管理統括,デジタルマーケティング部,推進課,2023,202403,4Q,400003,コンサルティング収入,S005,確定,243713532,257089309
20240613,大広,管理統括,第二営業部,管理課,2024,202406,1Q,500002,媒体社リベート,S001,通常,129748117,214389588
20231019,読売広告社,メディア統括,総務部,推進課,2023,202310,3Q,200002,経費,S001,通常,11538641,12310349
20230521,博報堂DYメディアパートナーズ,デジタル統括,財務経理部,第二課,2023,202305,1Q,100001,売上高,S003,調整,143250433,183797759
20240623,大広,クリエイティブ統括,メディアプランニング部,第二課,2024,202406,1Q,200002,経費,S005,確定,189802808,257755114
20240809,読売広告社,管理統括,人事部,第二課,2024,202408,2Q,200002,経費,S005,確定,278691861,307123278
20230624,大広,デジタル統括,総務部,推進課,2023,202306,1Q,100001,売上高,S005,確定,98816049,92263350
20230915,博報堂プロダクツ,営業統括,メディアプランニング部,第二課,2023,202309,2Q,400001,媒体手数料収入,S001,通常,255091608,185437450
20230407,読売広告社,メディア統括,人事部,第二課,2023,202304,1Q,200002,経費,S004,見込,99762984,104090663
20240522,読売広告社,営業統括,クリエイティブ部,運用課,2024,202405,1Q,500002,媒体社リベート,S001,通常,362296410,397401112
20240902,博報堂DYメディアパートナーズ,営業統括,人事部,第三課,2024,202409,2Q,400003,コンサルティング収入,S005,確定,74975524,118166862
20241210,博報堂,デジタル統括,経営企画部,管理課,2024,202412,3Q,400001,媒体手数料収入,S005,確定,501859232,482495397
20230414,読売広告社,メディア統括,メディアプランニング部,第三課,2023,202304,1Q,200001,人件費,S001,通常,252929329,360182845
20230709,読売広告社,クリエイティブ統括,第一営業部,第三課,2023,202307,2Q,500002,媒体社リベート,S004,見込,83249445,59482716
20241220,博報堂DYメディアパートナーズ,管理統括,デジタルマーケティング部,第三課,2024,202412,3Q,400003,コンサルティング収入,S003,調整,149436182,151465432
20230809,読売広告社,クリエイティブ統括,人事部,開発課,2023,202308,2Q,100002,売上原価,S005,確定,549105990,402483984
20230821,博報堂,営業統括,制作部,第二課,2023,202308,2Q,200003,減価償却費,S002,特別,89085009,146317306
20250328,大広,デジタル統括,経営企画部,企画課,2024,202503,4Q,100001,売上高,S002,特別,356147249,255499821
20231218,博報堂,管理統括,メディアプランニング部,管理課,2023,202312,3Q,100002,売上原価,S003,調整,91240653,96969482
20240526,博報堂DYメディアパートナーズ,管理統括,制作部,管理課,2024,202405,1Q,100003,売上総利益,S005,確定,4988809,5847102
20241013,大広,メディア統括,経営企画部,管理課,2024,202410,3Q,100001,売上高,S005,確定,171753722,186603234
20231015,読売広告社,クリエイティブ統括,メディアプランニング部,開発課,2023,202310,3Q,300002,経常利益,S001,通常,190377849,149827561
20250113,博報堂DYメディアパートナーズ,クリエイティブ統括,第二営業部,第一課,2024,202501,4Q,100002,売上原価,S005,確定,122104500,99606874
20241225,博報堂DYメディアパートナーズ,デジタル統括,デジタルマーケティング部,第二課,2024,202412,3Q,100003,売上総利益,S002,特別,99036532,94980492
20240224,博報堂プロダクツ,管理統括,経営企画部,管理課,2023,202402,4Q,400003,コンサルティング収入,S003,調整,122280285,89239876
20241028,博報堂,デジタル統括,財務経理部,管理課,2024,202410,3Q,300002,経常利益,S001,通常,368325429,421468912
20231118,博報堂,営業統括,人事部,開発課,2023,202311,3Q,400002,制作収入,S004,見込,186820982,167776066
20230812,大広,管理統括,人事部,開発課,2023,202308,2Q,400001,媒体手数料収入,S005,確定,232922325,186886745
20230403,博報堂,管理統括,総務部,第一課,2023,202304,1Q,200003,減価償却費,S001,通常,639561608,481059142
20241204,博報堂DYメディアパートナーズ,営業統括,制作部,企画課,2024,202412,3Q,300002,経常利益,S003,調整,402015897,336909747
20241112,博報堂プロダクツ,デジタル統括,第一営業部,企画課,2024,202411,3Q,300001,営業利益,S005,確定,51346395,71264695
20230605,博報堂DYメディアパートナーズ,デジタル統括,制作部,第二課,2023,202306,1Q,200003,減価償却費,S005,確定,269639956,245473424
20240120,博報堂DYメディアパートナーズ,デジタル統括,クリエイティブ部,推進課,2023,202401,4Q,400002,制作収入,S004,見込,320268001,248380012
20241012,読売広告社,デジタル統括,制作部,第二課,2024,202410,3Q,400001,媒体手数料収入,S003,調整,85467059,115844175
20250116,博報堂,メディア統括,人事部,第三課,2024,202501,4Q,100001,売上高,S002,特別,448938450,454202345
20240401,読売広告社,管理統括,経営企画部,第一課,2024,202404,1Q,100002,売上原価,S005,確定,106165839,124575291
20240714,大広,営業統括,経営企画部,第三課,2024,202407,2Q,500002,媒体社リベート,S004,見込,37336247,55673133
20240409,大広,管理統括,クリエイティブ部,企画課,2024,202404,1Q,100001,売上高,S005,確定,248586443,413861222
20240406,博報堂,メディア統括,デジタルマーケティング部,第一課,2024,202404,1Q,500001,広告主負担金,S003,調整,479581875,431374337
20230901,読売広告社,管理統括,第一営業部,開発課,2023,202309,2Q,400001,媒体手数料収入,S002,特別,162787715,249622976
20231219,博報堂プロダクツ,営業統括,第一営業部,運用課,2023,202312,3Q,200001,人件費,S002,特別,42493369,59225405
20230813,大広,クリエイティブ統括,第二営業部,管理課,2023,202308,2Q,200001,人件費,S003,調整,15067629,24298816
20241111,博報堂DYメディアパートナーズ,クリエイティブ統括,経営企画部,企画課,2024,202411,3Q,400002,制作収入,S001,通常,314642281,387251993
20231016,博報堂プロダクツ,メディア統括,経営企画部,推進課,2023,202310,3Q,400001,媒体手数料収入,S004,見込,519812088,468892043
20240816,大広,営業統括,財務経理部,運用課,2024,202408,2Q,200003,減価償却費,S003,調整,158792028,123344031
20231021,博報堂DYメディアパートナーズ,デジタル統括,クリエイティブ部,開発課,2023,202310,3Q,400002,制作収入,S001,通常,8925959,7028436
20241109,博報堂DYメディアパートナーズ,デジタル統括,総務部,第三課,2024,202411,3Q,400003,コンサルティング収入,S004,見込,168008727,197763307
20230703,博報堂プロダクツ,クリエイティブ統括,人事部,第三課,2023,202307,2Q,300001,営業利益,S005,確定,395163848,308064876
20231214,博報堂プロダクツ,デジタル統括,経営企画部,開発課,2023,202312,3Q,500001,広告主負担金,S003,調整,151080089,241934330
20240112,大広,管理統括,人事部,開発課,2023,202401,4Q,400002,制作収入,S004,見込,210474564,152137413
20240715,博報堂プロダクツ,クリエイティブ統括,第一営業部,第二課,2024,202407,2Q,300002,経常利益,S001,通常,22052337,16361789
20241122,大広,デジタル統括,クリエイティブ部,運用課,2024,202411,3Q,400001,媒体手数料収入,S005,確定,308919860,309525755
20230603,大広,メディア統括,制作部,第一課,2023,202306,1Q,200002,経費,S004,見込,358014763,308998442
20230519,博報堂プロダクツ,デジタル統括,第二営業部,第三課,2023,202305,1Q,400002,制作収入,S004,見込,351165670,293006697
20240701,大広,管理統括,第二営業部,推進課,2024,202407,2Q,200001,人件費,S002,特別,198005757,236946242
20230519,博報堂プロダクツ,管理統括,クリエイティブ部,開発課,2023,202305,1Q,500001,広告主負担金,S002,特別,277378139,405472342
20240420,博報堂DYメディアパートナーズ,デジタル統括,第一営業部,管理課,2024,202404,1Q,300002,経常利益,S003,調整,52115901,45970122
20240408,博報堂,営業統括,総務部,第一課,2024,202404,1Q,200003,減価償却費,S005,確定,112778952,140175423
20230503,大広,営業統括,人事部,企画課,2023,202305,1Q,400001,媒体手数料収入,S001,通常,98884036,97470897
20241019,博報堂,デジタル統括,クリエイティブ部,管理課,2024,202410,3Q,300001,営業利益,S003,調整,442071502,443038325
20240422,博報堂,管理統括,総務部,第三課,2024,202404,1Q,100001,売上高,S001,通常,94910774,151741430
20250115,博報堂,メディア統括,人事部,管理課,2024,202501,4Q,500002,媒体社リベート,S004,見込,501147105,457134241
20240725,大広,クリエイティブ統括,クリエイティブ部,開発課,2024,202407,2Q,500002,媒体社リベート,S004,見込,78208701,102882300
20250310,博報堂,管理統括,総務部,推進課,2024,202503,4Q,500001,広告主負担金,S001,通常,112247707,111790008
20230623,博報堂DYメディアパートナーズ,クリエイティブ統括,メディアプランニング部,開発課,2023,202306,1Q,400003,コンサルティング収入,S002,特別,56262292,65517601
20240219,大広,管理統括,クリエイティブ部,開発課,2023,202402,4Q,200002,経費,S002,特別,176812159,156675304
20240124,読売広告社,クリエイティブ統括,人事部,運用課,2023,202401,4Q,500001,広告主負担金,S002,特別,479306626,363662723
20240225,博報堂プロダクツ,メディア統括,経営企画部,運用課,2023,202402,4Q,400002,制作収入,S003,調整,88136134,77760271
20240518,大広,管理統括,総務部,運用課,2024,202405,1Q,400003,コンサルティング収入,S003,調整,377099528,470143119
20230625,博報堂プロダクツ,管理統括,第一営業部,第一課,2023,202306,1Q,100002,売上原価,S005,確定,204860808,162954959
20240521,読売広告社,クリエイティブ統括,制作部,運用課,2024,202405,1Q,100001,売上高,S002,特別,60126864,51541371
20230806,博報堂DYメディアパートナーズ,クリエイティブ統括,メディアプランニング部,第二課,2023,202308,2Q,300002,経常利益,S005,確定,57206678,88654063
20241128,大広,営業統括,人事部,運用課,2024,202411,3Q,400003,コンサルティング収入,S005,確定,319554898,413766415
20240719,大広,営業統括,メディアプランニング部,開発課,2024,202407,2Q,300002,経常利益,S004,見込,462982309,332544188
20240215,博報堂プロダクツ,クリエイティブ統括,第一営業部,企画課,2023,202402,4Q,200002,経費,S002,特別,333429984,251461634
20240123,大広,メディア統括,デジタルマーケティング部,管理課,2023,202401,4Q,200002,経費,S003,調整,289852587,279742282
20241120,大広,営業統括,デジタルマーケティング部,第三課,2024,202411,3Q,400002,制作収入,S003,調整,539465116,409342867
20241016,博報堂プロダクツ,デジタル統括,第一営業部,第二課,2024,202410,3Q,400002,制作収入,S001,通常,23377971,25246774
20230708,博報堂プロダクツ,メディア統括,クリエイティブ部,第一課,2023,202307,2Q,400001,媒体手数料収入,S002,特別,86920759,97364944
20241220,博報堂DYメディアパートナーズ,メディア統括,クリエイティブ部,推進課,2024,202412,3Q,300002,経常利益,S001,通常,4890384,4218455
20240403,博報堂プロダクツ,管理統括,第一営業部,運用課,2024,202404,1Q,400002,制作収入,S002,特別,537416874,389259018
20231224,博報堂DYメディアパートナーズ,デジタル統括,第一営業部,運用課,2023,202312,3Q,400003,コンサルティング収入,S003,調整,64318517,80919171
20250109,博報堂,管理統括,メディアプランニング部,第三課,2024,202501,4Q,100001,売上高,S004,見込,126886971,117531643
20230701,博報堂,メディア統括,財務経理部,第二課,2023,202307,2Q,500001,広告主負担金,S004,見込,241413116,295179778
20230422,博報堂,営業統括,経営企画部,管理課,2023,202304,1Q,100002,売上原価,S003,調整,197229277,230432956
20230722,博報堂DYメディアパートナーズ,管理統括,経営企画部,管理課,2023,202307,2Q,100002,売上原価,S004,見込,42629634,59622219
20230506,博報堂プロダクツ,クリエイティブ統括,人事部,推進課,2023,202305,1Q,100003,売上総利益,S005,確定,355021663,349555325
20240123,大広,メディア統括,メディアプランニング部,推進課,2023,202401,4Q,100001,売上高,S005,確定,314711033,495190512
20240908,博報堂,デジタル統括,クリエイティブ部,第三課,2024,202409,2Q,200002,経費,S004,見込,420626225,372602065
20240413,読売広告社,管理統括,人事部,開発課,2024,202404,1Q,200003,減価償却費,S001,通常,603960815,452003473
20230912,読売広告社,メディア統括,デジタルマーケティング部,推進課,2023,202309,2Q,400003,コンサルティング収入,S003,調整,171064563,190688830
20231102,博報堂プロダクツ,営業統括,財務経理部,第一課,2023,202311,3Q,500002,媒体社リベート,S002,特別,302262180,351399399
20230621,博報堂プロダクツ,営業統括,第二営業部,第二課,2023,202306,1Q,200003,減価償却費,S005,確定,609755846,485448907
20230401,大広,デジタル統括,メディアプランニング部,開発課,2023,202304,1Q,300002,経常利益,S005,確定,178160933,158291245
20231013,博報堂プロダクツ,営業統括,デジタルマーケティング部,開発課,2023,202310,3Q,400001,媒体手数料収入,S004,見込,331400879,436661910
20250124,大広,営業統括,人事部,管理課,2024,202501,4Q,500001,広告主負担金,S002,特別,198041293,148883506
20230610,博報堂,管理統括,経営企画部,運用課,2023,202306,1Q,200003,減価償却費,S005,確定,170800976,168883930
20230628,読売広告社,営業統括,制作部,開発課,2023,202306,1Q,100001,売上高,S003,調整,5518061,3952327
20240822,博報堂,管理統括,総務部,運用課,2024,202408,2Q,100003,売上総利益,S003,調整,437661788,463662990
20240216,博報堂,管理統括,経営企画部,開発課,2023,202402,4Q,200002,経費,S001,通常,530253833,401592125
20240913,読売広告社,クリエイティブ統括,財務経理部,推進課,2024,202409,2Q,100003,売上総利益,S002,特別,59075212,70071531
20250303,博報堂プロダクツ,営業統括,人事部,管理課,2024,202503,4Q,400003,コンサルティング収入,S005,確定,478643871,451802420
20240302,博報堂DYメディアパートナーズ,メディア統括,第一営業部,開発課,2023,202403,4Q,500001,広告主負担金,S003,調整,30751334,26750197
20240914,博報堂,クリエイティブ統括,デジタルマーケティング部,第三課,2024,202409,2Q,300002,経常利益,S005,確定,143347623,136332628
20240213,博報堂,デジタル統括,財務経理部,第一課,2023,202402,4Q,300001,営業利益,S002,特別,343545033,468894053
20230827,読売広告社,クリエイティブ統括,第一営業部,推進課,2023,202308,2Q,100001,売上高,S003,調整,109588486,106841050
20250113,読売広告社,デジタル統括,メディアプランニング部,開発課,2024,202501,4Q,100003,売上総利益,S003,調整,572380642,451564371
20240612,博報堂DYメディアパートナーズ,デジタル統括,人事部,開発課,2024,202406,1Q,300002,経常利益,S005,確定,51488761,42652578
20241212,博報堂,クリエイティブ統括,人事部,企画課,2024,202412,3Q,100003,売上総利益,S005,確定,173624152,174554985
20240319,博報堂,管理統括,制作部,第二課,2023,202403,4Q,300001,営業利益,S003,調整,452226813,462686041
20240204,読売広告社,クリエイティブ統括,経営企画部,企画課,2023,202402,4Q,100002,売上原価,S005,確定,24356988,18021505
20230724,博報堂,メディア統括,制作部,開発課,2023,202307,2Q,500002,媒体社リベート,S001,通常,413371079,345472293
20231203,博報堂DYメディアパートナーズ,デジタル統括,人事部,第二課,2023,202312,3Q,100001,売上高,S005,確定,477758608,391954786
20230525,読売広告社,営業統括,制作部,運用課,2023,202305,1Q,200002,経費,S003,調整,317932662,278441846
20240307,大広,メディア統括,制作部,運用課,2023,202403,4Q,100002,売上原価,S004,見込,111817016,143223360
20250202,読売広告社,クリエイティブ統括,経営企画部,第二課,2024,202502,4Q,200003,減価償却費,S003,調整,561699655,471359436
20231024,博報堂DYメディアパートナーズ,営業統括,デジタルマーケティング部,第二課,2023,202310,3Q,200001,人件費,S001,通常,183451964,305325018
20241121,博報堂,クリエイティブ統括,制作部,第二課,2024,202411,3Q,400002,制作収入,S002,特別,396921497,411072853
20250122,博報堂DYメディアパートナーズ,デジタル統括,経営企画部,運用課,2024,202501,4Q,500001,広告主負担金,S005,確定,428789944,382827760
20241116,博報堂DYメディアパートナーズ,営業統括,財務経理部,運用課,2024,202411,3Q,300001,営業利益,S004,見込,219885885,200091885
20240913,博報堂プロダクツ,クリエイティブ統括,総務部,第三課,2024,202409,2Q,500001,広告主負担金,S002,特別,203098092,181541612
20240110,大広,メディア統括,経営企画部,管理課,2023,202401,4Q,200003,減価償却費,S004,見込,335486618,455170946
20230615,大広,デジタル統括,制作部,管理課,2023,202306,1Q,300002,経常利益,S005,確定,393038506,395097651
20241126,博報堂DYメディアパートナーズ,デジタル統括,人事部,推進課,2024,202411,3Q,200001,人件費,S002,特別,94276828,93129062
20240212,博報堂,デジタル統括,財務経理部,運用課,2023,202402,4Q,300002,経常利益,S003,調整,24788971,31129611
20230823,博報堂プロダクツ,営業統括,メディアプランニング部,第三課,2023,202308,2Q,400003,コンサルティング収入,S004,見込,37610097,51993632
20231221,博報堂,クリエイティブ統括,クリエイティブ部,管理課,2023,202312,3Q,500002,媒体社リベート,S005,確定,235166934,296654900
20231223,大広,デジタル統括,第一営業部,管理課,2023,202312,3Q,200003,減価償却費,S005,確定,114290127,90385206
20240715,大広,営業統括,総務部,推進課,2024,202407,2Q,200002,経費,S005,確定,359910206,263070315
20240708,博報堂DYメディアパートナーズ,メディア統括,デジタルマーケティング部,推進課,2024,202407,2Q,200002,経費,S003,調整,187819751,257230916
20230809,大広,デジタル統括,メディアプランニング部,開発課,2023,202308,2Q,200003,減価償却費,S002,特別,217867240,160163197
20240706,博報堂DYメディアパートナーズ,クリエイティブ統括,デジタルマーケティング部,企画課,2024,202407,2Q,400001,媒体手数料収入,S003,調整,199075964,242356528
20240405,博報堂DYメディアパートナーズ,管理統括,経営企画部,第二課,2024,202404,1Q,100001,売上高,S005,確定,219586727,241541129
20241201,博報堂プロダクツ,デジタル統括,人事部,第三課,2024,202412,3Q,500001,広告主負担金,S002,特別,136526464,133661572
20240316,博報堂DYメディアパートナーズ,営業統括,制作部,管理課,2023,202403,4Q,400001,媒体手数料収入,S002,特別,495435984,358744171
20240817,読売広告社,クリエイティブ統括,経営企画部,推進課,2024,202408,2Q,500002,媒体社リベート,S004,見込,332671582,288877826
20240905,読売広告社,クリエイティブ統括,デジタルマーケティング部,推進課,2024,202409,2Q,200001,人件費,S005,確定,410056466,303678993
20231110,博報堂,メディア統括,クリエイティブ部,推進課,2023,202311,3Q,300001,営業利益,S001,通常,458993828,457246021
20241114,博報堂プロダクツ,営業統括,総務部,管理課,2024,202411,3Q,400001,媒体手数料収入,S002,特別,201402718,238336624
20240108,読売広告社,デジタル統括,メディアプランニング部,第一課,2023,202401,4Q,100001,売上高,S005,確定,93878368,81591549
20240506,読売広告社,メディア統括,総務部,管理課,2024,202405,1Q,400001,媒体手数料収入,S001,通常,134076567,175521766
20240814,博報堂,クリエイティブ統括,第一営業部,第三課,2024,202408,2Q,400002,制作収入,S005,確定,394328697,377953697
20230822,博報堂プロダクツ,メディア統括,財務経理部,第二課,2023,202308,2Q,200002,経費,S001,通常,172856484,195967309
20240127,読売広告社,メディア統括,メディアプランニング部,運用課,2023,202401,4Q,200003,減価償却費,S001,通常,50882480,55898711
20250324,博報堂,メディア統括,人事部,第二課,2024,202503,4Q,400001,媒体手数料収入,S004,見込,592776552,487652052
20250312,博報堂プロダクツ,営業統括,総務部,第三課,2024,202503,4Q,400002,制作収入,S001,通常,241734127,193507872
20240610,大広,メディア統括,クリエイティブ部,第二課,2024,202406,1Q,100002,売上原価,S002,特別,539913545,492535211
20230922,博報堂プロダクツ,クリエイティブ統括,財務経理部,第三課,2023,202309,2Q,400002,制作収入,S004,見込,140046478,230711249
20241221,大広,クリエイティブ統括,制作部,第一課,2024,202412,3Q,300001,営業利益,S002,特別,362958746,329841661
20240206,博報堂DYメディアパートナーズ,クリエイティブ統括,クリエイティブ部,運用課,2023,202402,4Q,100003,売上総利益,S003,調整,37417852,35680629
20231121,大広,デジタル統括,制作部,企画課,2023,202311,3Q,400002,制作収入,S005,確定,243275140,186966365
20240913,博報堂,管理統括,デジタルマーケティング部,運用課,2024,202409,2Q,100002,売上原価,S001,通常,564872062,493634726
20230421,博報堂プロダクツ,クリエイティブ統括,第二営業部,第三課,2023,202304,1Q,200002,経費,S005,確定,150513151,112138127
20241128,読売広告社,メディア統括,第二営業部,開発課,2024,202411,3Q,400002,制作収入,S002,特別,7512501,9075162
20231118,大広,営業統括,財務経理部,管理課,2023,202311,3Q,300001,営業利益,S002,特別,102982338,155343289
20240501,博報堂,クリエイティブ統括,第二営業部,企画課,2024,202405,1Q,200002,経費,S005,確定,546294170,487220833
20231110,博報堂DYメディアパートナーズ,デジタル統括,制作部,運用課,2023,202311,3Q,300001,営業利益,S005,確定,610982017,462432108
20230824,博報堂,デジタル統括,デジタルマーケティング部,推進課,2023,202308,2Q,300002,経常利益,S004,見込,468460673,377794728
20240305,大広,営業統括,クリエイティブ部,開発課,2023,202403,4Q,100003,売上総利益,S004,見込,352971472,413474482
20240828,読売広告社,営業統括,第二営業部,開発課,2024,202408,2Q,200003,減価償却費,S002,特別,262433241,401629347
20250220,読売広告社,営業統括,制作部,推進課,2024,202502,4Q,500001,広告主負担金,S005,確定,584183319,451984041
20230911,博報堂DYメディアパートナーズ,メディア統括,人事部,開発課,2023,202309,2Q,500001,広告主負担金,S005,確定,369130232,337737402
20230713,読売広告社,営業統括,財務経理部,運用課,2023,202307,2Q,200003,減価償却費,S001,通常,467417497,481897401
20250316,博報堂プロダクツ,営業統括,クリエイティブ部,企画課,2024,202503,4Q,200003,減価償却費,S005,確定,385891672,326326103
20230403,博報堂,デジタル統括,財務経理部,第二課,2023,202304,1Q,200002,経費,S001,通常,475016952,381140133
20240901,博報堂プロダクツ,クリエイティブ統括,デジタルマーケティング部,第三課,2024,202409,2Q,200003,減価償却費,S003,調整,418400444,438324461
20240615,博報堂DYメディアパートナーズ,メディア統括,制作部,推進課,2024,202406,1Q,500002,媒体社リベート,S004,見込,152996299,163872075
20230419,博報堂プロダクツ,クリエイティブ統括,経営企画部,管理課,2023,202304,1Q,300001,営業利益,S005,確定,221477891,350824951
20240516,大広,クリエイティブ統括,メディアプランニング部,推進課,2024,202405,1Q,500002,媒体社リベート,S005,確定,37737066,57692895
20231014,読売広告社,メディア統括,制作部,第二課,2023,202310,3Q,200002,経費,S001,通常,304398478,232641515
20240325,読売広告社,メディア統括,制作部,推進課,2023,202403,4Q,100002,売上原価,S005,確定,270952416,275777420
20230802,博報堂DYメディアパートナーズ,メディア統括,デジタルマーケティング部,管理課,2023,202308,2Q,100003,売上総利益,S003,調整,343460731,328631888
20240222,博報堂,管理統括,人事部,開発課,2023,202402,4Q,100002,売上原価,S003,調整,69069739,58278845
20231211,大広,クリエイティブ統括,クリエイティブ部,運用課,2023,202312,3Q,400001,媒体手数料収入,S003,調整,312514007,307715930
20250224,読売広告社,営業統括,制作部,開発課,2024,202502,4Q,500001,広告主負担金,S002,特別,141003169,142512678
20240723,読売広告社,営業統括,メディアプランニング部,運用課,2024,202407,2Q,400002,制作収入,S001,通常,106749952,101823628
20250313,博報堂DYメディアパートナーズ,営業統括,人事部,推進課,2024,202503,4Q,400002,制作収入,S003,調整,408480349,466272825
20240506,博報堂プロダクツ,デジタル統括,第二営業部,推進課,2024,202405,1Q,300002,経常利益,S004,見込,505107551,473215916
20231221,博報堂,メディア統括,第一営業部,運用課,2023,202312,3Q,200003,減価償却費,S003,調整,41796987,34705822
20240224,博報堂プロダクツ,デジタル統括,総務部,第二課,2023,202402,4Q,500001,広告主負担金,S002,特別,344977896,314860808
20241203,博報堂DYメディアパートナーズ,メディア統括,経営企画部,第三課,2024,202412,3Q,500001,広告主負担金,S001,通常,12172444,18641505
20250319,博報堂DYメディアパートナーズ,デジタル統括,クリエイティブ部,管理課,2024,202503,4Q,400001,媒体手数料収入,S005,確定,437451830,373318281
20240207,大広,デジタル統括,総務部,推進課,2023,202402,4Q,300002,経常利益,S002,特別,35561886,39315638
20230726,読売広告社,営業統括,経営企画部,第三課,2023,202307,2Q,300001,営業利益,S002,特別,372557765,490073225
20230604,博報堂プロダクツ,管理統括,経営企画部,第三課,2023,202306,1Q,300002,経常利益,S004,見込,5186338,6079806
20250302,読売広告社,営業統括,クリエイティブ部,推進課,2024,202503,4Q,500001,広告主負担金,S003,調整,68514284,59006960
20230623,博報堂プロダクツ,メディア統括,第二営業部,開発課,2023,202306,1Q,300002,経常利益,S001,通常,45482358,54431175
20240408,博報堂プロダクツ,クリエイティブ統括,人事部,管理課,2024,202404,1Q,100003,売上総利益,S005,確定,221347999,182432291
20231002,博報堂DYメディアパートナーズ,デジタル統括,総務部,管理課,2023,202310,3Q,400001,媒体手数料収入,S005,確定,319709913,376188139
20240306,博報堂DYメディアパートナーズ,デジタル統括,第二営業部,運用課,2023,202403,4Q,300002,経常利益,S002,特別,355410583,344716750
20250208,博報堂,デジタル統括,第二営業部,推進課,2024,202502,4Q,300001,営業利益,S004,見込,213811867,310204853
20250217,博報堂プロダクツ,メディア統括,第一営業部,開発課,2024,202502,4Q,100003,売上総利益,S004,見込,421434748,475553405
20250114,博報堂プロダクツ,営業統括,クリエイティブ部,運用課,2024,202501,4Q,200002,経費,S001,通常,192029955,207642859
20241206,博報堂プロダクツ,デジタル統括,第一営業部,企画課,2024,202412,3Q,200001,人件費,S001,通常,1669390,1868125
20231014,博報堂,デジタル統括,人事部,運用課,2023,202310,3Q,200002,経費,S005,確定,178800940,164452895
20250227,大広,デジタル統括,財務経理部,企画課,2024,202502,4Q,200002,経費,S005,確定,73968121,60952566
20250118,博報堂DYメディアパートナーズ,クリエイティブ統括,制作部,第二課,2024,202501,4Q,400001,媒体手数料収入,S001,通常,27747378,21558339
20240612,博報堂プロダクツ,デジタル統括,第二営業部,開発課,2024,202406,1Q,400002,制作収入,S001,通常,216194270,192645312
20230917,博報堂,営業統括,クリエイティブ部,第二課,2023,202309,2Q,100001,売上高,S004,見込,405701034,317905869
20240313,読売広告社,デジタル統括,財務経理部,第二課,2023,202403,4Q,200002,経費,S003,調整,22626359,19751681
20231119,博報堂プロダクツ,営業統括,第一営業部,管理課,2023,202311,3Q,100003,売上総利益,S001,通常,64914169,79115120
20231227,博報堂,管理統括,制作部,開発課,2023,202312,3Q,400002,制作収入,S004,見込,45821684,63183400
20250311,博報堂DYメディアパートナーズ,デジタル統括,第二営業部,第二課,2024,202503,4Q,100001,売上高,S004,見込,437189619,368284582
20240320,博報堂,管理統括,制作部,第三課,2023,202403,4Q,300001,営業利益,S004,見込,420377911,471515512
20230518,博報堂,クリエイティブ統括,第一営業部,第三課,2023,202305,1Q,100003,売上総利益,S002,特別,276391543,273160652
20231024,博報堂プロダクツ,管理統括,財務経理部,管理課,2023,202310,3Q,100003,売上総利益,S002,特別,171967978,175529506
20230815,大広,営業統括,制作部,管理課,2023,202308,2Q,100003,売上総利益,S005,確定,335659079,369804795
20230516,大広,営業統括,第二営業部,開発課,2023,202305,1Q,300002,経常利益,S003,調整,290605119,215273064
20230825,博報堂,メディア統括,第一営業部,推進課,2023,202308,2Q,200002,経費,S002,特別,116282273,136884168
20230526,博報堂プロダクツ,メディア統括,クリエイティブ部,第一課,2023,202305,1Q,400001,媒体手数料収入,S004,見込,470679660,495547133
20241110,大広,クリエイティブ統括,財務経理部,第二課,2024,202411,3Q,200002,経費,S004,見込,326278983,256954920
20231012,読売広告社,管理統括,デジタルマーケティング部,推進課,2023,202310,3Q,400001,媒体手数料収入,S003,調整,273960545,259347167
20240914,博報堂,営業統括,第一営業部,運用課,2024,202409,2Q,200003,減価償却費,S002,特別,7216031,7891026
20230809,博報堂プロダクツ,営業統括,財務経理部,開発課,2023,202308,2Q,500001,広告主負担金,S004,見込,351826074,461317799
20240405,読売広告社,デジタル統括,財務経理部,企画課,2024,202404,1Q,100001,売上高,S004,見込,532946705,433601509
20240519,大広,管理統括,人事部,推進課,2024,202405,1Q,200002,経費,S001,通常,426661580,334400956
20250221,博報堂DYメディアパートナーズ,管理統括,人事部,開発課,2024,202502,4Q,400001,媒体手数料収入,S001,通常,83029009,60542471
20240909,博報堂プロダクツ,営業統括,第二営業部,推進課,2024,202409,2Q,400003,コンサルティング収入,S005,確定,9003054,12277807
20230927,大広,メディア統括,財務経理部,第三課,2023,202309,2Q,400003,コンサルティング収入,S005,確定,426457308,428270776
20230912,読売広告社,メディア統括,第一営業部,第一課,2023,202309,2Q,500002,媒体社リベート,S002,特別,127069997,189226832
20241224,博報堂,デジタル統括,制作部,第一課,2024,202412,3Q,200002,経費,S005,確定,336675614,274739043
20230417,読売広告社,管理統括,人事部,推進課,2023,202304,1Q,500001,広告主負担金,S001,通常,44689163,34618756
20231118,博報堂プロダクツ,デジタル統括,制作部,運用課,2023,202311,3Q,400003,コンサルティング収入,S003,調整,126935065,120151408
20241010,博報堂DYメディアパートナーズ,デジタル統括,クリエイティブ部,管理課,2024,202410,3Q,500002,媒体社リベート,S004,見込,145092780,205878862
20240521,大広,クリエイティブ統括,第二営業部,運用課,2024,202405,1Q,200001,人件費,S001,通常,181228068,213918551
20230706,博報堂プロダクツ,デジタル統括,第一営業部,第三課,2023,202307,2Q,100003,売上総利益,S004,見込,516084415,445053640
20240627,読売広告社,デジタル統括,第二営業部,第二課,2024,202406,1Q,200002,経費,S004,見込,29984912,32329805
20230724,博報堂,メディア統括,デジタルマーケティング部,管理課,2023,202307,2Q,400002,制作収入,S002,特別,237285090,283343643
20231023,博報堂DYメディアパートナーズ,デジタル統括,デジタルマーケティング部,企画課,2023,202310,3Q,400003,コンサルティング収入,S005,確定,411393165,393410000
20240514,博報堂,営業統括,経営企画部,第二課,2024,202405,1Q,200002,経費,S001,通常,91808817,82882157
20231023,博報堂プロダクツ,デジタル統括,経営企画部,運用課,2023,202310,3Q,100002,売上原価,S004,見込,323103520,334864960
20241009,読売広告社,管理統括,第一営業部,開発課,2024,202410,3Q,200002,経費,S004,見込,78966695,69502684
20230616,博報堂,デジタル統括,人事部,第三課,2023,202306,1Q,100001,売上高,S002,特別,172253133,174165774
20230610,博報堂DYメディアパートナーズ,管理統括,クリエイティブ部,第三課,2023,202306,1Q,200003,減価償却費,S005,確定,266811944,190915198
20240120,博報堂プロダクツ,営業統括,メディアプランニング部,第二課,2023,202401,4Q,300002,経常利益,S003,調整,319041372,255745476
20240815,博報堂,管理統括,第二営業部,企画課,2024,202408,2Q,500001,広告主負担金,S002,特別,326796745,363736915
20231018,博報堂プロダクツ,管理統括,デジタルマーケティング部,企画課,2023,202310,3Q,500001,広告主負担金,S004,見込,82562748,73585279
20230720,大広,メディア統括,財務経理部,企画課,2023,202307,2Q,100003,売上総利益,S001,通常,319542554,252784617
20230919,読売広告社,デジタル統括,デジタルマーケティング部,管理課,2023,202309,2Q,200001,人件費,S002,特別,4174013,6039752
20241119,博報堂プロダクツ,メディア統括,経営企画部,開発課,2024,202411,3Q,100003,売上総利益,S001,通常,426833896,340569075
20231026,読売広告社,クリエイティブ統括,総務部,第一課,2023,202310,3Q,300001,営業利益,S005,確定,463396403,361430578
20250320,大広,デジタル統括,第二営業部,開発課,2024,202503,4Q,100002,売上原価,S002,特別,61050241,76218439
20240924,博報堂DYメディアパートナーズ,クリエイティブ統括,経営企画部,第三課,2024,202409,2Q,100002,売上原価,S004,見込,121943140,146641121
20250204,大広,クリエイティブ統括,クリエイティブ部,第二課,2024,202502,4Q,300002,経常利益,S004,見込,474785251,474984990
20240518,博報堂プロダクツ,管理統括,第二営業部,第一課,2024,202405,1Q,500002,媒体社リベート,S003,調整,287424991,416766907
20250125,読売広告社,クリエイティブ統括,クリエイティブ部,第二課,2024,202501,4Q,100001,売上高,S004,見込,94977181,96894955
20230421,博報堂プロダクツ,メディア統括,経営企画部,第三課,2023,202304,1Q,400003,コンサルティング収入,S005,確定,51022332,57979406
20241219,博報堂DYメディアパートナーズ,デジタル統括,人事部,運用課,2024,202412,3Q,500002,媒体社リベート,S001,通常,249102444,313500764
20241206,博報堂プロダクツ,クリエイティブ統括,財務経理部,推進課,2024,202412,3Q,300002,経常利益,S005,確定,359995895,384521435
20231226,博報堂プロダクツ,メディア統括,制作部,第三課,2023,202312,3Q,100001,売上高,S001,通常,293855349,272110734
20240418,読売広告社,メディア統括,クリエイティブ部,開発課,2024,202404,1Q,100002,売上原価,S002,特別,78176894,92367716
20240718,博報堂DYメディアパートナーズ,クリエイティブ統括,クリエイティブ部,運用課,2024,202407,2Q,100001,売上高,S004,見込,59726973,63802384
20231113,博報堂,デジタル統括,クリエイティブ部,第三課,2023,202311,3Q,400002,制作収入,S005,確定,51409002,67943265
20230823,読売広告社,デジタル統括,人事部,運用課,2023,202308,2Q,400003,コンサルティング収入,S001,通常,515105468,391369645
20250121,博報堂DYメディアパートナーズ,メディア統括,制作部,第二課,2024,202501,4Q,200003,減価償却費,S004,見込,145905876,171060439
20240117,読売広告社,クリエイティブ統括,人事部,管理課,2023,202401,4Q,300002,経常利益,S004,見込,14310540,22286745
20240312,博報堂DYメディアパートナーズ,クリエイティブ統括,経営企画部,第一課,2023,202403,4Q,400002,制作収入,S004,見込,396315800,464522454
20230603,読売広告社,デジタル統括,制作部,第一課,2023,202306,1Q,300002,経常利益,S001,通常,147530405,141159873
20240125,博報堂プロダクツ,管理統括,デジタルマーケティング部,第三課,2023,202401,4Q,200002,経費,S003,調整,321559507,291021944
20231226,博報堂プロダクツ,営業統括,第一営業部,第一課,2023,202312,3Q,100001,売上高,S004,見込,378997957,357748110
20230819,大広,クリエイティブ統括,第一営業部,第一課,2023,202308,2Q,400002,制作収入,S003,調整,352950125,388231902
20240120,大広,メディア統括,クリエイティブ部,推進課,2023,202401,4Q,100001,売上高,S001,通常,161288312,156222672
20240918,読売広告社,営業統括,経営企画部,開発課,2024,202409,2Q,200003,減価償却費,S003,調整,474366111,418499436
20250125,大広,メディア統括,人事部,第三課,2024,202501,4Q,300002,経常利益,S005,確定,371271219,478986642
20240222,読売広告社,営業統括,制作部,企画課,2023,202402,4Q,100002,売上原価,S003,調整,3676526,3379543
20250104,博報堂プロダクツ,営業統括,人事部,企画課,2024,202501,4Q,400002,制作収入,S002,特別,63833035,48901325
20230421,博報堂プロダクツ,営業統括,デジタルマーケティング部,第一課,2023,202304,1Q,200002,経費,S005,確定,124026313,172986647
20230413,博報堂プロダクツ,デジタル統括,第二営業部,管理課,2023,202304,1Q,100003,売上総利益,S003,調整,246519772,241156060
20240320,博報堂,営業統括,第一営業部,管理課,2023,202403,4Q,100003,売上総利益,S004,見込,269893856,204528653
20230802,読売広告社,メディア統括,人事部,企画課,2023,202308,2Q,300002,経常利益,S001,通常,114482037,140591444
20241111,博報堂DYメディアパートナーズ,デジタル統括,経営企画部,第三課,2024,202411,3Q,100001,売上高,S001,通常,131696994,105738559
20250109,博報堂プロダクツ,営業統括,人事部,推進課,2024,202501,4Q,200003,減価償却費,S005,確定,150476208,178699496
20240209,大広,管理統括,財務経理部,第二課,2023,202402,4Q,400001,媒体手数料収入,S003,調整,493073183,356904470
20250301,博報堂DYメディアパートナーズ,メディア統括,経営企画部,運用課,2024,202503,4Q,500002,媒体社リベート,S001,通常,75087428,79282664
20231123,読売広告社,管理統括,メディアプランニング部,第二課,2023,202311,3Q,300002,経常利益,S002,特別,328516719,485916917
20241023,博報堂DYメディアパートナーズ,メディア統括,第二営業部,管理課,2024,202410,3Q,200001,人件費,S005,確定,81258212,127313436
20240105,博報堂DYメディアパートナーズ,営業統括,財務経理部,第一課,2023,202401,4Q,100002,売上原価,S001,通常,570642312,442559919
20250212,博報堂プロダクツ,営業統括,人事部,推進課,2024,202502,4Q,500001,広告主負担金,S001,通常,67937576,77064629
20240210,大広,デジタル統括,第二営業部,管理課,2023,202402,4Q,500002,媒体社リベート,S001,通常,193297547,312675191
20250115,博報堂DYメディアパートナーズ,メディア統括,デジタルマーケティング部,運用課,2024,202501,4Q,500002,媒体社リベート,S003,調整,18633267,19164861
20230508,博報堂プロダクツ,デジタル統括,経営企画部,第二課,2023,202305,1Q,500001,広告主負担金,S002,特別,388809019,341367367
20240606,博報堂,クリエイティブ統括,メディアプランニング部,企画課,2024,202406,1Q,100003,売上総利益,S005,確定,301138551,271887019
20240702,博報堂DYメディアパートナーズ,クリエイティブ統括,第一営業部,第一課,2024,202407,2Q,400003,コンサルティング収入,S003,調整,238438611,280576693
20230805,博報堂DYメディアパートナーズ,クリエイティブ統括,第二営業部,開発課,2023,202308,2Q,400001,媒体手数料収入,S004,見込,273285517,300168991
20250322,大広,管理統括,第二営業部,企画課,2024,202503,4Q,300001,営業利益,S003,調整,83446106,90400909
20240215,博報堂DYメディアパートナーズ,管理統括,クリエイティブ部,企画課,2023,202402,4Q,200003,減価償却費,S004,見込,340272477,315744589
20230606,読売広告社,営業統括,財務経理部,管理課,2023,202306,1Q,100003,売上総利益,S004,見込,59069979,88519339
20240424,博報堂,管理統括,第二営業部,企画課,2024,202404,1Q,100003,売上総利益,S002,特別,347491710,378471272
20241015,博報堂プロダクツ,クリエイティブ統括,メディアプランニング部,企画課,2024,202410,3Q,200003,減価償却費,S003,調整,496360735,381635552
20241216,読売広告社,営業統括,クリエイティブ部,開発課,2024,202412,3Q,100002,売上原価,S001,通常,476165026,481527660
20231225,読売広告社,デジタル統括,制作部,運用課,2023,202312,3Q,100002,売上原価,S003,調整,278829736,307312985
20240615,博報堂DYメディアパートナーズ,メディア統括,経営企画部,第三課,2024,202406,1Q,400002,制作収入,S003,調整,399734541,349844918
20230724,博報堂DYメディアパートナーズ,メディア統括,第一営業部,運用課,2023,202307,2Q,400001,媒体手数料収入,S005,確定,531641915,477418491
20230508,博報堂プロダクツ,営業統括,財務経理部,第一課,2023,202305,1Q,300001,営業利益,S004,見込,52965148,50821595
20240510,大広,営業統括,経営企画部,第一課,2024,202405,1Q,400003,コンサルティング収入,S005,確定,211643886,160417145
20250123,博報堂DYメディアパートナーズ,管理統括,総務部,企画課,2024,202501,4Q,300001,営業利益,S004,見込,353420469,455735626
20240503,博報堂プロダクツ,メディア統括,経営企画部,運用課,2024,202405,1Q,500001,広告主負担金,S002,特別,238294466,237857896
20241124,大広,メディア統括,第二営業部,運用課,2024,202411,3Q,100001,売上高,S002,特別,216399888,194261000
20231223,博報堂DYメディアパートナーズ,クリエイティブ統括,第二営業部,運用課,2023,202312,3Q,200001,人件費,S001,通常,188244478,274033624
20230611,読売広告社,クリエイティブ統括,第一営業部,推進課,2023,202306,1Q,300002,経常利益,S003,調整,284507673,308358505
20230806,読売広告社,クリエイティブ統括,メディアプランニング部,第二課,2023,202308,2Q,400003,コンサルティング収入,S003,調整,265278231,219467061
20240404,博報堂DYメディアパートナーズ,メディア統括,デジタルマーケティング部,運用課,2024,202404,1Q,100001,売上高,S003,調整,317371431,377473629
20240405,大広,営業統括,財務経理部,管理課,2024,202404,1Q,300001,営業利益,S005,確定,307894778,415670291
20230618,博報堂プロダクツ,管理統括,デジタルマーケティング部,企画課,2023,202306,1Q,500002,媒体社リベート,S003,調整,332410809,401401263
20241022,博報堂,クリエイティブ統括,人事部,第二課,2024,202410,3Q,200002,経費,S005,確定,162839668,131624669
20240404,博報堂,メディア統括,メディアプランニング部,管理課,2024,202404,1Q,200003,減価償却費,S001,通常,85512819,63469167
20231028,博報堂プロダクツ,営業統括,総務部,推進課,2023,202310,3Q,300002,経常利益,S005,確定,427625919,351292595
20230511,博報堂プロダクツ,管理統括,クリエイティブ部,管理課,2023,202305,1Q,200003,減価償却費,S004,見込,393273257,491106440
20240221,博報堂,管理統括,メディアプランニング部,推進課,2023,202402,4Q,500001,広告主負担金,S003,調整,26622423,26723724
20250325,大広,クリエイティブ統括,経営企画部,開発課,2024,202503,4Q,400003,コンサルティング収入,S004,見込,338828052,427382264
20240620,大広,クリエイティブ統括,総務部,運用課,2024,202406,1Q,200003,減価償却費,S003,調整,340411841,494657070
20230812,博報堂,メディア統括,第一営業部,開発課,2023,202308,2Q,300002,経常利益,S001,通常,428396250,468743888
20230620,大広,デジタル統括,総務部,管理課,2023,202306,1Q,500001,広告主負担金,S005,確定,182058571,159804086
20240311,大広,クリエイティブ統括,第二営業部,管理課,2023,202403,4Q,100002,売上原価,S003,調整,230968925,233028232
20241009,博報堂プロダクツ,管理統括,メディアプランニング部,第三課,2024,202410,3Q,200001,人件費,S005,確定,357251010,344924368
20230701,博報堂,デジタル統括,クリエイティブ部,第二課,2023,202307,2Q,100001,売上高,S001,通常,491573948,423543593
20231026,博報堂プロダクツ,営業統括,総務部,第一課,2023,202310,3Q,400002,制作収入,S003,調整,242709929,271703987
20231108,読売広告社,営業統括,デジタルマーケティング部,推進課,2023,202311,3Q,200002,経費,S005,確定,385408020,415493996
20230624,博報堂DYメディアパートナーズ,デジタル統括,人事部,企画課,2023,202306,1Q,200002,経費,S005,確定,210310101,224172923
20231005,読売広告社,デジタル統括,人事部,企画課,2023,202310,3Q,400002,制作収入,S003,調整,542109097,483063095
20241216,大広,管理統括,財務経理部,管理課,2024,202412,3Q,100002,売上原価,S005,確定,261633411,263095454
20240405,博報堂,クリエイティブ統括,財務経理部,第二課,2024,202404,1Q,300002,経常利益,S003,調整,536502177,404088165
20241223,博報堂,管理統括,メディアプランニング部,第三課,2024,202412,3Q,200002,経費,S001,通常,542544344,485140377
20240918,博報堂,デジタル統括,制作部,推進課,2024,202409,2Q,100002,売上原価,S004,見込,46556492,64369812
20241216,大広,メディア統括,メディアプランニング部,推進課,2024,202412,3Q,200001,人件費,S004,見込,113227732,171401462
20240117,博報堂,クリエイティブ統括,クリエイティブ部,第二課,2023,202401,4Q,400001,媒体手数料収入,S002,特別,371834627,316819043
20240210,博報堂プロダクツ,クリエイティブ統括,人事部,推進課,2023,202402,4Q,400001,媒体手数料収入,S002,特別,404401593,354155272
20231021,博報堂プロダクツ,デジタル統括,制作部,第一課,2023,202310,3Q,400003,コンサルティング収入,S005,確定,502597205,404565896
20250205,博報堂DYメディアパートナーズ,デジタル統括,クリエイティブ部,第三課,2024,202502,4Q,200001,人件費,S001,通常,516285457,488867468
20231018,博報堂,クリエイティブ統括,経営企画部,第二課,2023,202310,3Q,300002,経常利益,S001,通常,234106750,291954655
20240317,博報堂プロダクツ,デジタル統括,デジタルマーケティング部,開発課,2023,202403,4Q,100003,売上総利益,S005,確定,79756767,112530902
20230426,博報堂,クリエイティブ統括,財務経理部,開発課,2023,202304,1Q,200001,人件費,S002,特別,12810321,14103216
20230414,博報堂,管理統括,総務部,管理課,2023,202304,1Q,200001,人件費,S005,確定,97483279,96637494
20240110,博報堂プロダクツ,管理統括,第二営業部,企画課,2023,202401,4Q,100002,売上原価,S004,見込,10454156,14404525
20241128,博報堂プロダクツ,デジタル統括,人事部,管理課,2024,202411,3Q,400002,制作収入,S002,特別,44431747,59992190
20241026,博報堂DYメディアパートナーズ,管理統括,第一営業部,第二課,2024,202410,3Q,200001,人件費,S004,見込,222692527,262594188
20230512,読売広告社,営業統括,経営企画部,開発課,2023,202305,1Q,400003,コンサルティング収入,S003,調整,23301282,17630805
20231219,博報堂DYメディアパートナーズ,クリエイティブ統括,財務経理部,管理課,2023,202312,3Q,300002,経常利益,S003,調整,498193200,391732544
20230914,大広,デジタル統括,経営企画部,推進課,2023,202309,2Q,400001,媒体手数料収入,S002,特別,201689216,199616150
20230820,大広,クリエイティブ統括,クリエイティブ部,開発課,2023,202308,2Q,200001,人件費,S001,通常,353123104,406243829
20230427,博報堂,管理統括,人事部,管理課,2023,202304,1Q,200001,人件費,S005,確定,579993939,426961340
20241024,博報堂プロダクツ,クリエイティブ統括,デジタルマーケティング部,第三課,2024,202410,3Q,100002,売上原価,S002,特別,417613356,467767003
20240122,博報堂DYメディアパートナーズ,営業統括,メディアプランニング部,第二課,2023,202401,4Q,400001,媒体手数料収入,S004,見込,255183268,272205448
20240605,博報堂,管理統括,第二営業部,管理課,2024,202406,1Q,100003,売上総利益,S004,見込,302765745,289431779
20230903,大広,管理統括,人事部,運用課,2023,202309,2Q,200001,人件費,S005,確定,461159325,332742069
20230409,大広,デジタル統括,第二営業部,第三課,2023,202304,1Q,300001,営業利益,S001,通常,54475342,59051437
20231003,博報堂,営業統括,第一営業部,企画課,2023,202310,3Q,400001,媒体手数料収入,S003,調整,341875827,486126580
20240418,大広,管理統括,クリエイティブ部,第二課,2024,202404,1Q,400001,媒体手数料収入,S004,見込,22912809,19146368
20230704,博報堂DYメディアパートナーズ,管理統括,総務部,企画課,2023,202307,2Q,400001,媒体手数料収入,S004,見込,582802539,425450443
20230519,大広,デジタル統括,メディアプランニング部,開発課,2023,202305,1Q,500001,広告主負担金,S004,見込,219439074,268835915
20231216,博報堂DYメディアパートナーズ,管理統括,財務経理部,管理課,2023,202312,3Q,400002,制作収入,S005,確定,492323767,435678366
20240207,博報堂プロダクツ,デジタル統括,第一営業部,開発課,2023,202402,4Q,400003,コンサルティング収入,S001,通常,36698399,46706241
20240307,博報堂プロダクツ,管理統括,人事部,開発課,2023,202403,4Q,300002,経常利益,S003,調整,343685645,317897946
20231012,博報堂DYメディアパートナーズ,営業統括,クリエイティブ部,推進課,2023,202310,3Q,200002,経費,S003,調整,9992681,15979289
20240315,博報堂DYメディアパートナーズ,営業統括,経営企画部,第一課,2023,202403,4Q,200001,人件費,S005,確定,369756810,355657212
20230711,読売広告社,メディア統括,人事部,開発課,2023,202307,2Q,100003,売上総利益,S003,調整,420883530,372152441
20240125,博報堂,デジタル統括,制作部,第三課,2023,202401,4Q,200001,人件費,S002,特別,348960712,300275465
20250203,博報堂,メディア統括,制作部,第一課,2024,202502,4Q,100002,売上原価,S001,通常,335890778,310283379
20250305,大広,メディア統括,財務経理部,開発課,2024,202503,4Q,500001,広告主負担金,S004,見込,518589926,394633124
20241128,博報堂プロダクツ,営業統括,経営企画部,企画課,2024,202411,3Q,500002,媒体社リベート,S005,確定,151458597,199521379
20250102,博報堂,管理統括,第二営業部,推進課,2024,202501,4Q,300002,経常利益,S001,通常,33099740,39936448
20240323,博報堂DYメディアパートナーズ,デジタル統括,制作部,管理課,2023,202403,4Q,400003,コンサルティング収入,S002,特別,373204964,351362653
20250310,博報堂,デジタル統括,クリエイティブ部,推進課,2024,202503,4Q,500001,広告主負担金,S004,見込,108864878,126350422
20240806,大広,管理統括,制作部,企画課,2024,202408,2Q,400001,媒体手数料収入,S001,通常,224322730,296453103
20241201,博報堂DYメディアパートナーズ,デジタル統括,クリエイティブ部,第三課,2024,202412,3Q,200002,経費,S005,確定,421131988,398426177
20241025,大広,営業統括,第二営業部,第二課,2024,202410,3Q,300002,経常利益,S004,見込,249420468,355576441
20240210,博報堂プロダクツ,デジタル統括,財務経理部,管理課,2023,202402,4Q,400003,コンサルティング収入,S002,特別,187384882,141153423
20240120,博報堂,クリエイティブ統括,デジタルマーケティング部,第三課,2023,202401,4Q,100003,売上総利益,S002,特別,330143814,236522651
20240526,博報堂,営業統括,クリエイティブ部,第三課,2024,202405,1Q,500001,広告主負担金,S001,通常,54451453,42844945
20240119,博報堂プロダクツ,営業統括,総務部,運用課,2023,202401,4Q,400002,制作収入,S005,確定,271061430,389382645
20230728,読売広告社,メディア統括,第一営業部,企画課,2023,202307,2Q,100002,売上原価,S005,確定,215396573,245990430
20230616,博報堂DYメディアパートナーズ,メディア統括,クリエイティブ部,第三課,2023,202306,1Q,400002,制作収入,S003,調整,669356707,497210830
20241209,博報堂DYメディアパートナーズ,管理統括,デジタルマーケティング部,開発課,2024,202412,3Q,200002,経費,S005,確定,251313972,265161243
20240410,博報堂,デジタル統括,デジタルマーケティング部,運用課,2024,202404,1Q,100002,売上原価,S002,特別,194204906,277823951
20250307,読売広告社,デジタル統括,第二営業部,第三課,2024,202503,4Q,400001,媒体手数料収入,S002,特別,557082731,440301838
20230403,博報堂プロダクツ,営業統括,第一営業部,第一課,2023,202304,1Q,300001,営業利益,S004,見込,221895808,163207343
20230412,大広,管理統括,デジタルマーケティング部,企画課,2023,202304,1Q,100001,売上高,S002,特別,36633150,58512581
20250322,博報堂DYメディアパートナーズ,デジタル統括,デジタルマーケティング部,管理課,2024,202503,4Q,400001,媒体手数料収入,S001,通常,356447221,489406514
20230518,博報堂DYメディアパートナーズ,デジタル統括,クリエイティブ部,管理課,2023,202305,1Q,100002,売上原価,S004,見込,14634254,14259038
20240403,博報堂プロダクツ,営業統括,第二営業部,第三課,2024,202404,1Q,100001,売上高,S003,調整,224602298,174918433
20240225,読売広告社,メディア統括,財務経理部,第三課,2023,202402,4Q,300001,営業利益,S002,特別,40879077,37777859
20240912,大広,メディア統括,制作部,第三課,2024,202409,2Q,100003,売上総利益,S003,調整,216823280,202891747
20230710,読売広告社,メディア統括,総務部,第三課,2023,202307,2Q,400003,コンサルティング収入,S002,特別,433445444,342735865
20230827,博報堂プロダクツ,デジタル統括,総務部,第二課,2023,202308,2Q,200001,人件費,S004,見込,63383984,105299254
20240605,読売広告社,営業統括,財務経理部,運用課,2024,202406,1Q,400003,コンサルティング収入,S004,見込,495068848,491735633
20230808,大広,営業統括,メディアプランニング部,運用課,2023,202308,2Q,400001,媒体手数料収入,S003,調整,570114551,408159394
20231017,博報堂,営業統括,制作部,運用課,2023,202310,3Q,100003,売上総利益,S003,調整,23524405,20776021
20230911,読売広告社,管理統括,制作部,第一課,2023,202309,2Q,200003,減価償却費,S002,特別,191382687,215064905
20250321,博報堂DYメディアパートナーズ,クリエイティブ統括,第一営業部,運用課,2024,202503,4Q,400001,媒体手数料収入,S001,通常,246002882,240803390
20240908,読売広告社,クリエイティブ統括,制作部,第二課,2024,202409,2Q,400001,媒体手数料収入,S001,通常,244426310,229499730
20240222,読売広告社,営業統括,人事部,第三課,2023,202402,4Q,100002,売上原価,S004,見込,496096532,366936459
20250302,読売広告社,営業統括,クリエイティブ部,第二課,2024,202503,4Q,100001,売上高,S004,見込,11327117,11064839
20240416,大広,デジタル統括,経営企画部,第二課,2024,202404,1Q,400001,媒体手数料収入,S002,特別,415786283,379838908
20240201,博報堂DYメディアパートナーズ,営業統括,第二営業部,開発課,2023,202402,4Q,300001,営業利益,S004,見込,402450369,474856044
20230805,博報堂プロダクツ,メディア統括,第一営業部,推進課,2023,202308,2Q,200002,経費,S002,特別,165361338,198366054
20230918,博報堂DYメディアパートナーズ,デジタル統括,第一営業部,推進課,2023,202309,2Q,200002,経費,S005,確定,238813794,244823307
20230813,博報堂プロダクツ,メディア統括,メディアプランニング部,開発課,2023,202308,2Q,200002,経費,S001,通常,211858549,181786632
20231024,博報堂プロダクツ,デジタル統括,メディアプランニング部,管理課,2023,202310,3Q,100002,売上原価,S003,調整,396880601,482719930
20241111,読売広告社,クリエイティブ統括,人事部,開発課,2024,202411,3Q,500001,広告主負担金,S004,見込,85465666,91911238
20231225,博報堂,営業統括,クリエイティブ部,推進課,2023,202312,3Q,300002,経常利益,S005,確定,49519429,59857821
20231023,博報堂DYメディアパートナーズ,メディア統括,第二営業部,開発課,2023,202310,3Q,400003,コンサルティング収入,S001,通常,421595993,322408805
20240810,読売広告社,デジタル統括,デジタルマーケティング部,第三課,2024,202408,2Q,400001,媒体手数料収入,S004,見込,284818473,237660658
20240304,博報堂DYメディアパートナーズ,営業統括,財務経理部,第二課,2023,202403,4Q,200003,減価償却費,S004,見込,527574700,392231597
20231007,大広,営業統括,クリエイティブ部,企画課,2023,202310,3Q,100002,売上原価,S005,確定,127191875,113513188
20230904,大広,管理統括,第一営業部,第二課,2023,202309,2Q,100001,売上高,S003,調整,69569895,106778205
20240209,博報堂DYメディアパートナーズ,デジタル統括,制作部,第二課,2023,202402,4Q,500002,媒体社リベート,S005,確定,448967497,346266918
20230826,博報堂,メディア統括,人事部,開発課,2023,202308,2Q,100001,売上高,S003,調整,346377770,380733620
20230922,大広,営業統括,財務経理部,第二課,2023,202309,2Q,500001,広告主負担金,S005,確定,330244464,270623965
20231204,大広,デジタル統括,デジタルマーケティング部,第一課,2023,202312,3Q,400001,媒体手数料収入,S001,通常,155069107,229598410
20240210,大広,メディア統括,財務経理部,管理課,2023,202402,4Q,200001,人件費,S004,見込,292770580,320884007
20241218,博報堂,営業統括,総務部,第二課,2024,202412,3Q,300002,経常利益,S005,確定,257720588,322849731
20230920,博報堂DYメディアパートナーズ,メディア統括,人事部,第二課,2023,202309,2Q,300001,営業利益,S004,見込,500822855,376694520
20240519,博報堂,営業統括,第一営業部,管理課,2024,202405,1Q,400003,コンサルティング収入,S002,特別,114893627,148191689
20231216,読売広告社,デジタル統括,経営企画部,運用課,2023,202312,3Q,500001,広告主負担金,S005,確定,104540384,78760635
20241009,博報堂プロダクツ,デジタル統括,メディアプランニング部,企画課,2024,202410,3Q,200002,経費,S001,通常,346060480,464697450
20241028,大広,クリエイティブ統括,クリエイティブ部,企画課,2024,202410,3Q,300002,経常利益,S004,見込,273575443,261897971
20240717,博報堂DYメディアパートナーズ,管理統括,第一営業部,運用課,2024,202407,2Q,400003,コンサルティング収入,S003,調整,246176341,338320065
20250115,博報堂,営業統括,制作部,開発課,2024,202501,4Q,400001,媒体手数料収入,S003,調整,95065524,91897302
20250210,博報堂プロダクツ,メディア統括,財務経理部,開発課,2024,202502,4Q,400001,媒体手数料収入,S003,調整,438581609,367009133
20250311,大広,メディア統括,財務経理部,企画課,2024,202503,4Q,200002,経費,S001,通常,566253559,494464335
20230722,博報堂DYメディアパートナーズ,管理統括,メディアプランニング部,第二課,2023,202307,2Q,300002,経常利益,S005,確定,205008880,222800480
20231009,博報堂プロダクツ,デジタル統括,メディアプランニング部,開発課,2023,202310,3Q,100001,売上高,S003,調整,250108384,338988756
20240404,読売広告社,営業統括,総務部,第三課,2024,202404,1Q,100001,売上高,S002,特別,352811269,326215093
20250320,読売広告社,デジタル統括,クリエイティブ部,管理課,2024,202503,4Q,100002,売上原価,S005,確定,541041326,435798136
20240617,読売広告社,メディア統括,制作部,推進課,2024,202406,1Q,400001,媒体手数料収入,S003,調整,176544996,239463262
20240116,読売広告社,営業統括,第一営業部,推進課,2023,202401,4Q,300001,営業利益,S003,調整,201083173,157082758
20230424,博報堂プロダクツ,クリエイティブ統括,第一営業部,運用課,2023,202304,1Q,100003,売上総利益,S001,通常,469820731,435584343
20230625,博報堂,管理統括,第二営業部,第一課,2023,202306,1Q,300002,経常利益,S003,調整,586621706,477751700
20231019,博報堂プロダクツ,メディア統括,制作部,第二課,2023,202310,3Q,200002,経費,S001,通常,273612867,374012636
20240803,博報堂DYメディアパートナーズ,メディア統括,第二営業部,推進課,2024,202408,2Q,400002,制作収入,S002,特別,49225599,62080945
20230819,大広,メディア統括,第二営業部,推進課,2023,202308,2Q,100002,売上原価,S005,確定,446382072,444140365
20230915,博報堂,管理統括,第二営業部,運用課,2023,202309,2Q,200001,人件費,S003,調整,70751479,82333171
20231213,博報堂プロダクツ,営業統括,人事部,運用課,2023,202312,3Q,200001,人件費,S002,特別,446804998,326768628
20231218,読売広告社,デジタル統括,メディアプランニング部,管理課,2023,202312,3Q,100003,売上総利益,S005,確定,227011228,288687177
20231213,読売広告社,管理統括,デジタルマーケティング部,開発課,2023,202312,3Q,100001,売上高,S003,調整,64315243,72600041
20250223,博報堂プロダクツ,メディア統括,デジタルマーケティング部,推進課,2024,202502,4Q,400002,制作収入,S005,確定,525563412,466248154
20240302,博報堂プロダクツ,デジタル統括,デジタルマーケティング部,第一課,2023,202403,4Q,100002,売上原価,S003,調整,606095057,485178821
20230507,博報堂DYメディアパートナーズ,メディア統括,人事部,開発課,2023,202305,1Q,200002,経費,S003,調整,81360514,97843357
20240520,博報堂,メディア統括,総務部,第三課,2024,202405,1Q,100003,売上総利益,S004,見込,348412771,252311652
20250316,大広,デジタル統括,人事部,第二課,2024,202503,4Q,400002,制作収入,S003,調整,144718919,181962162
20240217,博報堂DYメディアパートナーズ,管理統括,財務経理部,第三課,2023,202402,4Q,200002,経費,S003,調整,195988611,181750393
20250108,博報堂,営業統括,人事部,第一課,2024,202501,4Q,100003,売上総利益,S002,特別,235658117,176844833
20250107,博報堂DYメディアパートナーズ,デジタル統括,経営企画部,推進課,2024,202501,4Q,300002,経常利益,S002,特別,407032479,345173495
20231004,大広,メディア統括,財務経理部,第三課,2023,202310,3Q,200002,経費,S001,通常,24436935,20572304
20230910,読売広告社,メディア統括,クリエイティブ部,第二課,2023,202309,2Q,200002,経費,S003,調整,570617400,422618384
20250211,博報堂DYメディアパートナーズ,クリエイティブ統括,財務経理部,第二課,2024,202502,4Q,100003,売上総利益,S004,見込,549775793,457556198
20230619,博報堂DYメディアパートナーズ,クリエイティブ統括,制作部,運用課,2023,202306,1Q,400003,コンサルティング収入,S005,確定,131374114,126864624
20250317,博報堂,デジタル統括,デジタルマーケティング部,企画課,2024,202503,4Q,100002,売上原価,S002,特別,162761371,178283688
20240413,大広,営業統括,財務経理部,運用課,2024,202404,1Q,200002,経費,S004,見込,215353304,320335346
20240219,博報堂,デジタル統括,経営企画部,推進課,2023,202402,4Q,300002,経常利益,S004,見込,268668502,444245212
20230925,読売広告社,営業統括,クリエイティブ部,推進課,2023,202309,2Q,500002,媒体社リベート,S003,調整,74676491,72691712
20231208,読売広告社,管理統括,第一営業部,運用課,2023,202312,3Q,200001,人件費,S004,見込,393681839,367808799
20240628,博報堂プロダクツ,デジタル統括,経営企画部,管理課,2024,202406,1Q,400002,制作収入,S004,見込,81807111,132742286
20240404,博報堂プロダクツ,管理統括,財務経理部,管理課,2024,202404,1Q,100003,売上総利益,S002,特別,260717003,413962283
20230901,博報堂DYメディアパートナーズ,デジタル統括,総務部,推進課,2023,202309,2Q,200001,人件費,S004,見込,540986805,494922137
20240214,博報堂プロダクツ,クリエイティブ統括,人事部,運用課,2023,202402,4Q,100003,売上総利益,S005,確定,310009582,473838520
20240726,大広,メディア統括,クリエイティブ部,運用課,2024,202407,2Q,500002,媒体社リベート,S001,通常,173313561,177030427
20241128,博報堂プロダクツ,営業統括,クリエイティブ部,推進課,2024,202411,3Q,100003,売上総利益,S001,通常,502002256,380525911
20240611,博報堂プロダクツ,デジタル統括,第二営業部,企画課,2024,202406,1Q,200003,減価償却費,S005,確定,115784835,172504575
20240911,読売広告社,営業統括,第一営業部,企画課,2024,202409,2Q,400003,コンサルティング収入,S004,見込,65435372,69386110
20240317,読売広告社,管理統括,クリエイティブ部,管理課,2023,202403,4Q,300002,経常利益,S004,見込,108849293,117785919
20230623,博報堂,営業統括,人事部,第三課,2023,202306,1Q,500001,広告主負担金,S005,確定,158555842,172142264
20240521,大広,管理統括,経営企画部,第一課,2024,202405,1Q,300001,営業利益,S005,確定,111977304,112332925
20230807,博報堂DYメディアパートナーズ,クリエイティブ統括,制作部,第二課,2023,202308,2Q,300002,経常利益,S005,確定,33209174,48670275
20231004,博報堂,営業統括,第二営業部,推進課,2023,202310,3Q,400002,制作収入,S003,調整,39252866,50333832
20230412,大広,デジタル統括,デジタルマーケティング部,運用課,2023,202304,1Q,400001,媒体手数料収入,S001,通常,50196898,43788108
20240724,博報堂,営業統括,クリエイティブ部,第二課,2024,202407,2Q,100003,売上総利益,S005,確定,118166970,153933529
20240716,博報堂,メディア統括,経営企画部,開発課,2024,202407,2Q,200002,経費,S005,確定,420897893,325401199
20240907,博報堂プロダクツ,デジタル統括,第二営業部,推進課,2024,202409,2Q,300002,経常利益,S003,調整,255770823,310708690
20241228,読売広告社,クリエイティブ統括,財務経理部,企画課,2024,202412,3Q,200002,経費,S004,見込,362495753,396302596
20241026,読売広告社,クリエイティブ統括,財務経理部,企画課,2024,202410,3Q,200002,経費,S002,特別,5435716,4842109
20240906,博報堂DYメディアパートナーズ,メディア統括,人事部,企画課,2024,202409,2Q,500001,広告主負担金,S005,確定,131795547,164093340
20230618,博報堂DYメディアパートナーズ,営業統括,財務経理部,企画課,2023,202306,1Q,200002,経費,S002,特別,222124894,161003299
20240608,博報堂,デジタル統括,制作部,推進課,2024,202406,1Q,100002,売上原価,S002,特別,193086697,158410136
20230402,読売広告社,クリエイティブ統括,第二営業部,運用課,2023,202304,1Q,500001,広告主負担金,S005,確定,415923670,358580498
20250320,大広,営業統括,メディアプランニング部,第二課,2024,202503,4Q,100002,売上原価,S005,確定,44213257,48162595
20230622,博報堂DYメディアパートナーズ,営業統括,財務経理部,開発課,2023,202306,1Q,200002,経費,S003,調整,469047687,488888453
20240306,博報堂DYメディアパートナーズ,営業統括,メディアプランニング部,推進課,2023,202403,4Q,200003,減価償却費,S005,確定,185068299,179753192
20240716,博報堂プロダクツ,デジタル統括,第二営業部,第一課,2024,202407,2Q,300001,営業利益,S003,調整,383560944,331263696
20230407,大広,メディア統括,制作部,開発課,2023,202304,1Q,400002,制作収入,S002,特別,183315356,211907929
20231118,読売広告社,クリエイティブ統括,人事部,推進課,2023,202311,3Q,100002,売上原価,S003,調整,133525753,205194336
20230419,博報堂,管理統括,制作部,管理課,2023,202304,1Q,100002,売上原価,S001,通常,382026996,293537410
20231019,博報堂プロダクツ,メディア統括,人事部,第三課,2023,202310,3Q,100001,売上高,S001,通常,204259880,163866302
20230410,博報堂プロダクツ,メディア統括,第二営業部,第一課,2023,202304,1Q,100002,売上原価,S002,特別,596961060,442011025
20240310,読売広告社,メディア統括,人事部,企画課,2023,202403,4Q,400001,媒体手数料収入,S005,確定,325686879,263558860
20230608,大広,メディア統括,総務部,第三課,2023,202306,1Q,200003,減価償却費,S005,確定,41056891,66168481
20230424,博報堂,メディア統括,第二営業部,第三課,2023,202304,1Q,400003,コンサルティング収入,S002,特別,108681525,138262421
20240104,博報堂,メディア統括,制作部,第三課,2023,202401,4Q,300001,営業利益,S003,調整,35120063,33336270
20240628,読売広告社,クリエイティブ統括,経営企画部,開発課,2024,202406,1Q,300002,経常利益,S003,調整,7012365,6468325
20240528,博報堂DYメディアパートナーズ,デジタル統括,制作部,運用課,2024,202405,1Q,100003,売上総利益,S005,確定,450132028,377986661
20240717,読売広告社,メディア統括,総務部,企画課,2024,202407,2Q,100002,売上原価,S005,確定,74502375,69984103
20230817,大広,営業統括,人事部,企画課,2023,202308,2Q,200002,経費,S003,調整,112566635,113843197
20230523,読売広告社,営業統括,人事部,推進課,2023,202305,1Q,200003,減価償却費,S005,確定,165445847,175953376
20240227,読売広告社,クリエイティブ統括,第二営業部,開発課,2023,202402,4Q,200001,人件費,S005,確定,348549878,334963303
20240907,大広,管理統括,第二営業部,第二課,2024,202409,2Q,100001,売上高,S001,通常,56142179,55728744
20230707,博報堂DYメディアパートナーズ,営業統括,総務部,第三課,2023,202307,2Q,100002,売上原価,S001,通常,364231544,280668740
20240901,博報堂プロダクツ,営業統括,制作部,運用課,2024,202409,2Q,100003,売上総利益,S002,特別,59580752,85723702
20250122,大広,メディア統括,クリエイティブ部,開発課,2024,202501,4Q,500002,媒体社リベート,S005,確定,185298090,173451122
20230610,博報堂プロダクツ,メディア統括,デジタルマーケティング部,推進課,2023,202306,1Q,100002,売上原価,S003,調整,278948795,238231573
20250116,博報堂プロダクツ,管理統括,デジタルマーケティング部,第二課,2024,202501,4Q,500002,媒体社リベート,S003,調整,228679814,379717919
20240116,博報堂プロダクツ,クリエイティブ統括,財務経理部,管理課,2023,202401,4Q,400002,制作収入,S005,確定,136469842,177168265
20230413,博報堂DYメディアパートナーズ,メディア統括,クリエイティブ部,開発課,2023,202304,1Q,200002,経費,S002,特別,266636329,378053909
20230715,読売広告社,デジタル統括,第一営業部,企画課,2023,202307,2Q,100001,売上高,S005,確定,31342972,51232280
20240528,博報堂,管理統括,人事部,運用課,2024,202405,1Q,100002,売上原価,S001,通常,284269070,416858926
20240509,読売広告社,メディア統括,財務経理部,推進課,2024,202405,1Q,100001,売上高,S003,調整,25205987,31446363
20241002,博報堂,管理統括,総務部,運用課,2024,202410,3Q,300001,営業利益,S002,特別,130799701,183527973
20250325,博報堂,営業統括,経営企画部,推進課,2024,202503,4Q,400001,媒体手数料収入,S005,確定,104530927,124678013
20240716,読売広告社,管理統括,経営企画部,第二課,2024,202407,2Q,300001,営業利益,S005,確定,56962306,91658144
20241019,読売広告社,クリエイティブ統括,人事部,第三課,2024,202410,3Q,100003,売上総利益,S003,調整,118687948,135406540
20240413,読売広告社,営業統括,人事部,第三課,2024,202404,1Q,400001,媒体手数料収入,S005,確定,411601455,314898439
20240408,大広,営業統括,第二営業部,開発課,2024,202404,1Q,200002,経費,S004,見込,121944879,94270166
20230520,大広,営業統括,人事部,推進課,2023,202305,1Q,100003,売上総利益,S005,確定,69674339,95923167
20240714,読売広告社,営業統括,財務経理部,運用課,2024,202407,2Q,400001,媒体手数料収入,S001,通常,349123002,269228859
20240510,博報堂プロダクツ,管理統括,メディアプランニング部,第一課,2024,202405,1Q,200003,減価償却費,S004,見込,70678264,71212347
20230502,博報堂,営業統括,人事部,第二課,2023,202305,1Q,200001,人件費,S002,特別,94085591,149922907
20230802,博報堂,管理統括,第一営業部,第三課,2023,202308,2Q,200002,経費,S002,特別,123149072,197885565
20240225,博報堂プロダクツ,管理統括,第二営業部,管理課,2023,202402,4Q,300001,営業利益,S005,確定,367983635,340614794
20231106,博報堂,デジタル統括,経営企画部,第二課,2023,202311,3Q,400001,媒体手数料収入,S003,調整,29640562,33655994
20250310,博報堂,デジタル統括,第一営業部,管理課,2024,202503,4Q,300001,営業利益,S001,通常,29771253,23472568
20240524,博報堂DYメディアパートナーズ,メディア統括,第二営業部,運用課,2024,202405,1Q,200002,経費,S003,調整,349829316,399438348
20241113,大広,クリエイティブ統括,第一営業部,第二課,2024,202411,3Q,300002,経常利益,S001,通常,146724335,238705321
20240427,大広,クリエイティブ統括,メディアプランニング部,第三課,2024,202404,1Q,500002,媒体社リベート,S005,確定,70860691,105782768
20240824,博報堂DYメディアパートナーズ,デジタル統括,デジタルマーケティング部,管理課,2024,202408,2Q,400001,媒体手数料収入,S004,見込,388846476,327004811
20240128,博報堂プロダクツ,クリエイティブ統括,総務部,開発課,2023,202401,4Q,100003,売上総利益,S003,調整,120310155,153526825
20240816,読売広告社,メディア統括,デジタルマーケティング部,第三課,2024,202408,2Q,200002,経費,S002,特別,128191576,194043958
20230425,博報堂,デジタル統括,経営企画部,企画課,2023,202304,1Q,500002,媒体社リベート,S005,確定,456673347,326896052
20240110,博報堂プロダクツ,メディア統括,メディアプランニング部,推進課,2023,202401,4Q,200001,人件費,S001,通常,358658214,282573543
20240314,大広,デジタル統括,デジタルマーケティング部,第三課,2023,202403,4Q,500002,媒体社リベート,S001,通常,514319652,495134292
20231026,大広,クリエイティブ統括,人事部,第一課,2023,202310,3Q,500001,広告主負担金,S003,調整,230591944,274875891
20241103,博報堂プロダクツ,管理統括,第二営業部,推進課,2024,202411,3Q,400001,媒体手数料収入,S003,調整,431373168,402510704
20240916,博報堂,営業統括,メディアプランニング部,運用課,2024,202409,2Q,500002,媒体社リベート,S001,通常,616489562,463434548
20230901,博報堂,管理統括,第二営業部,第三課,2023,202309,2Q,400001,媒体手数料収入,S003,調整,368905933,270744794
20230711,読売広告社,メディア統括,クリエイティブ部,推進課,2023,202307,2Q,400001,媒体手数料収入,S001,通常,6680792,5685959
20230902,博報堂DYメディアパートナーズ,管理統括,デジタルマーケティング部,企画課,2023,202309,2Q,500001,広告主負担金,S004,見込,451945685,416782904
20250128,博報堂プロダクツ,クリエイティブ統括,第二営業部,開発課,2024,202501,4Q,100003,売上総利益,S001,通常,415354619,327501323
20240920,博報堂プロダクツ,営業統括,第二営業部,第三課,2024,202409,2Q,100003,売上総利益,S002,特別,336541094,451647467
20240806,博報堂DYメディアパートナーズ,管理統括,総務部,企画課,2024,202408,2Q,300002,経常利益,S001,通常,333286764,252606982
20241017,読売広告社,デジタル統括,経営企画部,企画課,2024,202410,3Q,500001,広告主負担金,S005,確定,32564796,27387979
20240322,博報堂,管理統括,第二営業部,管理課,2023,202403,4Q,200003,減価償却費,S004,見込,323800167,319589599
20240127,大広,デジタル統括,総務部,企画課,2023,202401,4Q,200001,人件費,S005,確定,311834079,331989361
20241218,博報堂プロダクツ,管理統括,人事部,推進課,2024,202412,3Q,100002,売上原価,S002,特別,162549722,227963934
20231008,博報堂プロダクツ,クリエイティブ統括,人事部,推進課,2023,202310,3Q,200001,人件費,S003,調整,201108318,323535722
20231214,博報堂プロダクツ,管理統括,第二営業部,企画課,2023,202312,3Q,200002,経費,S001,通常,25870353,29547933
20240824,博報堂DYメディアパートナーズ,クリエイティブ統括,デジタルマーケティング部,管理課,2024,202408,2Q,100001,売上高,S005,確定,408138201,496380005
20240607,大広,デジタル統括,第一営業部,運用課,2024,202406,1Q,200001,人件費,S001,通常,161405637,120965558
20240913,博報堂プロダクツ,クリエイティブ統括,クリエイティブ部,管理課,2024,202409,2Q,500001,広告主負担金,S003,調整,364467080,445688348
20240605,読売広告社,営業統括,デジタルマーケティング部,第二課,2024,202406,1Q,300001,営業利益,S005,確定,331818036,468526200
20240909,読売広告社,メディア統括,経営企画部,第三課,2024,202409,2Q,300002,経常利益,S004,見込,506949961,406127476
20231222,博報堂プロダクツ,営業統括,経営企画部,管理課,2023,202312,3Q,300002,経常利益,S004,見込,98747880,115134951
20240326,大広,営業統括,経営企画部,企画課,2023,202403,4Q,400002,制作収入,S002,特別,145399900,209854617
20241227,博報堂プロダクツ,クリエイティブ統括,財務経理部,運用課,2024,202412,3Q,300002,経常利益,S003,調整,58259631,64169906
20240706,読売広告社,管理統括,総務部,管理課,2024,202407,2Q,100001,売上高,S004,見込,127015212,155513821
20240602,博報堂DYメディアパートナーズ,メディア統括,総務部,運用課,2024,202406,1Q,400002,制作収入,S004,見込,202626637,258940930
20250111,博報堂,営業統括,クリエイティブ部,第二課,2024,202501,4Q,200003,減価償却費,S002,特別,255095379,214397146
20231121,博報堂,営業統括,第二営業部,管理課,2023,202311,3Q,400001,媒体手数料収入,S002,特別,321022160,436131912
20240506,博報堂,メディア統括,クリエイティブ部,第三課,2024,202405,1Q,300001,営業利益,S005,確定,72099948,92512158
20240527,博報堂,クリエイティブ統括,第二営業部,第三課,2024,202405,1Q,200002,経費,S001,通常,21363409,17690684
20240502,大広,デジタル統括,人事部,開発課,2024,202405,1Q,500001,広告主負担金,S004,見込,557131832,410558843
20241225,博報堂プロダクツ,メディア統括,財務経理部,開発課,2024,202412,3Q,300001,営業利益,S004,見込,233914127,209604875
20241026,博報堂DYメディアパートナーズ,デジタル統括,デジタルマーケティング部,開発課,2024,202410,3Q,200002,経費,S005,確定,165629469,150150532
20231119,博報堂プロダクツ,営業統括,人事部,管理課,2023,202311,3Q,300002,経常利益,S005,確定,227403010,212537232
20240115,博報堂プロダクツ,管理統括,第一営業部,推進課,2023,202401,4Q,400003,コンサルティング収入,S003,調整,282126722,379398106
20230805,博報堂DYメディアパートナーズ,デジタル統括,デジタルマーケティング部,企画課,2023,202308,2Q,400001,媒体手数料収入,S003,調整,197696708,153439156
20240912,大広,デジタル統括,デジタルマーケティング部,開発課,2024,202409,2Q,500002,媒体社リベート,S005,確定,253123027,416343516
20230515,読売広告社,デジタル統括,総務部,企画課,2023,202305,1Q,200002,経費,S005,確定,14701211,17843311
20250127,博報堂DYメディアパートナーズ,メディア統括,デジタルマーケティング部,第三課,2024,202501,4Q,400002,制作収入,S005,確定,452954698,422408086
20231222,博報堂プロダクツ,デジタル統括,デジタルマーケティング部,第三課,2023,202312,3Q,200002,経費,S003,調整,356380972,393543059
20231219,博報堂DYメディアパートナーズ,営業統括,財務経理部,開発課,2023,202312,3Q,400002,制作収入,S005,確定,26618519,24055248
20240305,博報堂プロダクツ,クリエイティブ統括,財務経理部,開発課,2023,202403,4Q,100002,売上原価,S002,特別,567830945,471361184
20240306,大広,クリエイティブ統括,デジタルマーケティング部,管理課,2023,202403,4Q,400001,媒体手数料収入,S001,通常,26219740,24505750
20241206,博報堂,管理統括,メディアプランニング部,推進課,2024,202412,3Q,400003,コンサルティング収入,S001,通常,120652356,168504906
20231221,大広,管理統括,デジタルマーケティング部,運用課,2023,202312,3Q,200001,人件費,S002,特別,21411006,18745810
20240327,読売広告社,管理統括,デジタルマーケティング部,運用課,2023,202403,4Q,500002,媒体社リベート,S001,通常,488614717,422881821
20240328,博報堂,デジタル統括,制作部,企画課,2023,202403,4Q,400001,媒体手数料収入,S003,調整,28481529,36369829
20240510,博報堂DYメディアパートナーズ,メディア統括,経営企画部,第一課,2024,202405,1Q,100001,売上高,S002,特別,36849946,46333118
20241128,大広,デジタル統括,人事部,開発課,2024,202411,3Q,300002,経常利益,S005,確定,625667827,448850061
20230623,博報堂DYメディアパートナーズ,メディア統括,第一営業部,第三課,2023,202306,1Q,100003,売上総利益,S004,見込,48270031,61653571
20241123,博報堂,管理統括,第二営業部,第一課,2024,202411,3Q,500002,媒体社リベート,S002,特別,113143392,145890067
20240414,読売広告社,メディア統括,人事部,開発課,2024,202404,1Q,300002,経常利益,S004,見込,379574682,386546028
20241011,博報堂DYメディアパートナーズ,メディア統括,財務経理部,第一課,2024,202410,3Q,100001,売上高,S005,確定,219855372,171814150
20250125,博報堂,クリエイティブ統括,人事部,第三課,2024,202501,4Q,100003,売上総利益,S001,通常,241189517,369798760
20250320,博報堂DYメディアパートナーズ,メディア統括,メディアプランニング部,推進課,2024,202503,4Q,500001,広告主負担金,S004,見込,291329797,392312378
20250227,大広,管理統括,人事部,企画課,2024,202502,4Q,100002,売上原価,S002,特別,618903443,448569178
20240702,博報堂,クリエイティブ統括,クリエイティブ部,管理課,2024,202407,2Q,400003,コンサルティング収入,S002,特別,338581370,282145413
20240111,大広,営業統括,メディアプランニング部,開発課,2023,202401,4Q,400001,媒体手数料収入,S001,通常,412331209,436050327
20240328,博報堂DYメディアパートナーズ,メディア統括,クリエイティブ部,第一課,2023,202403,4Q,200003,減価償却費,S005,確定,203318202,229635361
20230524,博報堂,管理統括,財務経理部,開発課,2023,202305,1Q,100002,売上原価,S001,通常,157645206,189678835
20241211,博報堂プロダクツ,クリエイティブ統括,第二営業部,第二課,2024,202412,3Q,300002,経常利益,S002,特別,360978419,360230098
20250219,博報堂DYメディアパートナーズ,メディア統括,メディアプランニング部,運用課,2024,202502,4Q,200001,人件費,S001,通常,600187334,474068496
20241016,博報堂プロダクツ,クリエイティブ統括,第二営業部,企画課,2024,202410,3Q,400001,媒体手数料収入,S002,特別,104962308,110845343
20240604,博報堂,メディア統括,総務部,開発課,2024,202406,1Q,400001,媒体手数料収入,S003,調整,396191360,475507614
20241208,博報堂,クリエイティブ統括,クリエイティブ部,第三課,2024,202412,3Q,200003,減価償却費,S004,見込,608944228,459461772
20240813,読売広告社,デジタル統括,クリエイティブ部,企画課,2024,202408,2Q,300002,経常利益,S005,確定,462036335,414294666
20240626,博報堂DYメディアパートナーズ,営業統括,総務部,管理課,2024,202406,1Q,100001,売上高,S004,見込,499358945,408347948
20241027,大広,デジタル統括,クリエイティブ部,管理課,2024,202410,3Q,400002,制作収入,S002,特別,306207393,481986567
20240712,博報堂,メディア統括,制作部,運用課,2024,202407,2Q,100003,売上総利益,S001,通常,200964807,209367724
20240511,博報堂,デジタル統括,経営企画部,第二課,2024,202405,1Q,300001,営業利益,S003,調整,263689175,222117901
20230718,博報堂DYメディアパートナーズ,クリエイティブ統括,第一営業部,企画課,2023,202307,2Q,400002,制作収入,S004,見込,468237702,445524315
20241028,大広,クリエイティブ統括,人事部,第二課,2024,202410,3Q,300001,営業利益,S004,見込,73432608,53472372
20230602,大広,デジタル統括,第二営業部,運用課,2023,202306,1Q,100003,売上総利益,S001,通常,16156157,17584785
20240915,博報堂プロダクツ,メディア統括,第一営業部,運用課,2024,202409,2Q,100002,売上原価,S005,確定,167759634,264409359
20241221,読売広告社,デジタル統括,財務経理部,第一課,2024,202412,3Q,100001,売上高,S003,調整,157402082,197645759
20240322,読売広告社,クリエイティブ統括,第一営業部,開発課,2023,202403,4Q,200003,減価償却費,S005,確定,347927392,496481592
20240605,読売広告社,デジタル統括,第一営業部,開発課,2024,202406,1Q,100002,売上原価,S002,特別,200564316,153926384
20240113,博報堂DYメディアパートナーズ,メディア統括,クリエイティブ部,運用課,2023,202401,4Q,400002,制作収入,S001,通常,274964286,239770161
20230614,博報堂,メディア統括,総務部,開発課,2023,202306,1Q,300001,営業利益,S002,特別,191148156,226275670
20240513,大広,営業統括,人事部,開発課,2024,202405,1Q,400002,制作収入,S001,通常,392564109,336876705
20240117,博報堂DYメディアパートナーズ,メディア統括,制作部,管理課,2023,202401,4Q,200003,減価償却費,S001,通常,213951179,282088136
20230419,博報堂プロダクツ,管理統括,第二営業部,企画課,2023,202304,1Q,300002,経常利益,S002,特別,235420223,272502075
20241217,大広,メディア統括,第二営業部,運用課,2024,202412,3Q,400003,コンサルティング収入,S005,確定,413949629,350424030
20230723,博報堂プロダクツ,営業統括,メディアプランニング部,企画課,2023,202307,2Q,100002,売上原価,S005,確定,346319666,260435137
20240410,読売広告社,デジタル統括,メディアプランニング部,推進課,2024,202404,1Q,400001,媒体手数料収入,S003,調整,150447148,125279857
20240313,大広,管理統括,総務部,管理課,2023,202403,4Q,100002,売上原価,S005,確定,58817523,87123369
20240323,読売広告社,メディア統括,経営企画部,第一課,2023,202403,4Q,500002,媒体社リベート,S005,確定,111418392,156041963
20241004,博報堂,デジタル統括,経営企画部,管理課,2024,202410,3Q,200003,減価償却費,S004,見込,35058976,54090622
20231024,博報堂プロダクツ,営業統括,総務部,管理課,2023,202310,3Q,200001,人件費,S003,調整,573314875,444574941
20241208,博報堂プロダクツ,営業統括,クリエイティブ部,推進課,2024,202412,3Q,100003,売上総利益,S002,特別,185573499,205699844
20240301,博報堂プロダクツ,クリエイティブ統括,メディアプランニング部,管理課,2023,202403,4Q,100003,売上総利益,S002,特別,283239367,216761635
20241002,博報堂プロダクツ,デジタル統括,経営企画部,推進課,2024,202410,3Q,500001,広告主負担金,S004,見込,103293570,117313627
20241120,読売広告社,営業統括,デジタルマーケティング部,第一課,2024,202411,3Q,200002,経費,S004,見込,306335641,321500293
20240414,大広,クリエイティブ統括,第二営業部,推進課,2024,202404,1Q,300002,経常利益,S001,通常,127180865,102564918
20240615,博報堂プロダクツ,メディア統括,財務経理部,開発課,2024,202406,1Q,400001,媒体手数料収入,S001,通常,342698964,331790401
20250105,博報堂DYメディアパートナーズ,営業統括,制作部,開発課,2024,202501,4Q,100002,売上原価,S001,通常,29824452,41070137
20241227,大広,デジタル統括,財務経理部,運用課,2024,202412,3Q,200001,人件費,S003,調整,298826805,225322177
20231015,博報堂プロダクツ,デジタル統括,デジタルマーケティング部,開発課,2023,202310,3Q,400001,媒体手数料収入,S001,通常,410041620,388272979
20230904,大広,クリエイティブ統括,財務経理部,第三課,2023,202309,2Q,200001,人件費,S004,見込,102440640,139168702
20241112,博報堂プロダクツ,管理統括,人事部,第二課,2024,202411,3Q,500002,媒体社リベート,S005,確定,57237485,58517593
20241215,大広,メディア統括,メディアプランニング部,推進課,2024,202412,3Q,100001,売上高,S005,確定,353262569,305403719
20240318,読売広告社,クリエイティブ統括,制作部,第一課,2023,202403,4Q,200002,経費,S005,確定,70229432,91900255
20240725,読売広告社,管理統括,デジタルマーケティング部,推進課,2024,202407,2Q,400001,媒体手数料収入,S003,調整,163077445,161309384
20230426,読売広告社,メディア統括,人事部,管理課,2023,202304,1Q,500001,広告主負担金,S002,特別,458556093,375446525
20240505,読売広告社,メディア統括,経営企画部,企画課,2024,202405,1Q,300001,営業利益,S005,確定,112285367,108027989
20231121,大広,管理統括,メディアプランニング部,推進課,2023,202311,3Q,500002,媒体社リベート,S005,確定,440608429,463493517
20250113,博報堂,デジタル統括,制作部,第一課,2024,202501,4Q,400002,制作収入,S003,調整,21756969,31664158
20240111,読売広告社,クリエイティブ統括,人事部,第三課,2023,202401,4Q,300002,経常利益,S003,調整,272475547,367669144
20231105,博報堂プロダクツ,メディア統括,総務部,管理課,2023,202311,3Q,300002,経常利益,S003,調整,156211962,245010743
20231213,博報堂,営業統括,制作部,運用課,2023,202312,3Q,200001,人件費,S002,特別,4369834,3885695
20250118,博報堂DYメディアパートナーズ,クリエイティブ統括,デジタルマーケティング部,第一課,2024,202501,4Q,500001,広告主負担金,S005,確定,44095534,51386949
20230825,読売広告社,クリエイティブ統括,財務経理部,推進課,2023,202308,2Q,400001,媒体手数料収入,S002,特別,194363444,254585414
20240826,博報堂DYメディアパートナーズ,クリエイティブ統括,メディアプランニング部,推進課,2024,202408,2Q,400001,媒体手数料収入,S003,調整,63950490,105292678
20250115,博報堂DYメディアパートナーズ,営業統括,財務経理部,管理課,2024,202501,4Q,300001,営業利益,S001,通常,355261223,336638775
20240902,大広,営業統括,総務部,第三課,2024,202409,2Q,100003,売上総利益,S003,調整,512881879,446402126
20250109,読売広告社,クリエイティブ統括,総務部,第二課,2024,202501,4Q,100003,売上総利益,S005,確定,247053200,246692004
20231206,読売広告社,メディア統括,制作部,開発課,2023,202312,3Q,200002,経費,S005,確定,162389634,158162057
20241113,博報堂DYメディアパートナーズ,管理統括,メディアプランニング部,第二課,2024,202411,3Q,500002,媒体社リベート,S005,確定,565475528,462333358
20240707,大広,営業統括,総務部,企画課,2024,202407,2Q,400001,媒体手数料収入,S002,特別,483082805,389365115
20240710,読売広告社,クリエイティブ統括,制作部,開発課,2024,202407,2Q,100001,売上高,S002,特別,191459281,172863100
20250204,博報堂プロダクツ,メディア統括,第二営業部,推進課,2024,202502,4Q,200001,人件費,S005,確定,466352184,360133937
20230817,博報堂DYメディアパートナーズ,管理統括,総務部,開発課,2023,202308,2Q,400001,媒体手数料収入,S002,特別,418323983,373705942
20230502,大広,営業統括,メディアプランニング部,第二課,2023,202305,1Q,100001,売上高,S003,調整,61008084,73996219
20240408,大広,メディア統括,メディアプランニング部,第一課,2024,202404,1Q,200003,減価償却費,S005,確定,391803132,328910564
20250115,博報堂,営業統括,総務部,第一課,2024,202501,4Q,100001,売上高,S001,通常,370856665,353953663
20230628,博報堂DYメディアパートナーズ,管理統括,人事部,第二課,2023,202306,1Q,200002,経費,S003,調整,339819599,396459063
20250316,大広,営業統括,デジタルマーケティング部,第二課,2024,202503,4Q,400003,コンサルティング収入,S001,通常,341494781,304792692
20230509,博報堂DYメディアパートナーズ,営業統括,クリエイティブ部,管理課,2023,202305,1Q,400001,媒体手数料収入,S001,通常,312067681,446767492
20230824,博報堂DYメディアパートナーズ,メディア統括,第一営業部,管理課,2023,202308,2Q,400003,コンサルティング収入,S005,確定,372374444,274351427
20230908,読売広告社,クリエイティブ統括,経営企画部,企画課,2023,202309,2Q,300002,経常利益,S005,確定,304940358,394987471
20240527,大広,デジタル統括,制作部,管理課,2024,202405,1Q,300002,経常利益,S004,見込,23296080,24275676
20230524,大広,管理統括,メディアプランニング部,推進課,2023,202305,1Q,300002,経常利益,S002,特別,552917194,486159984
20250308,大広,営業統括,第一営業部,開発課,2024,202503,4Q,200001,人件費,S004,見込,482549676,356370074
20241010,読売広告社,営業統括,人事部,第一課,2024,202410,3Q,400002,制作収入,S005,確定,113697885,91065557
20230517,博報堂DYメディアパートナーズ,管理統括,メディアプランニング部,開発課,2023,202305,1Q,200002,経費,S003,調整,347009197,298011693
20230515,博報堂プロダクツ,メディア統括,第二営業部,推進課,2023,202305,1Q,400001,媒体手数料収入,S005,確定,413405148,349729078
20231123,博報堂プロダクツ,デジタル統括,クリエイティブ部,運用課,2023,202311,3Q,100001,売上高,S005,確定,988316,1126486
20231213,博報堂,デジタル統括,第二営業部,企画課,2023,202312,3Q,400001,媒体手数料収入,S002,特別,148511613,114291231
20241206,読売広告社,デジタル統括,財務経理部,推進課,2024,202412,3Q,200001,人件費,S004,見込,103359582,147574594
20230615,大広,営業統括,クリエイティブ部,推進課,2023,202306,1Q,500002,媒体社リベート,S002,特別,547120569,397513021
20240722,大広,営業統括,財務経理部,推進課,2024,202407,2Q,300002,経常利益,S001,通常,234409624,333101921
20240425,博報堂DYメディアパートナーズ,営業統括,制作部,第二課,2024,202404,1Q,400003,コンサルティング収入,S003,調整,94300096,136163204
20240920,博報堂,管理統括,第二営業部,第二課,2024,202409,2Q,500002,媒体社リベート,S005,確定,35625646,30612941
20240928,読売広告社,クリエイティブ統括,メディアプランニング部,管理課,2024,202409,2Q,200001,人件費,S005,確定,168916120,167431708
20240502,読売広告社,クリエイティブ統括,経営企画部,企画課,2024,202405,1Q,200002,経費,S003,調整,137569581,100221229
20240820,博報堂DYメディアパートナーズ,デジタル統括,制作部,推進課,2024,202408,2Q,100003,売上総利益,S001,通常,335158446,484682283
20240205,大広,管理統括,デジタルマーケティング部,第二課,2023,202402,4Q,500002,媒体社リベート,S004,見込,206424642,269106859
20231214,博報堂DYメディアパートナーズ,クリエイティブ統括,クリエイティブ部,第三課,2023,202312,3Q,400001,媒体手数料収入,S004,見込,105086188,121731833
20241121,博報堂,メディア統括,人事部,推進課,2024,202411,3Q,500001,広告主負担金,S005,確定,55827437,62933758
20240516,大広,管理統括,第一営業部,第一課,2024,202405,1Q,300002,経常利益,S003,調整,82801882,94708518
20250224,博報堂DYメディアパートナーズ,メディア統括,メディアプランニング部,企画課,2024,202502,4Q,500001,広告主負担金,S005,確定,169065775,195098773
20240514,博報堂,デジタル統括,メディアプランニング部,管理課,2024,202405,1Q,200003,減価償却費,S001,通常,136353222,161157308
20250219,博報堂,管理統括,デジタルマーケティング部,第三課,2024,202502,4Q,500002,媒体社リベート,S001,通常,152224778,188214339
20240701,博報堂プロダクツ,メディア統括,総務部,管理課,2024,202407,2Q,400002,制作収入,S005,確定,113176032,98620264
20230522,博報堂プロダクツ,管理統括,第一営業部,管理課,2023,202305,1Q,300002,経常利益,S003,調整,156986341,181184990
20240804,読売広告社,管理統括,第二営業部,運用課,2024,202408,2Q,100001,売上高,S002,特別,306431611,471758083
20240715,大広,管理統括,メディアプランニング部,第一課,2024,202407,2Q,100003,売上総利益,S003,調整,358856044,446390435
20240319,博報堂DYメディアパートナーズ,デジタル統括,人事部,第一課,2023,202403,4Q,100002,売上原価,S005,確定,494556627,410691581
20240224,博報堂DYメディアパートナーズ,メディア統括,第一営業部,企画課,2023,202402,4Q,100001,売上高,S001,通常,29424110,34677066
20241106,博報堂DYメディアパートナーズ,デジタル統括,第一営業部,管理課,2024,202411,3Q,200003,減価償却費,S004,見込,540737297,389785322
20250311,読売広告社,営業統括,総務部,推進課,2024,202503,4Q,500002,媒体社リベート,S004,見込,344947659,477428697
20240204,博報堂プロダクツ,メディア統括,経営企画部,第二課,2023,202402,4Q,400002,制作収入,S004,見込,203163727,208431239
20240525,読売広告社,クリエイティブ統括,デジタルマーケティング部,第一課,2024,202405,1Q,500001,広告主負担金,S005,確定,367680442,466649003
20231021,博報堂プロダクツ,営業統括,経営企画部,第二課,2023,202310,3Q,500001,広告主負担金,S005,確定,606406823,463312574
20240901,読売広告社,管理統括,財務経理部,管理課,2024,202409,2Q,500002,媒体社リベート,S004,見込,160502585,221430719
20231101,博報堂,管理統括,制作部,企画課,2023,202311,3Q,400002,制作収入,S005,確定,38255752,40028194
20240220,読売広告社,管理統括,メディアプランニング部,管理課,2023,202402,4Q,400002,制作収入,S001,通常,13875121,14948024
20240504,博報堂プロダクツ,メディア統括,クリエイティブ部,第一課,2024,202405,1Q,500001,広告主負担金,S003,調整,294304391,266598505
20241102,博報堂DYメディアパートナーズ,メディア統括,制作部,管理課,2024,202411,3Q,200002,経費,S001,通常,112496021,113193540
20240414,博報堂プロダクツ,メディア統括,人事部,推進課,2024,202404,1Q,200001,人件費,S005,確定,67045723,65047431
20240722,読売広告社,営業統括,財務経理部,第二課,2024,202407,2Q,500002,媒体社リベート,S001,通常,109505003,133442288
20240307,博報堂プロダクツ,管理統括,経営企画部,第三課,2023,202403,4Q,200002,経費,S005,確定,389274931,292173054
20250128,大広,クリエイティブ統括,第二営業部,第二課,2024,202501,4Q,400003,コンサルティング収入,S005,確定,58513357,45174190
20241104,博報堂DYメディアパートナーズ,営業統括,財務経理部,開発課,2024,202411,3Q,500001,広告主負担金,S001,通常,473004043,347820669
20240422,博報堂,営業統括,制作部,第二課,2024,202404,1Q,400003,コンサルティング収入,S001,通常,131884545,187616423
20230926,博報堂DYメディアパートナーズ,管理統括,クリエイティブ部,開発課,2023,202309,2Q,100002,売上原価,S004,見込,365571156,324057516
20250226,博報堂,クリエイティブ統括,メディアプランニング部,第三課,2024,202502,4Q,100003,売上総利益,S001,通常,182426267,242296620
20250228,博報堂プロダクツ,クリエイティブ統括,総務部,第二課,2024,202502,4Q,300001,営業利益,S005,確定,311941202,265606680
20230503,博報堂,メディア統括,人事部,運用課,2023,202305,1Q,200003,減価償却費,S005,確定,132370222,190797574
20240410,博報堂プロダクツ,管理統括,第二営業部,運用課,2024,202404,1Q,300001,営業利益,S001,通常,490979775,371202657
20241106,博報堂,メディア統括,第二営業部,第三課,2024,202411,3Q,200003,減価償却費,S003,調整,207490442,182048522
20241025,博報堂,メディア統括,人事部,第三課,2024,202410,3Q,100003,売上総利益,S004,見込,5914638,7406839
20230819,博報堂DYメディアパートナーズ,営業統括,経営企画部,推進課,2023,202308,2Q,100002,売上原価,S003,調整,212720221,235569297
20240927,大広,デジタル統括,メディアプランニング部,開発課,2024,202409,2Q,400003,コンサルティング収入,S003,調整,462517972,483506461
20240303,博報堂プロダクツ,クリエイティブ統括,メディアプランニング部,第一課,2023,202403,4Q,200001,人件費,S003,調整,12686857,12981192
20230901,博報堂,営業統括,人事部,企画課,2023,202309,2Q,300001,営業利益,S003,調整,353601501,420601803
20240418,博報堂プロダクツ,クリエイティブ統括,経営企画部,企画課,2024,202404,1Q,500001,広告主負担金,S001,通常,25305800,34296863
20231125,読売広告社,管理統括,デジタルマーケティング部,第二課,2023,202311,3Q,300002,経常利益,S005,確定,42652865,44453612
20230710,大広,メディア統括,財務経理部,企画課,2023,202307,2Q,100003,売上総利益,S004,見込,23574549,17932406
20240709,読売広告社,メディア統括,制作部,第一課,2024,202407,2Q,500001,広告主負担金,S005,確定,523131156,463699834
20240108,博報堂プロダクツ,デジタル統括,メディアプランニング部,第三課,2023,202401,4Q,100002,売上原価,S002,特別,38474177,33016070
20230914,博報堂プロダクツ,クリエイティブ統括,制作部,第二課,2023,202309,2Q,400001,媒体手数料収入,S004,見込,282802080,252920676
20250312,博報堂プロダクツ,メディア統括,総務部,企画課,2024,202503,4Q,100002,売上原価,S002,特別,388904265,497151898
20250101,読売広告社,デジタル統括,クリエイティブ部,開発課,2024,202501,4Q,300002,経常利益,S002,特別,89590012,143010248
20250309,博報堂プロダクツ,管理統括,メディアプランニング部,開発課,2024,202503,4Q,300001,営業利益,S002,特別,267003160,392634919
20230507,博報堂DYメディアパートナーズ,管理統括,第二営業部,開発課,2023,202305,1Q,500001,広告主負担金,S001,通常,546693689,399228502
20241209,大広,営業統括,デジタルマーケティング部,推進課,2024,202412,3Q,300001,営業利益,S002,特別,239233290,260450101
20241114,読売広告社,デジタル統括,総務部,第一課,2024,202411,3Q,500001,広告主負担金,S001,通常,330369937,281726309
20240413,博報堂DYメディアパートナーズ,クリエイティブ統括,メディアプランニング部,運用課,2024,202404,1Q,200001,人件費,S005,確定,149134448,126943917
20230917,大広,営業統括,メディアプランニング部,第二課,2023,202309,2Q,300001,営業利益,S003,調整,446679204,462744142
20240613,博報堂プロダクツ,クリエイティブ統括,デジタルマーケティング部,管理課,2024,202406,1Q,200002,経費,S004,見込,357208126,321126661
20240810,博報堂プロダクツ,クリエイティブ統括,第一営業部,開発課,2024,202408,2Q,500001,広告主負担金,S001,通常,379546099,358187470
20231119,大広,メディア統括,デジタルマーケティング部,推進課,2023,202311,3Q,200001,人件費,S001,通常,8717600,8127680
20240110,大広,営業統括,第二営業部,第三課,2023,202401,4Q,300002,経常利益,S004,見込,56936086,54772123
20230823,読売広告社,営業統括,デジタルマーケティング部,開発課,2023,202308,2Q,200001,人件費,S003,調整,409780318,394043542
20240928,博報堂DYメディアパートナーズ,クリエイティブ統括,クリエイティブ部,運用課,2024,202409,2Q,400003,コンサルティング収入,S005,確定,292616006,216931835
20240622,博報堂,クリエイティブ統括,経営企画部,第一課,2024,202406,1Q,100003,売上総利益,S003,調整,669654343,490014337
20250318,大広,メディア統括,経営企画部,第一課,2024,202503,4Q,300001,営業利益,S001,通常,1607416,2334215
20240422,博報堂プロダクツ,営業統括,財務経理部,第一課,2024,202404,1Q,500002,媒体社リベート,S002,特別,220013840,157810412
20250209,博報堂,管理統括,第一営業部,管理課,2024,202502,4Q,200001,人件費,S004,見込,329233570,271719909
20241205,博報堂プロダクツ,メディア統括,総務部,第一課,2024,202412,3Q,400001,媒体手数料収入,S005,確定,164628851,118909235
20240827,読売広告社,営業統括,総務部,第二課,2024,202408,2Q,400001,媒体手数料収入,S001,通常,460944853,333808765
20240522,大広,営業統括,制作部,企画課,2024,202405,1Q,200003,減価償却費,S003,調整,108848323,99200402
20250205,大広,営業統括,デジタルマーケティング部,管理課,2024,202502,4Q,200001,人件費,S002,特別,469783751,396072700
20250201,博報堂DYメディアパートナーズ,営業統括,第一営業部,第一課,2024,202502,4Q,500002,媒体社リベート,S002,特別,470204788,491485669
20240410,博報堂,クリエイティブ統括,第二営業部,管理課,2024,202404,1Q,100001,売上高,S004,見込,9032990,7852379
20250224,博報堂,管理統括,クリエイティブ部,企画課,2024,202502,4Q,300001,営業利益,S005,確定,82168727,119556604
20240308,博報堂プロダクツ,クリエイティブ統括,クリエイティブ部,推進課,2023,202403,4Q,500002,媒体社リベート,S001,通常,322960731,328295956
20240316,博報堂,メディア統括,メディアプランニング部,管理課,2023,202403,4Q,300001,営業利益,S005,確定,111588969,87635401
20240519,博報堂,デジタル統括,クリエイティブ部,第二課,2024,202405,1Q,500001,広告主負担金,S005,確定,209964002,298621840
20241217,博報堂,メディア統括,財務経理部,企画課,2024,202412,3Q,500001,広告主負担金,S003,調整,228307805,343079333
20231112,博報堂DYメディアパートナーズ,メディア統括,メディアプランニング部,推進課,2023,202311,3Q,400002,制作収入,S005,確定,425081570,411590455
20230814,読売広告社,クリエイティブ統括,デジタルマーケティング部,第二課,2023,202308,2Q,400003,コンサルティング収入,S002,特別,157101096,148825458
20250301,読売広告社,デジタル統括,クリエイティブ部,企画課,2024,202503,4Q,500001,広告主負担金,S004,見込,533409005,453564143
20240627,博報堂DYメディアパートナーズ,クリエイティブ統括,人事部,運用課,2024,202406,1Q,300002,経常利益,S005,確定,130458570,94427175
20250208,読売広告社,営業統括,財務経理部,管理課,2024,202502,4Q,500002,媒体社リベート,S003,調整,285244563,213041650
20241222,博報堂プロダクツ,メディア統括,デジタルマーケティング部,開発課,2024,202412,3Q,500001,広告主負担金,S003,調整,396999800,366654855
20230518,大広,営業統括,クリエイティブ部,推進課,2023,202305,1Q,500001,広告主負担金,S001,通常,239836622,287626576
20240508,大広,クリエイティブ統括,クリエイティブ部,第三課,2024,202405,1Q,500002,媒体社リベート,S002,特別,158216050,132009000
20230905,大広,クリエイティブ統括,第二営業部,第一課,2023,202309,2Q,400003,コンサルティング収入,S001,通常,186124663,147855908
20240114,博報堂DYメディアパートナーズ,クリエイティブ統括,第一営業部,企画課,2023,202401,4Q,100003,売上総利益,S002,特別,404613268,356111061
20240801,博報堂プロダクツ,クリエイティブ統括,第一営業部,管理課,2024,202408,2Q,300001,営業利益,S002,特別,228849248,226866593
20230428,博報堂DYメディアパートナーズ,営業統括,メディアプランニング部,運用課,2023,202304,1Q,400001,媒体手数料収入,S004,見込,437531254,327002230
20240723,大広,営業統括,財務経理部,第二課,2024,202407,2Q,400003,コンサルティング収入,S003,調整,319994119,342189491
20230708,読売広告社,メディア統括,制作部,開発課,2023,202307,2Q,400002,制作収入,S004,見込,312769621,284418146
20240915,博報堂,デジタル統括,経営企画部,推進課,2024,202409,2Q,500001,広告主負担金,S004,見込,473400050,352014535
20240701,読売広告社,クリエイティブ統括,メディアプランニング部,管理課,2024,202407,2Q,200003,減価償却費,S001,通常,285454802,223998382
20241001,博報堂,デジタル統括,デジタルマーケティング部,運用課,2024,202410,3Q,500001,広告主負担金,S003,調整,455347563,398752269
20230619,読売広告社,メディア統括,制作部,第一課,2023,202306,1Q,400003,コンサルティング収入,S002,特別,71121715,77318272
20240409,博報堂,デジタル統括,第一営業部,第二課,2024,202404,1Q,300001,営業利益,S003,調整,376387339,437865633
20250215,博報堂DYメディアパートナーズ,クリエイティブ統括,第一営業部,企画課,2024,202502,4Q,500001,広告主負担金,S002,特別,359632264,397759078
20231228,読売広告社,クリエイティブ統括,制作部,第三課,2023,202312,3Q,100001,売上高,S004,見込,61514144,93379271
20250212,博報堂DYメディアパートナーズ,デジタル統括,人事部,推進課,2024,202502,4Q,200001,人件費,S003,調整,28564926,43063908
20241117,博報堂プロダクツ,クリエイティブ統括,制作部,第三課,2024,202411,3Q,200001,人件費,S003,調整,307816761,331337419
20230701,博報堂プロダクツ,デジタル統括,経営企画部,推進課,2023,202307,2Q,100003,売上総利益,S002,特別,93617139,128454937
20241013,博報堂DYメディアパートナーズ,管理統括,デジタルマーケティング部,開発課,2024,202410,3Q,400001,媒体手数料収入,S003,調整,277088761,257686114
20240115,博報堂プロダクツ,クリエイティブ統括,制作部,第二課,2023,202401,4Q,500001,広告主負担金,S003,調整,152910790,187397819
20241022,博報堂,メディア統括,経営企画部,第三課,2024,202410,3Q,200002,経費,S004,見込,76261249,98946457
20240414,博報堂,メディア統括,人事部,企画課,2024,202404,1Q,300002,経常利益,S001,通常,288138648,372542250
20231210,読売広告社,クリエイティブ統括,財務経理部,推進課,2023,202312,3Q,100003,売上総利益,S003,調整,537215521,470066366
20231203,博報堂DYメディアパートナーズ,管理統括,第二営業部,開発課,2023,202312,3Q,500001,広告主負担金,S003,調整,23687885,27007327
20240727,博報堂プロダクツ,管理統括,財務経理部,企画課,2024,202407,2Q,400002,制作収入,S005,確定,175500194,221943362
20231028,読売広告社,管理統括,メディアプランニング部,管理課,2023,202310,3Q,300002,経常利益,S001,通常,299585208,246649523
20240804,博報堂プロダクツ,営業統括,人事部,企画課,2024,202408,2Q,100001,売上高,S004,見込,306856924,492613339
20250203,博報堂DYメディアパートナーズ,営業統括,人事部,開発課,2024,202502,4Q,200002,経費,S003,調整,345300069,282354183
20240219,博報堂,デジタル統括,クリエイティブ部,開発課,2023,202402,4Q,200003,減価償却費,S003,調整,46464632,59815792
20230801,博報堂プロダクツ,デジタル統括,総務部,管理課,2023,202308,2Q,100003,売上総利益,S003,調整,211742230,257978089
20231214,博報堂プロダクツ,デジタル統括,第二営業部,開発課,2023,202312,3Q,500001,広告主負担金,S003,調整,143664669,170772968
20230805,博報堂プロダクツ,デジタル統括,クリエイティブ部,第一課,2023,202308,2Q,100002,売上原価,S004,見込,462176299,475316756
20230517,博報堂,クリエイティブ統括,制作部,開発課,2023,202305,1Q,400001,媒体手数料収入,S001,通常,88552947,143587829
20240609,博報堂DYメディアパートナーズ,メディア統括,財務経理部,管理課,2024,202406,1Q,400002,制作収入,S005,確定,357785124,361131844
20240528,博報堂プロダクツ,クリエイティブ統括,第二営業部,開発課,2024,202405,1Q,200003,減価償却費,S003,調整,328256960,442683022
20240125,博報堂プロダクツ,メディア統括,メディアプランニング部,管理課,2023,202401,4Q,400001,媒体手数料収入,S001,通常,422288857,325756738
20250206,博報堂プロダクツ,クリエイティブ統括,メディアプランニング部,第二課,2024,202502,4Q,100003,売上総利益,S001,通常,413375185,415925692
20240205,博報堂,管理統括,総務部,推進課,2023,202402,4Q,100001,売上高,S002,特別,66918286,81998459
20230927,博報堂プロダクツ,クリエイティブ統括,総務部,開発課,2023,202309,2Q,300002,経常利益,S004,見込,48961269,77774989
20230714,博報堂DYメディアパートナーズ,営業統括,制作部,運用課,2023,202307,2Q,500002,媒体社リベート,S005,確定,418407715,483966922
20231011,博報堂,デジタル統括,メディアプランニング部,推進課,2023,202310,3Q,400001,媒体手数料収入,S004,見込,348778983,436939161
20230403,読売広告社,メディア統括,総務部,運用課,2023,202304,1Q,200001,人件費,S002,特別,76293292,117661843
20230510,大広,デジタル統括,クリエイティブ部,企画課,2023,202305,1Q,400001,媒体手数料収入,S003,調整,101591859,132630723
20230517,大広,メディア統括,経営企画部,第一課,2023,202305,1Q,200001,人件費,S001,通常,326143343,364097604
20241121,読売広告社,管理統括,財務経理部,運用課,2024,202411,3Q,200003,減価償却費,S001,通常,398451245,356130361
20240722,博報堂,クリエイティブ統括,第二営業部,第二課,2024,202407,2Q,100001,売上高,S003,調整,241246628,371891614
20230723,読売広告社,管理統括,制作部,推進課,2023,202307,2Q,300001,営業利益,S005,確定,425317061,476601360
20230818,博報堂DYメディアパートナーズ,メディア統括,クリエイティブ部,第一課,2023,202308,2Q,200001,人件費,S004,見込,423580907,318758585
20230714,博報堂プロダクツ,デジタル統括,メディアプランニング部,推進課,2023,202307,2Q,500002,媒体社リベート,S001,通常,45056473,47483361
20230904,博報堂DYメディアパートナーズ,デジタル統括,クリエイティブ部,開発課,2023,202309,2Q,300002,経常利益,S001,通常,259527901,213576879
20230704,博報堂DYメディアパートナーズ,営業統括,デジタルマーケティング部,第一課,2023,202307,2Q,200001,人件費,S002,特別,433645732,347047181
20241208,博報堂プロダクツ,クリエイティブ統括,総務部,第二課,2024,202412,3Q,300002,経常利益,S005,確定,185142014,228898134
20230717,博報堂DYメディアパートナーズ,クリエイティブ統括,財務経理部,推進課,2023,202307,2Q,100002,売上原価,S005,確定,17998782,28088175
20240716,博報堂プロダクツ,デジタル統括,財務経理部,第三課,2024,202407,2Q,200001,人件費,S002,特別,137578546,203615209
20230407,読売広告社,デジタル統括,制作部,開発課,2023,202304,1Q,500002,媒体社リベート,S003,調整,367951121,445272585
20231204,博報堂プロダクツ,メディア統括,メディアプランニング部,企画課,2023,202312,3Q,400003,コンサルティング収入,S004,見込,128274922,100720084
20240706,読売広告社,管理統括,第一営業部,第三課,2024,202407,2Q,100003,売上総利益,S005,確定,242585236,207049292
20230817,博報堂,管理統括,人事部,推進課,2023,202308,2Q,100003,売上総利益,S001,通常,122082178,88509657
20240912,博報堂プロダクツ,メディア統括,デジタルマーケティング部,第一課,2024,202409,2Q,400003,コンサルティング収入,S001,通常,258687733,267204043
20230402,博報堂,管理統括,経営企画部,第三課,2023,202304,1Q,300002,経常利益,S003,調整,13214463,14476190
20230617,大広,管理統括,第二営業部,管理課,2023,202306,1Q,300002,経常利益,S004,見込,301367580,462831388
20230822,博報堂,営業統括,総務部,管理課,2023,202308,2Q,100001,売上高,S005,確定,269105707,358247937
20240114,読売広告社,管理統括,クリエイティブ部,運用課,2023,202401,4Q,400001,媒体手数料収入,S001,通常,522915003,457604187
20240109,博報堂プロダクツ,メディア統括,第二営業部,第三課,2023,202401,4Q,300001,営業利益,S003,調整,104363654,138624409
20230414,博報堂DYメディアパートナーズ,クリエイティブ統括,人事部,運用課,2023,202304,1Q,200001,人件費,S003,調整,68201448,60914507
20240206,読売広告社,デジタル統括,経営企画部,開発課,2023,202402,4Q,300002,経常利益,S005,確定,218756993,162734250
20231117,博報堂DYメディアパートナーズ,メディア統括,経営企画部,第二課,2023,202311,3Q,200001,人件費,S005,確定,586380324,448452381
20241227,大広,営業統括,制作部,運用課,2024,202412,3Q,100002,売上原価,S004,見込,21245858,31163334
20230418,読売広告社,デジタル統括,財務経理部,第三課,2023,202304,1Q,200002,経費,S005,確定,19947862,31843689
20250320,博報堂プロダクツ,クリエイティブ統括,第一営業部,開発課,2024,202503,4Q,200002,経費,S003,調整,32221374,25135203
20250301,博報堂プロダクツ,メディア統括,人事部,第二課,2024,202503,4Q,400002,制作収入,S002,特別,658712992,472650740
20230703,博報堂,管理統括,第一営業部,開発課,2023,202307,2Q,500001,広告主負担金,S002,特別,269946325,418948375
20250211,博報堂DYメディアパートナーズ,クリエイティブ統括,メディアプランニング部,開発課,2024,202502,4Q,400003,コンサルティング収入,S005,確定,360283297,455104178
20231212,博報堂,クリエイティブ統括,クリエイティブ部,第三課,2023,202312,3Q,100002,売上原価,S002,特別,456534093,356423832
20241008,大広,クリエイティブ統括,経営企画部,運用課,2024,202410,3Q,100003,売上総利益,S002,特別,36481057,55052190
20240812,博報堂DYメディアパートナーズ,メディア統括,デジタルマーケティング部,運用課,2024,202408,2Q,300002,経常利益,S004,見込,140672306,114324516
20240402,読売広告社,メディア統括,第一営業部,開発課,2024,202404,1Q,400001,媒体手数料収入,S002,特別,503471880,499321693
20230407,大広,デジタル統括,第一営業部,企画課,2023,202304,1Q,200003,減価償却費,S001,通常,273621360,343433869
20230920,博報堂プロダクツ,メディア統括,デジタルマーケティング部,管理課,2023,202309,2Q,500002,媒体社リベート,S004,見込,264640912,305175003
20240208,大広,管理統括,メディアプランニング部,第二課,2023,202402,4Q,500001,広告主負担金,S004,見込,215961466,255711740
20231009,博報堂,営業統括,デジタルマーケティング部,第一課,2023,202310,3Q,300002,経常利益,S005,確定,180205031,208191259
20240921,博報堂プロダクツ,営業統括,経営企画部,第一課,2024,202409,2Q,400001,媒体手数料収入,S004,見込,408084143,370273122
20241202,博報堂プロダクツ,クリエイティブ統括,総務部,開発課,2024,202412,3Q,100003,売上総利益,S005,確定,8229615,11540113
20240509,博報堂,管理統括,財務経理部,第一課,2024,202405,1Q,400003,コンサルティング収入,S002,特別,159778240,243744093
20240917,読売広告社,クリエイティブ統括,財務経理部,運用課,2024,202409,2Q,500002,媒体社リベート,S003,調整,337999590,480793687
20230604,大広,営業統括,デジタルマーケティング部,第三課,2023,202306,1Q,100001,売上高,S003,調整,284401866,344261050
20241008,読売広告社,クリエイティブ統括,人事部,企画課,2024,202410,3Q,100003,売上総利益,S002,特別,174537848,159456099
20240511,読売広告社,クリエイティブ統括,デジタルマーケティング部,企画課,2024,202405,1Q,300001,営業利益,S004,見込,265498520,269521569
20230424,大広,営業統括,財務経理部,第一課,2023,202304,1Q,400001,媒体手数料収入,S003,調整,107708629,130695871
20230608,博報堂,クリエイティブ統括,総務部,企画課,2023,202306,1Q,100003,売上総利益,S005,確定,457161496,367634435
20241216,大広,クリエイティブ統括,人事部,運用課,2024,202412,3Q,400002,制作収入,S002,特別,306809621,255754842
20230817,博報堂,クリエイティブ統括,制作部,管理課,2023,202308,2Q,100003,売上総利益,S004,見込,334681484,478618126
20230612,博報堂DYメディアパートナーズ,営業統括,メディアプランニング部,開発課,2023,202306,1Q,100003,売上総利益,S001,通常,303054525,400876754
20240906,博報堂DYメディアパートナーズ,デジタル統括,クリエイティブ部,第三課,2024,202409,2Q,200002,経費,S001,通常,14872985,23078406
20231021,博報堂プロダクツ,営業統括,総務部,運用課,2023,202310,3Q,200002,経費,S001,通常,272449169,285348548
20240909,博報堂DYメディアパートナーズ,デジタル統括,人事部,運用課,2024,202409,2Q,200003,減価償却費,S003,調整,39108355,63632117
20250126,読売広告社,デジタル統括,デジタルマーケティング部,開発課,2024,202501,4Q,200002,経費,S002,特別,320840496,497909467
20250325,大広,管理統括,メディアプランニング部,運用課,2024,202503,4Q,200001,人件費,S001,通常,388547403,318081653
20240112,博報堂プロダクツ,営業統括,財務経理部,第一課,2023,202401,4Q,100001,売上高,S003,調整,102845786,106438554
20231020,大広,メディア統括,財務経理部,推進課,2023,202310,3Q,100001,売上高,S001,通常,105431247,108212091
20240922,博報堂,クリエイティブ統括,人事部,運用課,2024,202409,2Q,400003,コンサルティング収入,S001,通常,223719918,169781319
20240912,博報堂DYメディアパートナーズ,営業統括,制作部,管理課,2024,202409,2Q,100002,売上原価,S003,調整,104508576,169193856
20240804,博報堂プロダクツ,クリエイティブ統括,クリエイティブ部,第二課,2024,202408,2Q,500002,媒体社リベート,S005,確定,183511363,289778849
20230923,博報堂,デジタル統括,第二営業部,管理課,2023,202309,2Q,400003,コンサルティング収入,S002,特別,167720415,165237275
20230609,博報堂DYメディアパートナーズ,メディア統括,経営企画部,開発課,2023,202306,1Q,400003,コンサルティング収入,S001,通常,227791502,229557472
20241215,大広,クリエイティブ統括,メディアプランニング部,管理課,2024,202412,3Q,200002,経費,S005,確定,379908776,411650257
20230523,大広,管理統括,経営企画部,管理課,2023,202305,1Q,100003,売上総利益,S001,通常,379758676,446820902
20231109,博報堂プロダクツ,営業統括,第一営業部,第三課,2023,202311,3Q,400003,コンサルティング収入,S005,確定,334531292,322537498
20230517,大広,デジタル統括,第一営業部,推進課,2023,202305,1Q,100001,売上高,S005,確定,187367174,284544282
20241203,博報堂DYメディアパートナーズ,デジタル統括,第二営業部,企画課,2024,202412,3Q,100003,売上総利益,S005,確定,206597336,170101962
20240710,博報堂,管理統括,メディアプランニング部,企画課,2024,202407,2Q,400001,媒体手数料収入,S004,見込,65125113,108396768
20240507,博報堂DYメディアパートナーズ,デジタル統括,財務経理部,開発課,2024,202405,1Q,100002,売上原価,S003,調整,109042311,118116332
20230826,博報堂プロダクツ,営業統括,クリエイティブ部,管理課,2023,202308,2Q,300001,営業利益,S001,通常,614246192,488631593
20230422,博報堂DYメディアパートナーズ,管理統括,第二営業部,第二課,2023,202304,1Q,200003,減価償却費,S001,通常,254699731,232193584
20240626,読売広告社,営業統括,メディアプランニング部,管理課,2024,202406,1Q,200003,減価償却費,S002,特別,596746982,461611070
20250218,博報堂,メディア統括,制作部,運用課,2024,202502,4Q,200001,人件費,S003,調整,613783771,443216128
20240322,博報堂DYメディアパートナーズ,営業統括,クリエイティブ部,第一課,2023,202403,4Q,200003,減価償却費,S005,確定,122032426,96067219
20230810,読売広告社,メディア統括,第一営業部,第二課,2023,202308,2Q,200003,減価償却費,S002,特別,533409912,416721372
20240606,大広,営業統括,総務部,第一課,2024,202406,1Q,200002,経費,S003,調整,12791208,16391115
20240103,博報堂,メディア統括,総務部,企画課,2023,202401,4Q,400003,コンサルティング収入,S002,特別,493542941,363186100
20240124,博報堂,クリエイティブ統括,第一営業部,企画課,2023,202401,4Q,300001,営業利益,S004,見込,134438124,189889352
20240308,博報堂DYメディアパートナーズ,メディア統括,メディアプランニング部,第二課,2023,202403,4Q,400001,媒体手数料収入,S004,見込,533268797,441165614
20240425,博報堂DYメディアパートナーズ,デジタル統括,第一営業部,企画課,2024,202404,1Q,200002,経費,S002,特別,132316173,185526988
20240820,博報堂プロダクツ,管理統括,人事部,運用課,2024,202408,2Q,100001,売上高,S001,通常,333896892,438584300
20231009,読売広告社,デジタル統括,人事部,運用課,2023,202310,3Q,300002,経常利益,S002,特別,403065017,336074641
20240208,博報堂DYメディアパートナーズ,管理統括,第一営業部,管理課,2023,202402,4Q,400002,制作収入,S002,特別,512178836,392498007
20230513,読売広告社,管理統括,人事部,企画課,2023,202305,1Q,100002,売上原価,S002,特別,299166328,321195438
20241110,博報堂プロダクツ,管理統括,総務部,管理課,2024,202411,3Q,200001,人件費,S001,通常,552249034,442543412
20240503,博報堂DYメディアパートナーズ,メディア統括,デジタルマーケティング部,開発課,2024,202405,1Q,100001,売上高,S004,見込,649191451,475971140
20241115,博報堂プロダクツ,メディア統括,財務経理部,推進課,2024,202411,3Q,300002,経常利益,S003,調整,312501447,270685000
20241027,大広,管理統括,人事部,管理課,2024,202410,3Q,300001,営業利益,S005,確定,219632947,308727210
20230501,読売広告社,デジタル統括,財務経理部,管理課,2023,202305,1Q,500001,広告主負担金,S001,通常,505731990,498788563
20250316,大広,デジタル統括,財務経理部,第三課,2024,202503,4Q,500002,媒体社リベート,S005,確定,72937329,98179896
20231124,博報堂DYメディアパートナーズ,デジタル統括,経営企画部,第三課,2023,202311,3Q,100002,売上原価,S003,調整,14894059,16755913
20250228,博報堂DYメディアパートナーズ,クリエイティブ統括,クリエイティブ部,第三課,2024,202502,4Q,500002,媒体社リベート,S001,通常,306319739,238282538
20250214,博報堂,管理統括,クリエイティブ部,第二課,2024,202502,4Q,400001,媒体手数料収入,S002,特別,314020248,351184335
20250320,大広,デジタル統括,デジタルマーケティング部,第三課,2024,202503,4Q,400003,コンサルティング収入,S001,通常,302495742,451859694
20241006,博報堂DYメディアパートナーズ,営業統括,制作部,推進課,2024,202410,3Q,200001,人件費,S003,調整,124267391,126991361
20240106,読売広告社,デジタル統括,人事部,運用課,2023,202401,4Q,100001,売上高,S003,調整,576599148,457107498
20240602,博報堂プロダクツ,クリエイティブ統括,人事部,第三課,2024,202406,1Q,300001,営業利益,S005,確定,172768202,217453840
20250317,読売広告社,営業統括,財務経理部,第一課,2024,202503,4Q,400002,制作収入,S003,調整,101340584,161494459
20250317,博報堂プロダクツ,管理統括,クリエイティブ部,運用課,2024,202503,4Q,500001,広告主負担金,S004,見込,278115780,417353143
20241003,博報堂プロダクツ,営業統括,第一営業部,第三課,2024,202410,3Q,400003,コンサルティング収入,S002,特別,435420905,426082446
20250222,大広,メディア統括,制作部,推進課,2024,202502,4Q,200002,経費,S003,調整,133068273,117957309
20231009,読売広告社,管理統括,経営企画部,第二課,2023,202310,3Q,200003,減価償却費,S001,通常,257904478,275751724
20240709,大広,デジタル統括,第一営業部,企画課,2024,202407,2Q,100003,売上総利益,S002,特別,284989005,247469481
20230908,博報堂,管理統括,財務経理部,第一課,2023,202309,2Q,500002,媒体社リベート,S003,調整,120438076,136777895
20231212,大広,クリエイティブ統括,第一営業部,開発課,2023,202312,3Q,400001,媒体手数料収入,S004,見込,113123821,88662715
20240713,博報堂DYメディアパートナーズ,クリエイティブ統括,メディアプランニング部,運用課,2024,202407,2Q,100003,売上総利益,S002,特別,75024400,65183584
20250222,博報堂プロダクツ,デジタル統括,デジタルマーケティング部,第二課,2024,202502,4Q,100002,売上原価,S001,通常,184748884,282693894
20230822,博報堂DYメディアパートナーズ,クリエイティブ統括,メディアプランニング部,開発課,2023,202308,2Q,200003,減価償却費,S004,見込,94142566,74853862
20240319,大広,クリエイティブ統括,総務部,第一課,2023,202403,4Q,400003,コンサルティング収入,S003,調整,114007362,90832643
20240227,博報堂,メディア統括,第二営業部,開発課,2023,202402,4Q,400002,制作収入,S003,調整,83483767,72758037
20231204,博報堂プロダクツ,デジタル統括,クリエイティブ部,第三課,2023,202312,3Q,100001,売上高,S005,確定,11731309,18236837
20231003,博報堂DYメディアパートナーズ,営業統括,クリエイティブ部,管理課,2023,202310,3Q,100002,売上原価,S004,見込,178093231,229223627
20230622,博報堂プロダクツ,デジタル統括,経営企画部,推進課,2023,202306,1Q,300001,営業利益,S001,通常,133217115,113135464
20250121,博報堂,メディア統括,デジタルマーケティング部,開発課,2024,202501,4Q,300001,営業利益,S005,確定,451772699,357916539
20231123,大広,デジタル統括,デジタルマーケティング部,管理課,2023,202311,3Q,400002,制作収入,S001,通常,147263709,148294446
20250115,読売広告社,メディア統括,クリエイティブ部,管理課,2024,202501,4Q,100002,売上原価,S002,特別,23771587,17938484
20230705,博報堂DYメディアパートナーズ,クリエイティブ統括,メディアプランニング部,企画課,2023,202307,2Q,300002,経常利益,S005,確定,201698041,147837979
20250109,博報堂DYメディアパートナーズ,メディア統括,経営企画部,第一課,2024,202501,4Q,300002,経常利益,S002,特別,624340147,468312673
20240303,大広,クリエイティブ統括,人事部,企画課,2023,202403,4Q,100003,売上総利益,S001,通常,186635383,137879337
20240805,博報堂プロダクツ,営業統括,デジタルマーケティング部,第一課,2024,202408,2Q,400003,コンサルティング収入,S003,調整,263232044,199806956
20250120,博報堂プロダクツ,営業統括,クリエイティブ部,企画課,2024,202501,4Q,100003,売上総利益,S005,確定,501373855,485466926
20240701,大広,クリエイティブ統括,人事部,管理課,2024,202407,2Q,400003,コンサルティング収入,S002,特別,244197352,284163129
20240117,大広,営業統括,制作部,企画課,2023,202401,4Q,400002,制作収入,S004,見込,35173197,45037228
20230827,博報堂プロダクツ,営業統括,第二営業部,第二課,2023,202308,2Q,200001,人件費,S005,確定,67489368,53953341
20240602,博報堂DYメディアパートナーズ,営業統括,制作部,管理課,2024,202406,1Q,100002,売上原価,S001,通常,555680770,400660632
20230405,博報堂,管理統括,経営企画部,管理課,2023,202304,1Q,300001,営業利益,S003,調整,200184551,218535429
20240823,読売広告社,営業統括,総務部,推進課,2024,202408,2Q,300001,営業利益,S003,調整,11870802,19053995
20230705,読売広告社,デジタル統括,第二営業部,第三課,2023,202307,2Q,100002,売上原価,S003,調整,209492317,334779141
20240120,読売広告社,営業統括,クリエイティブ部,運用課,2023,202401,4Q,200001,人件費,S003,調整,128570443,149445458
20250220,博報堂DYメディアパートナーズ,デジタル統括,総務部,推進課,2024,202502,4Q,300002,経常利益,S005,確定,545300565,425502159
20240509,読売広告社,営業統括,第一営業部,推進課,2024,202405,1Q,100002,売上原価,S003,調整,22536148,36125126
20231124,大広,デジタル統括,デジタルマーケティング部,第三課,2023,202311,3Q,400001,媒体手数料収入,S001,通常,189567097,175981518
20230728,大広,メディア統括,総務部,第三課,2023,202307,2Q,100003,売上総利益,S001,通常,429870847,443552093
20250126,読売広告社,クリエイティブ統括,メディアプランニング部,第三課,2024,202501,4Q,100001,売上高,S002,特別,199220535,288909660
20230520,読売広告社,メディア統括,総務部,推進課,2023,202305,1Q,300001,営業利益,S003,調整,377764483,350909791
20230903,読売広告社,デジタル統括,メディアプランニング部,推進課,2023,202309,2Q,500002,媒体社リベート,S005,確定,231352603,213998309
20230906,読売広告社,営業統括,クリエイティブ部,運用課,2023,202309,2Q,300002,経常利益,S001,通常,524170866,376122706
20230618,博報堂,クリエイティブ統括,制作部,管理課,2023,202306,1Q,400003,コンサルティング収入,S005,確定,343903898,466586483
20230908,大広,営業統括,第二営業部,開発課,2023,202309,2Q,200001,人件費,S005,確定,411821715,416297496
20241208,博報堂プロダクツ,メディア統括,クリエイティブ部,開発課,2024,202412,3Q,500002,媒体社リベート,S005,確定,72748997,99030211
20241205,博報堂,デジタル統括,第二営業部,推進課,2024,202412,3Q,300001,営業利益,S001,通常,308272774,469835755
20230822,博報堂プロダクツ,デジタル統括,経営企画部,開発課,2023,202308,2Q,300001,営業利益,S003,調整,278305829,429576027
20241108,博報堂,デジタル統括,総務部,企画課,2024,202411,3Q,400002,制作収入,S004,見込,19775690,30892741
20240615,博報堂,管理統括,デジタルマーケティング部,企画課,2024,202406,1Q,400001,媒体手数料収入,S004,見込,132866563,99725895
20230511,読売広告社,クリエイティブ統括,総務部,第三課,2023,202305,1Q,400001,媒体手数料収入,S003,調整,46502226,56413372
20241101,大広,管理統括,第二営業部,企画課,2024,202411,3Q,400002,制作収入,S003,調整,238874292,376842678
20230420,読売広告社,クリエイティブ統括,経営企画部,推進課,2023,202304,1Q,500002,媒体社リベート,S005,確定,628026765,473280523
20240110,大広,クリエイティブ統括,第二営業部,企画課,2023,202401,4Q,400003,コンサルティング収入,S005,確定,461280810,495728582
20230727,博報堂,メディア統括,クリエイティブ部,推進課,2023,202307,2Q,500001,広告主負担金,S005,確定,66942804,103790857
20230627,博報堂DYメディアパートナーズ,クリエイティブ統括,第一営業部,第二課,2023,202306,1Q,200003,減価償却費,S002,特別,217289960,334789948
20240512,読売広告社,メディア統括,総務部,第三課,2024,202405,1Q,400002,制作収入,S005,確定,368987878,432385670
20240110,大広,営業統括,総務部,運用課,2023,202401,4Q,100001,売上高,S005,確定,77757802,67606102
20230714,大広,メディア統括,第一営業部,管理課,2023,202307,2Q,500002,媒体社リベート,S001,通常,3351876,2437430
20250328,博報堂プロダクツ,管理統括,第一営業部,第二課,2024,202503,4Q,100003,売上総利益,S002,特別,152251580,245683796
20240528,博報堂プロダクツ,デジタル統括,総務部,運用課,2024,202405,1Q,300001,営業利益,S002,特別,311378633,464757395
20250228,大広,クリエイティブ統括,第一営業部,推進課,2024,202502,4Q,400002,制作収入,S005,確定,173678990,227599043
20240913,博報堂プロダクツ,クリエイティブ統括,総務部,第二課,2024,202409,2Q,100001,売上高,S002,特別,4600245,6025491
20230704,読売広告社,クリエイティブ統括,第一営業部,第三課,2023,202307,2Q,100001,売上高,S004,見込,44397080,54531956
20240112,読売広告社,デジタル統括,人事部,第二課,2023,202401,4Q,200001,人件費,S003,調整,292505403,476726013
