RB処理日,会社,部門G,部門,部署,年度,年月,四半期,管理項目コード,管理項目名称,補助項目コード,補助項目名称,実績,予算
20230613,博報堂,クリエイティブ統括,メディアプランニング部,第二課,2023,202306,1Q,200003,減価償却費,S003,調整,585786240,433999194
20241001,読売広告社,メディア統括,デジタルマーケティング部,第二課,2024,202410,3Q,300002,経常利益,S004,見込,99931157,126247691
20231026,博報堂,デジタル統括,第二営業部,企画課,2023,202310,3Q,400001,媒体手数料収入,S005,確定,46810899,50274830
20240412,大広,営業統括,デジタルマーケティング部,運用課,2024,202404,1Q,100001,売上高,S002,特別,448994764,486537358
20240423,博報堂プロダクツ,営業統括,メディアプランニング部,第三課,2024,202404,1Q,500002,媒体社リベート,S002,特別,461001025,379082607
20240808,大広,デジタル統括,財務経理部,管理課,2024,202408,2Q,500001,広告主負担金,S005,確定,18918360,15743992
20240405,博報堂DYメディアパートナーズ,クリエイティブ統括,財務経理部,第一課,2024,202404,1Q,100001,売上高,S001,通常,426739836,364280223
20240423,博報堂,クリエイティブ統括,財務経理部,運用課,2024,202404,1Q,300002,経常利益,S002,特別,398185841,336918717
20241202,博報堂DYメディアパートナーズ,営業統括,制作部,運用課,2024,202412,3Q,400002,制作収入,S005,確定,350675669,408680186
20240615,読売広告社,メディア統括,第一営業部,推進課,2024,202406,1Q,300001,営業利益,S001,通常,389482054,419800170
20230924,博報堂,メディア統括,クリエイティブ部,第三課,2023,202309,2Q,200002,経費,S003,調整,434652691,463331855
20250202,博報堂プロダクツ,営業統括,クリエイティブ部,第一課,2024,202502,4Q,100003,売上総利益,S005,確定,327886823,405533129
20230706,博報堂,デジタル統括,人事部,第一課,2023,202307,2Q,200002,経費,S005,確定,599872126,494318921
20240402,博報堂DYメディアパートナーズ,管理統括,制作部,運用課,2024,202404,1Q,400001,媒体手数料収入,S003,調整,130300906,126479249
20241111,大広,管理統括,第二営業部,運用課,2024,202411,3Q,400002,制作収入,S001,通常,536416992,384380970
20240826,博報堂プロダクツ,クリエイティブ統括,メディアプランニング部,企画課,2024,202408,2Q,500002,媒体社リベート,S005,確定,270810864,236500526
20240328,博報堂DYメディアパートナーズ,デジタル統括,人事部,管理課,2023,202403,4Q,500002,媒体社リベート,S001,通常,425275270,445142870
20230817,博報堂DYメディアパートナーズ,管理統括,経営企画部,管理課,2023,202308,2Q,100003,売上総利益,S003,調整,414867701,398858927
20240121,博報堂,管理統括,メディアプランニング部,管理課,2023,202401,4Q,100002,売上原価,S005,確定,376487230,319480756
20241216,博報堂,メディア統括,第一営業部,第二課,2024,202412,3Q,200002,経費,S001,通常,112069025,96657193
20231217,大広,メディア統括,財務経理部,運用課,2023,202312,3Q,500002,媒体社リベート,S004,見込,430609796,428079046
20250210,博報堂プロダクツ,デジタル統括,経営企画部,推進課,2024,202502,4Q,300001,営業利益,S002,特別,191065219,286388298
20240122,博報堂プロダクツ,クリエイティブ統括,第二営業部,管理課,2023,202401,4Q,300002,経常利益,S001,通常,351078757,454311073
20231004,博報堂プロダクツ,営業統括,クリエイティブ部,推進課,2023,202310,3Q,500001,広告主負担金,S001,通常,191356700,231665784
20240102,博報堂,メディア統括,総務部,第三課,2023,202401,4Q,100002,売上原価,S003,調整,242741825,313627695
20250311,博報堂,デジタル統括,総務部,第二課,2024,202503,4Q,200001,人件費,S003,調整,116227194,153699307
20241014,読売広告社,管理統括,メディアプランニング部,第三課,2024,202410,3Q,100002,売上原価,S004,見込,333573003,321110022
20250216,博報堂,メディア統括,デジタルマーケティング部,管理課,2024,202502,4Q,500002,媒体社リベート,S005,確定,129049291,126171747
20230618,読売広告社,営業統括,制作部,第一課,2023,202306,1Q,100002,売上原価,S001,通常,103765731,89243402
20230628,博報堂,営業統括,第二営業部,運用課,2023,202306,1Q,500001,広告主負担金,S004,見込,297851972,378346876
20231217,博報堂,管理統括,制作部,第二課,2023,202312,3Q,300002,経常利益,S001,通常,403321445,442884132
20240111,大広,デジタル統括,制作部,管理課,2023,202401,4Q,300002,経常利益,S002,特別,222706969,369509435
20231202,大広,営業統括,第二営業部,開発課,2023,202312,3Q,200002,経費,S002,特別,63636969,72576039
20230403,博報堂DYメディアパートナーズ,管理統括,総務部,第三課,2023,202304,1Q,300002,経常利益,S005,確定,54617676,57387008
20230810,博報堂DYメディアパートナーズ,管理統括,総務部,第三課,2023,202308,2Q,300001,営業利益,S003,調整,261611154,255907183
20231022,博報堂,管理統括,デジタルマーケティング部,第三課,2023,202310,3Q,500001,広告主負担金,S001,通常,444432429,463785708
20240916,博報堂DYメディアパートナーズ,営業統括,総務部,運用課,2024,202409,2Q,100003,売上総利益,S003,調整,505903967,498176032
20240124,博報堂,デジタル統括,クリエイティブ部,第一課,2023,202401,4Q,200002,経費,S004,見込,385587622,405344223
20230620,博報堂,管理統括,デジタルマーケティング部,第二課,2023,202306,1Q,500002,媒体社リベート,S002,特別,241523300,305679644
20230814,博報堂プロダクツ,デジタル統括,デジタルマーケティング部,第一課,2023,202308,2Q,400003,コンサルティング収入,S004,見込,295314731,281913049
20230513,博報堂プロダクツ,クリエイティブ統括,第一営業部,管理課,2023,202305,1Q,500002,媒体社リベート,S002,特別,141132186,118407849
20230921,大広,クリエイティブ統括,クリエイティブ部,推進課,2023,202309,2Q,300001,営業利益,S003,調整,131298805,204338010
20240308,博報堂,クリエイティブ統括,総務部,運用課,2023,202403,4Q,100002,売上原価,S002,特別,315194519,306750955
20240721,博報堂,営業統括,第一営業部,運用課,2024,202407,2Q,500002,媒体社リベート,S004,見込,215006603,155731851
20240907,博報堂プロダクツ,メディア統括,制作部,管理課,2024,202409,2Q,400001,媒体手数料収入,S002,特別,322249183,376395945
20230920,博報堂,メディア統括,クリエイティブ部,第二課,2023,202309,2Q,200001,人件費,S002,特別,337365422,430875666
20231209,博報堂プロダクツ,メディア統括,メディアプランニング部,第一課,2023,202312,3Q,200003,減価償却費,S004,見込,36914647,33787137
20240921,博報堂DYメディアパートナーズ,メディア統括,第一営業部,企画課,2024,202409,2Q,400001,媒体手数料収入,S005,確定,208769195,159738073
20230915,博報堂プロダクツ,営業統括,総務部,企画課,2023,202309,2Q,500001,広告主負担金,S003,調整,175986306,184861294
20240702,博報堂,クリエイティブ統括,デジタルマーケティング部,第一課,2024,202407,2Q,200001,人件費,S002,特別,294529411,277987826
20241022,読売広告社,営業統括,メディアプランニング部,開発課,2024,202410,3Q,200002,経費,S002,特別,633103344,456189284
20230602,博報堂,メディア統括,制作部,管理課,2023,202306,1Q,500002,媒体社リベート,S005,確定,212514359,310975675
20240923,博報堂プロダクツ,デジタル統括,制作部,第一課,2024,202409,2Q,500001,広告主負担金,S005,確定,64082815,71553842
20250206,博報堂DYメディアパートナーズ,メディア統括,メディアプランニング部,推進課,2024,202502,4Q,300002,経常利益,S004,見込,202437058,174824393
20240316,読売広告社,営業統括,デジタルマーケティング部,第三課,2023,202403,4Q,400003,コンサルティング収入,S004,見込,336806098,373728497
20240526,博報堂DYメディアパートナーズ,営業統括,制作部,第二課,2024,202405,1Q,200001,人件費,S003,調整,184506545,136514543
20241111,博報堂プロダクツ,営業統括,第一営業部,運用課,2024,202411,3Q,200003,減価償却費,S002,特別,517647562,434167538
20241110,大広,メディア統括,制作部,運用課,2024,202411,3Q,500002,媒体社リベート,S005,確定,285963282,412386008
20240806,読売広告社,デジタル統括,デジタルマーケティング部,推進課,2024,202408,2Q,200003,減価償却費,S003,調整,116017575,104041438
20250118,博報堂,営業統括,経営企画部,運用課,2024,202501,4Q,100001,売上高,S005,確定,557916059,431984854
20240213,博報堂,デジタル統括,総務部,企画課,2023,202402,4Q,400002,制作収入,S002,特別,259180593,226126006
20250102,博報堂DYメディアパートナーズ,営業統括,メディアプランニング部,開発課,2024,202501,4Q,500001,広告主負担金,S002,特別,100227975,79617260
20230905,博報堂プロダクツ,メディア統括,経営企画部,推進課,2023,202309,2Q,400003,コンサルティング収入,S002,特別,220300979,190650887
20240106,博報堂,デジタル統括,人事部,開発課,2023,202401,4Q,400002,制作収入,S003,調整,301301645,235022788
20241121,博報堂DYメディアパートナーズ,クリエイティブ統括,財務経理部,運用課,2024,202411,3Q,100001,売上高,S004,見込,151412378,194097080
20230727,大広,クリエイティブ統括,第一営業部,企画課,2023,202307,2Q,300002,経常利益,S003,調整,355635811,453897451
20240127,博報堂プロダクツ,メディア統括,総務部,第三課,2023,202401,4Q,300001,営業利益,S005,確定,31637251,31407941
20230411,博報堂DYメディアパートナーズ,営業統括,財務経理部,開発課,2023,202304,1Q,300001,営業利益,S004,見込,375868519,394710426
20230626,博報堂,メディア統括,制作部,管理課,2023,202306,1Q,500001,広告主負担金,S005,確定,248715805,335104294
20241003,博報堂,管理統括,クリエイティブ部,第三課,2024,202410,3Q,200001,人件費,S004,見込,137366593,180379781
20230413,博報堂プロダクツ,デジタル統括,制作部,推進課,2023,202304,1Q,300001,営業利益,S004,見込,254138561,183230007
20241020,博報堂DYメディアパートナーズ,メディア統括,財務経理部,推進課,2024,202410,3Q,500002,媒体社リベート,S005,確定,165288533,126835508
20240317,博報堂,営業統括,経営企画部,開発課,2023,202403,4Q,300002,経常利益,S005,確定,238398441,268786835
20250301,大広,営業統括,人事部,第三課,2024,202503,4Q,200001,人件費,S004,見込,75131234,91900100
20240512,大広,デジタル統括,制作部,第一課,2024,202405,1Q,400001,媒体手数料収入,S005,確定,9391717,11907705
20240523,大広,営業統括,第一営業部,第二課,2024,202405,1Q,100003,売上総利益,S005,確定,252751527,274151547
20230603,博報堂DYメディアパートナーズ,管理統括,デジタルマーケティング部,開発課,2023,202306,1Q,400002,制作収入,S002,特別,231476636,364654855
20240925,読売広告社,メディア統括,メディアプランニング部,運用課,2024,202409,2Q,200002,経費,S003,調整,71626919,75954849
20230412,博報堂,営業統括,第一営業部,開発課,2023,202304,1Q,200002,経費,S005,確定,440186394,332904168
20240718,読売広告社,デジタル統括,第二営業部,第三課,2024,202407,2Q,100001,売上高,S001,通常,583752458,436583250
20231015,博報堂DYメディアパートナーズ,管理統括,制作部,企画課,2023,202310,3Q,500002,媒体社リベート,S003,調整,333906046,330023876
20240828,博報堂,メディア統括,第一営業部,第一課,2024,202408,2Q,100002,売上原価,S003,調整,213348640,173961140
20250126,大広,メディア統括,人事部,第三課,2024,202501,4Q,300002,経常利益,S001,通常,79228066,117808772
20250210,博報堂,管理統括,経営企画部,企画課,2024,202502,4Q,100003,売上総利益,S005,確定,81784379,107456323
20240717,読売広告社,営業統括,人事部,企画課,2024,202407,2Q,500002,媒体社リベート,S003,調整,310002726,477928008
20250328,博報堂プロダクツ,営業統括,第二営業部,第一課,2024,202503,4Q,100002,売上原価,S001,通常,186546777,176454172
20230726,博報堂,管理統括,第二営業部,企画課,2023,202307,2Q,300002,経常利益,S001,通常,249258214,182591510
20230523,大広,クリエイティブ統括,財務経理部,推進課,2023,202305,1Q,200003,減価償却費,S001,通常,116307378,183215161
20230515,大広,管理統括,メディアプランニング部,第三課,2023,202305,1Q,500002,媒体社リベート,S005,確定,27361989,38370258
20250212,博報堂,メディア統括,クリエイティブ部,開発課,2024,202502,4Q,500002,媒体社リベート,S004,見込,63998179,52034509
20240122,読売広告社,営業統括,第二営業部,企画課,2023,202401,4Q,200003,減価償却費,S005,確定,250435556,302251247
20240321,博報堂,クリエイティブ統括,第二営業部,企画課,2023,202403,4Q,100002,売上原価,S001,通常,127946812,159452704
20241110,大広,クリエイティブ統括,第一営業部,推進課,2024,202411,3Q,300001,営業利益,S004,見込,314766475,238532396
20240607,大広,営業統括,制作部,第二課,2024,202406,1Q,400001,媒体手数料収入,S001,通常,111571322,84090780
20240117,読売広告社,クリエイティブ統括,総務部,推進課,2023,202401,4Q,200002,経費,S004,見込,218263430,317709324
20230623,大広,営業統括,デジタルマーケティング部,第二課,2023,202306,1Q,500001,広告主負担金,S001,通常,504592643,408118122
20230424,博報堂プロダクツ,クリエイティブ統括,人事部,第一課,2023,202304,1Q,200001,人件費,S001,通常,557164241,417589762
20241103,博報堂,デジタル統括,人事部,企画課,2024,202411,3Q,100001,売上高,S003,調整,580295777,418051795
20230610,博報堂DYメディアパートナーズ,管理統括,クリエイティブ部,推進課,2023,202306,1Q,100002,売上原価,S003,調整,332644714,414593169
20240714,博報堂,デジタル統括,デジタルマーケティング部,企画課,2024,202407,2Q,100003,売上総利益,S003,調整,319519452,397461575
20250218,大広,メディア統括,第一営業部,推進課,2024,202502,4Q,400002,制作収入,S001,通常,298869009,401838353
20231001,博報堂,クリエイティブ統括,デジタルマーケティング部,第一課,2023,202310,3Q,300002,経常利益,S004,見込,168973920,237282459
20230425,大広,営業統括,経営企画部,第三課,2023,202304,1Q,400003,コンサルティング収入,S002,特別,4780044,4720468
20230615,読売広告社,デジタル統括,総務部,企画課,2023,202306,1Q,100001,売上高,S002,特別,74814341,100216604
20240315,読売広告社,メディア統括,総務部,第二課,2023,202403,4Q,100003,売上総利益,S001,通常,6075349,8057546
20250312,大広,管理統括,クリエイティブ部,第三課,2024,202503,4Q,200001,人件費,S002,特別,34489470,28040965
20240611,博報堂DYメディアパートナーズ,営業統括,人事部,第一課,2024,202406,1Q,400002,制作収入,S003,調整,158791331,166355122
20240513,大広,クリエイティブ統括,人事部,開発課,2024,202405,1Q,500002,媒体社リベート,S003,調整,140718756,104560951
20241211,読売広告社,デジタル統括,制作部,第二課,2024,202412,3Q,200002,経費,S001,通常,80028297,65685371
20240207,博報堂DYメディアパートナーズ,営業統括,制作部,開発課,2023,202402,4Q,400003,コンサルティング収入,S002,特別,141193218,212559875
20240616,博報堂DYメディアパートナーズ,デジタル統括,クリエイティブ部,第三課,2024,202406,1Q,100001,売上高,S005,確定,512227693,374647930
20250309,読売広告社,メディア統括,人事部,推進課,2024,202503,4Q,300001,営業利益,S005,確定,100842502,91126147
20240819,博報堂,デジタル統括,経営企画部,運用課,2024,202408,2Q,100003,売上総利益,S002,特別,117589876,86882907
20230717,博報堂DYメディアパートナーズ,クリエイティブ統括,総務部,管理課,2023,202307,2Q,400002,制作収入,S004,見込,454574411,443017673
20230816,読売広告社,デジタル統括,デジタルマーケティング部,企画課,2023,202308,2Q,100003,売上総利益,S002,特別,169932871,202383586
20241204,読売広告社,管理統括,人事部,管理課,2024,202412,3Q,400002,制作収入,S005,確定,353736829,254065749
20240601,博報堂DYメディアパートナーズ,管理統括,デジタルマーケティング部,推進課,2024,202406,1Q,400002,制作収入,S002,特別,443097413,319070034
20230628,博報堂プロダクツ,デジタル統括,第二営業部,第三課,2023,202306,1Q,500001,広告主負担金,S002,特別,232828941,302728466
20231120,読売広告社,管理統括,クリエイティブ部,第三課,2023,202311,3Q,400002,制作収入,S004,見込,220181838,264779345
20230821,大広,営業統括,第一営業部,運用課,2023,202308,2Q,300001,営業利益,S004,見込,238972242,354658131
20250310,博報堂DYメディアパートナーズ,デジタル統括,第一営業部,第三課,2024,202503,4Q,200001,人件費,S004,見込,39778746,37879482
20250122,博報堂,メディア統括,経営企画部,第三課,2024,202501,4Q,400003,コンサルティング収入,S005,確定,344276767,246587306
20230705,博報堂プロダクツ,クリエイティブ統括,経営企画部,第一課,2023,202307,2Q,300001,営業利益,S004,見込,523359252,432246249
20241009,大広,デジタル統括,総務部,第三課,2024,202410,3Q,300001,営業利益,S005,確定,517134672,472431347
20240309,読売広告社,営業統括,財務経理部,第一課,2023,202403,4Q,100003,売上総利益,S003,調整,222429182,318925650
20240615,博報堂DYメディアパートナーズ,営業統括,総務部,企画課,2024,202406,1Q,100003,売上総利益,S005,確定,96935674,113561832
20231212,大広,管理統括,クリエイティブ部,第一課,2023,202312,3Q,100003,売上総利益,S002,特別,550298420,441803667
20241128,博報堂,管理統括,メディアプランニング部,第三課,2024,202411,3Q,400003,コンサルティング収入,S004,見込,151534551,153605485
20241211,読売広告社,営業統括,第一営業部,第一課,2024,202412,3Q,300002,経常利益,S003,調整,102179403,153970262
20240922,読売広告社,メディア統括,第二営業部,第三課,2024,202409,2Q,400002,制作収入,S002,特別,266050669,314451216
20230422,博報堂プロダクツ,メディア統括,メディアプランニング部,運用課,2023,202304,1Q,300001,営業利益,S004,見込,4197306,4686793
20231003,大広,クリエイティブ統括,制作部,開発課,2023,202310,3Q,300002,経常利益,S005,確定,185436655,242301962
20240112,博報堂プロダクツ,クリエイティブ統括,制作部,第三課,2023,202401,4Q,400002,制作収入,S005,確定,7621090,11126909
20230828,読売広告社,クリエイティブ統括,第一営業部,企画課,2023,202308,2Q,500002,媒体社リベート,S002,特別,406820124,427171235
20230705,博報堂,営業統括,総務部,企画課,2023,202307,2Q,300001,営業利益,S002,特別,116137287,101260212
20250322,博報堂DYメディアパートナーズ,クリエイティブ統括,クリエイティブ部,第二課,2024,202503,4Q,500002,媒体社リベート,S003,調整,344960642,334648261
20240213,博報堂DYメディアパートナーズ,デジタル統括,人事部,企画課,2023,202402,4Q,200002,経費,S002,特別,143097845,231390868
20240119,博報堂プロダクツ,管理統括,総務部,推進課,2023,202401,4Q,400003,コンサルティング収入,S002,特別,520099272,429366794
20231024,博報堂,デジタル統括,第一営業部,開発課,2023,202310,3Q,200001,人件費,S002,特別,273505494,285300517
20240223,博報堂,デジタル統括,デジタルマーケティング部,管理課,2023,202402,4Q,100003,売上総利益,S003,調整,442701729,328032346
20240802,博報堂,デジタル統括,デジタルマーケティング部,企画課,2024,202408,2Q,200001,人件費,S003,調整,512508304,409158975
20230513,読売広告社,営業統括,第二営業部,推進課,2023,202305,1Q,100002,売上原価,S005,確定,213256691,231754196
20250119,読売広告社,クリエイティブ統括,第一営業部,運用課,2024,202501,4Q,100003,売上総利益,S001,通常,213462621,313834034
20241226,博報堂DYメディアパートナーズ,デジタル統括,第一営業部,開発課,2024,202412,3Q,500001,広告主負担金,S001,通常,362020366,326641328
20230518,大広,デジタル統括,人事部,開発課,2023,202305,1Q,200002,経費,S005,確定,138892249,207106987
20240226,博報堂DYメディアパートナーズ,メディア統括,第一営業部,運用課,2023,202402,4Q,300001,営業利益,S004,見込,13794246,16638004
20240715,博報堂,メディア統括,デジタルマーケティング部,開発課,2024,202407,2Q,100003,売上総利益,S002,特別,44734079,44962709
20230918,博報堂,営業統括,第二営業部,第三課,2023,202309,2Q,400002,制作収入,S003,調整,43747392,64640652
20230523,博報堂,デジタル統括,デジタルマーケティング部,企画課,2023,202305,1Q,400001,媒体手数料収入,S002,特別,297336429,368236609
20230522,読売広告社,デジタル統括,第二営業部,推進課,2023,202305,1Q,200002,経費,S001,通常,116598353,127897283
20240823,大広,管理統括,メディアプランニング部,開発課,2024,202408,2Q,400003,コンサルティング収入,S003,調整,291531923,292064819
20250318,大広,デジタル統括,クリエイティブ部,運用課,2024,202503,4Q,400003,コンサルティング収入,S005,確定,194281177,276387148
20231208,博報堂,メディア統括,デジタルマーケティング部,推進課,2023,202312,3Q,100001,売上高,S003,調整,24240560,40005051
20230714,読売広告社,営業統括,制作部,第三課,2023,202307,2Q,400001,媒体手数料収入,S002,特別,29094667,28596646
20240609,大広,デジタル統括,デジタルマーケティング部,推進課,2024,202406,1Q,500002,媒体社リベート,S003,調整,16233867,19097560
20230824,博報堂,デジタル統括,経営企画部,推進課,2023,202308,2Q,400003,コンサルティング収入,S004,見込,101838876,166578147
20240706,博報堂プロダクツ,デジタル統括,メディアプランニング部,開発課,2024,202407,2Q,500001,広告主負担金,S002,特別,439965186,352482469
20240522,博報堂DYメディアパートナーズ,管理統括,第一営業部,運用課,2024,202405,1Q,200002,経費,S001,通常,259695822,417414158
20241204,博報堂DYメディアパートナーズ,営業統括,制作部,推進課,2024,202412,3Q,200002,経費,S004,見込,183528231,174435472
20240120,読売広告社,管理統括,第一営業部,運用課,2023,202401,4Q,400002,制作収入,S004,見込,287555055,207298737
20230616,博報堂DYメディアパートナーズ,クリエイティブ統括,制作部,企画課,2023,202306,1Q,400003,コンサルティング収入,S003,調整,476685404,493538200
20241124,博報堂プロダクツ,クリエイティブ統括,第二営業部,運用課,2024,202411,3Q,500002,媒体社リベート,S001,通常,438002849,422005047
20230610,読売広告社,デジタル統括,総務部,第二課,2023,202306,1Q,100001,売上高,S001,通常,187641084,141433922
20240305,読売広告社,デジタル統括,メディアプランニング部,第三課,2023,202403,4Q,400003,コンサルティング収入,S005,確定,294128505,322679847
20240709,大広,管理統括,人事部,第一課,2024,202407,2Q,100002,売上原価,S004,見込,194459254,147217915
20250108,読売広告社,デジタル統括,制作部,開発課,2024,202501,4Q,300001,営業利益,S003,調整,160817665,194231028
20231008,大広,クリエイティブ統括,総務部,第三課,2023,202310,3Q,400001,媒体手数料収入,S005,確定,382591979,448187091
20240809,博報堂DYメディアパートナーズ,クリエイティブ統括,制作部,企画課,2024,202408,2Q,300001,営業利益,S004,見込,419721710,370511455
20250325,博報堂,管理統括,制作部,管理課,2024,202503,4Q,400003,コンサルティング収入,S004,見込,519326828,399489415
20250321,博報堂プロダクツ,クリエイティブ統括,制作部,第三課,2024,202503,4Q,100001,売上高,S002,特別,223853487,180614063
20240204,大広,クリエイティブ統括,メディアプランニング部,第二課,2023,202402,4Q,100003,売上総利益,S005,確定,278956311,426173983
20250128,博報堂DYメディアパートナーズ,デジタル統括,第一営業部,管理課,2024,202501,4Q,300002,経常利益,S003,調整,124150044,91233689
20230916,博報堂,管理統括,経営企画部,推進課,2023,202309,2Q,500002,媒体社リベート,S001,通常,366040417,378357007
20240304,読売広告社,営業統括,人事部,推進課,2023,202403,4Q,500001,広告主負担金,S005,確定,117933268,88032060
20241126,博報堂DYメディアパートナーズ,管理統括,総務部,運用課,2024,202411,3Q,500002,媒体社リベート,S004,見込,267722866,202552268
20241027,博報堂プロダクツ,管理統括,メディアプランニング部,企画課,2024,202410,3Q,400002,制作収入,S005,確定,490438512,409474501
20240822,大広,管理統括,第一営業部,第三課,2024,202408,2Q,500002,媒体社リベート,S002,特別,339933767,278367083
20240319,大広,デジタル統括,経営企画部,第三課,2023,202403,4Q,200002,経費,S004,見込,475800832,424012319
20240402,読売広告社,営業統括,メディアプランニング部,推進課,2024,202404,1Q,100001,売上高,S004,見込,304258784,274952150
20231025,博報堂,メディア統括,経営企画部,第三課,2023,202310,3Q,500002,媒体社リベート,S005,確定,120469915,168177349
20230926,博報堂,管理統括,経営企画部,第一課,2023,202309,2Q,400002,制作収入,S004,見込,85011086,114763699
20240309,博報堂,メディア統括,制作部,推進課,2023,202403,4Q,100003,売上総利益,S004,見込,458749505,424550731
20230907,博報堂,管理統括,メディアプランニング部,管理課,2023,202309,2Q,200001,人件費,S003,調整,380512257,480037090
20231009,博報堂,管理統括,第二営業部,管理課,2023,202310,3Q,500001,広告主負担金,S003,調整,33059278,34855330
20240316,読売広告社,クリエイティブ統括,制作部,運用課,2023,202403,4Q,100003,売上総利益,S001,通常,349277079,461526846
20240306,大広,管理統括,第二営業部,第三課,2023,202403,4Q,300002,経常利益,S005,確定,402774317,491597090
20230404,大広,メディア統括,制作部,企画課,2023,202304,1Q,100002,売上原価,S002,特別,34424310,54840205
20250203,読売広告社,クリエイティブ統括,メディアプランニング部,第三課,2024,202502,4Q,200002,経費,S001,通常,272136435,323389362
20231208,読売広告社,営業統括,制作部,第二課,2023,202312,3Q,100001,売上高,S005,確定,173185369,234527523
20250108,博報堂プロダクツ,営業統括,総務部,第三課,2024,202501,4Q,300001,営業利益,S004,見込,81505603,83678789
20241127,博報堂DYメディアパートナーズ,営業統括,財務経理部,第二課,2024,202411,3Q,200001,人件費,S001,通常,190492716,143891831
20240123,読売広告社,営業統括,制作部,運用課,2023,202401,4Q,400001,媒体手数料収入,S002,特別,289174177,295065535
20231107,博報堂DYメディアパートナーズ,管理統括,メディアプランニング部,第二課,2023,202311,3Q,200002,経費,S003,調整,41324522,30457304
20240922,博報堂DYメディアパートナーズ,デジタル統括,総務部,管理課,2024,202409,2Q,200002,経費,S003,調整,17666156,16873903
20231119,大広,デジタル統括,財務経理部,管理課,2023,202311,3Q,100003,売上総利益,S005,確定,247260188,178881184
20230726,読売広告社,デジタル統括,人事部,開発課,2023,202307,2Q,400001,媒体手数料収入,S002,特別,158828523,113924026
20241115,大広,クリエイティブ統括,総務部,第三課,2024,202411,3Q,200001,人件費,S002,特別,321733741,434985758
20250303,博報堂プロダクツ,管理統括,経営企画部,推進課,2024,202503,4Q,200001,人件費,S001,通常,160622144,182859868
20230824,博報堂DYメディアパートナーズ,クリエイティブ統括,財務経理部,管理課,2023,202308,2Q,300001,営業利益,S003,調整,180158166,255673861
20241110,博報堂DYメディアパートナーズ,クリエイティブ統括,クリエイティブ部,推進課,2024,202411,3Q,200002,経費,S003,調整,158239266,160076024
20230802,大広,デジタル統括,人事部,第二課,2023,202308,2Q,400002,制作収入,S004,見込,52333672,68612428
20250227,博報堂DYメディアパートナーズ,デジタル統括,制作部,企画課,2024,202502,4Q,200002,経費,S005,確定,25764382,37604314
20240608,博報堂,管理統括,経営企画部,推進課,2024,202406,1Q,400002,制作収入,S005,確定,338586437,271491501
20240111,博報堂プロダクツ,営業統括,第一営業部,第二課,2023,202401,4Q,100001,売上高,S005,確定,501364210,396719784
20240225,大広,クリエイティブ統括,クリエイティブ部,第二課,2023,202402,4Q,400002,制作収入,S002,特別,226375344,258606796
20240327,博報堂,クリエイティブ統括,第二営業部,推進課,2023,202403,4Q,100001,売上高,S001,通常,448028703,491389991
20230515,博報堂プロダクツ,クリエイティブ統括,第一営業部,第一課,2023,202305,1Q,500002,媒体社リベート,S005,確定,51405622,47364747
20240610,博報堂DYメディアパートナーズ,デジタル統括,第一営業部,開発課,2024,202406,1Q,200003,減価償却費,S004,見込,461208870,493568734
20231223,読売広告社,デジタル統括,クリエイティブ部,第二課,2023,202312,3Q,200003,減価償却費,S005,確定,236085949,276776750
20230414,読売広告社,デジタル統括,第一営業部,企画課,2023,202304,1Q,200002,経費,S005,確定,338237164,380041861
20240808,大広,管理統括,第二営業部,開発課,2024,202408,2Q,500002,媒体社リベート,S004,見込,359436793,435332535
20240718,博報堂プロダクツ,営業統括,総務部,開発課,2024,202407,2Q,100001,売上高,S004,見込,395547762,320764647
20231002,大広,管理統括,デジタルマーケティング部,第一課,2023,202310,3Q,300001,営業利益,S003,調整,291400845,398782558
20240514,大広,メディア統括,人事部,推進課,2024,202405,1Q,300001,営業利益,S001,通常,245576129,194770831
20230402,読売広告社,営業統括,総務部,第三課,2023,202304,1Q,100001,売上高,S005,確定,37799989,42084395
20240511,博報堂プロダクツ,管理統括,第二営業部,企画課,2024,202405,1Q,400001,媒体手数料収入,S005,確定,218122832,235501510
20230511,大広,メディア統括,経営企画部,第三課,2023,202305,1Q,200002,経費,S002,特別,172240129,272450538
20230502,博報堂DYメディアパートナーズ,メディア統括,第一営業部,推進課,2023,202305,1Q,300001,営業利益,S004,見込,124045560,159606056
20240821,博報堂,営業統括,デジタルマーケティング部,管理課,2024,202408,2Q,400001,媒体手数料収入,S004,見込,320563493,363513101
20250124,大広,デジタル統括,人事部,運用課,2024,202501,4Q,300001,営業利益,S003,調整,82089298,72587423
20240113,博報堂DYメディアパートナーズ,管理統括,クリエイティブ部,運用課,2023,202401,4Q,400003,コンサルティング収入,S002,特別,320863127,322336195
20250225,博報堂DYメディアパートナーズ,営業統括,経営企画部,管理課,2024,202502,4Q,100001,売上高,S004,見込,77385217,60688271
20231001,大広,クリエイティブ統括,メディアプランニング部,管理課,2023,202310,3Q,300001,営業利益,S001,通常,262997240,200293916
20240909,博報堂プロダクツ,営業統括,総務部,管理課,2024,202409,2Q,100002,売上原価,S004,見込,548149391,399094806
20241217,大広,デジタル統括,第二営業部,第二課,2024,202412,3Q,200001,人件費,S001,通常,477917851,442647957
20240810,読売広告社,管理統括,メディアプランニング部,第二課,2024,202408,2Q,300001,営業利益,S002,特別,193496765,222603437
20250109,読売広告社,メディア統括,財務経理部,第二課,2024,202501,4Q,100002,売上原価,S002,特別,144673428,230710919
20241213,博報堂,メディア統括,人事部,第一課,2024,202412,3Q,100001,売上高,S004,見込,169154002,236438012
20240114,読売広告社,メディア統括,財務経理部,第三課,2023,202401,4Q,200002,経費,S002,特別,200341506,318484892
20240103,博報堂DYメディアパートナーズ,メディア統括,クリエイティブ部,第三課,2023,202401,4Q,400003,コンサルティング収入,S005,確定,361914972,449454319
20230822,博報堂DYメディアパートナーズ,管理統括,総務部,管理課,2023,202308,2Q,400003,コンサルティング収入,S001,通常,283407236,225044170
20231108,博報堂,デジタル統括,デジタルマーケティング部,管理課,2023,202311,3Q,200002,経費,S001,通常,223059243,297235950
20240512,読売広告社,営業統括,経営企画部,第三課,2024,202405,1Q,500002,媒体社リベート,S005,確定,494565795,428768560
20240414,博報堂プロダクツ,管理統括,クリエイティブ部,第一課,2024,202404,1Q,100001,売上高,S005,確定,435244453,372376626
20250222,博報堂,クリエイティブ統括,経営企画部,開発課,2024,202502,4Q,100003,売上総利益,S003,調整,378552019,359645137
20240506,博報堂DYメディアパートナーズ,メディア統括,総務部,開発課,2024,202405,1Q,300002,経常利益,S001,通常,281028209,449675072
20231102,読売広告社,営業統括,第二営業部,推進課,2023,202311,3Q,400002,制作収入,S005,確定,159985525,190250024
20231221,読売広告社,管理統括,メディアプランニング部,開発課,2023,202312,3Q,100003,売上総利益,S004,見込,173090001,172427853
20230419,大広,クリエイティブ統括,人事部,第三課,2023,202304,1Q,200001,人件費,S004,見込,293666226,237085792
20230903,読売広告社,管理統括,デジタルマーケティング部,企画課,2023,202309,2Q,100001,売上高,S002,特別,203880885,198728414
20241111,博報堂,営業統括,制作部,推進課,2024,202411,3Q,300002,経常利益,S005,確定,286105754,340270780
20231203,大広,管理統括,総務部,第一課,2023,202312,3Q,300001,営業利益,S005,確定,3640297,4547663
20231224,博報堂,クリエイティブ統括,デジタルマーケティング部,運用課,2023,202312,3Q,200002,経費,S005,確定,273801773,231999165
20240316,博報堂DYメディアパートナーズ,デジタル統括,経営企画部,推進課,2023,202403,4Q,200003,減価償却費,S002,特別,66956816,105107500
20240703,博報堂DYメディアパートナーズ,営業統括,経営企画部,開発課,2024,202407,2Q,200002,経費,S003,調整,541640390,447100647
20231117,博報堂プロダクツ,デジタル統括,総務部,第一課,2023,202311,3Q,100003,売上総利益,S001,通常,311866207,306684958
20250206,読売広告社,営業統括,制作部,第二課,2024,202502,4Q,200002,経費,S002,特別,414315733,408787539
20250207,博報堂プロダクツ,クリエイティブ統括,クリエイティブ部,企画課,2024,202502,4Q,100002,売上原価,S005,確定,103807145,96233583
20230512,読売広告社,デジタル統括,制作部,管理課,2023,202305,1Q,500002,媒体社リベート,S004,見込,323367204,355945396
20241110,博報堂,管理統括,第二営業部,運用課,2024,202411,3Q,400002,制作収入,S002,特別,256557545,244563397
20241224,博報堂,クリエイティブ統括,第一営業部,第二課,2024,202412,3Q,300001,営業利益,S002,特別,360573053,394508299
20230812,博報堂DYメディアパートナーズ,メディア統括,デジタルマーケティング部,第一課,2023,202308,2Q,400002,制作収入,S001,通常,321704387,475572527
20230719,博報堂,クリエイティブ統括,人事部,第三課,2023,202307,2Q,400003,コンサルティング収入,S002,特別,94441096,126931090
20230509,博報堂DYメディアパートナーズ,営業統括,メディアプランニング部,管理課,2023,202305,1Q,100003,売上総利益,S002,特別,299358429,372419344
20240802,博報堂,営業統括,デジタルマーケティング部,運用課,2024,202408,2Q,100002,売上原価,S002,特別,120543895,119285662
20231010,博報堂,営業統括,経営企画部,第一課,2023,202310,3Q,200002,経費,S003,調整,83878965,89655974
20231016,読売広告社,メディア統括,第一営業部,運用課,2023,202310,3Q,500001,広告主負担金,S001,通常,148763533,111994072
20230902,読売広告社,メディア統括,人事部,管理課,2023,202309,2Q,300001,営業利益,S001,通常,50140796,65597000
20231216,読売広告社,管理統括,制作部,第三課,2023,202312,3Q,300001,営業利益,S002,特別,385840292,353169878
20230824,博報堂,管理統括,第二営業部,推進課,2023,202308,2Q,500002,媒体社リベート,S004,見込,300330413,472508438
20230802,博報堂プロダクツ,デジタル統括,メディアプランニング部,第二課,2023,202308,2Q,400003,コンサルティング収入,S004,見込,301587617,305174453
20250118,大広,メディア統括,総務部,開発課,2024,202501,4Q,200002,経費,S003,調整,91033319,99026016
20240523,読売広告社,クリエイティブ統括,メディアプランニング部,管理課,2024,202405,1Q,400001,媒体手数料収入,S005,確定,147363698,169575691
20250313,博報堂プロダクツ,デジタル統括,第一営業部,管理課,2024,202503,4Q,100002,売上原価,S003,調整,61519447,47321057
20240817,読売広告社,デジタル統括,制作部,運用課,2024,202408,2Q,100003,売上総利益,S003,調整,109408186,105365630
20250114,大広,クリエイティブ統括,クリエイティブ部,第二課,2024,202501,4Q,300001,営業利益,S003,調整,194018276,265218771
20250328,読売広告社,メディア統括,財務経理部,第二課,2024,202503,4Q,300001,営業利益,S004,見込,193987353,204468313
20230513,大広,管理統括,人事部,第三課,2023,202305,1Q,500002,媒体社リベート,S001,通常,66936783,48950903
20250215,博報堂プロダクツ,デジタル統括,経営企画部,企画課,2024,202502,4Q,200001,人件費,S003,調整,498797900,397787043
20230727,博報堂プロダクツ,メディア統括,総務部,開発課,2023,202307,2Q,400001,媒体手数料収入,S003,調整,191675237,162798874
20240212,大広,管理統括,第一営業部,企画課,2023,202402,4Q,400001,媒体手数料収入,S002,特別,61260050,49261155
20241118,大広,管理統括,クリエイティブ部,第一課,2024,202411,3Q,400002,制作収入,S005,確定,73243273,101042652
20240504,博報堂DYメディアパートナーズ,デジタル統括,デジタルマーケティング部,運用課,2024,202405,1Q,200002,経費,S004,見込,32321088,23400438
20241114,大広,営業統括,制作部,推進課,2024,202411,3Q,100002,売上原価,S005,確定,501599306,471898530
20230827,博報堂プロダクツ,営業統括,デジタルマーケティング部,推進課,2023,202308,2Q,200003,減価償却費,S003,調整,34224591,31556930
20250228,大広,メディア統括,第二営業部,第二課,2024,202502,4Q,400001,媒体手数料収入,S002,特別,225033759,298082589
20240119,大広,デジタル統括,第二営業部,開発課,2023,202401,4Q,400001,媒体手数料収入,S001,通常,122236229,162604799
20240810,博報堂,メディア統括,制作部,運用課,2024,202408,2Q,100003,売上総利益,S001,通常,276751759,339466301
20230413,大広,メディア統括,デジタルマーケティング部,企画課,2023,202304,1Q,300002,経常利益,S003,調整,236457707,291685589
20230601,博報堂プロダクツ,メディア統括,経営企画部,第二課,2023,202306,1Q,400001,媒体手数料収入,S004,見込,431921871,320198868
20230921,博報堂プロダクツ,管理統括,第二営業部,第一課,2023,202309,2Q,200001,人件費,S001,通常,148875587,121771800
20250323,博報堂DYメディアパートナーズ,営業統括,人事部,管理課,2024,202503,4Q,200003,減価償却費,S001,通常,269765021,327756228
20231221,博報堂プロダクツ,デジタル統括,経営企画部,第一課,2023,202312,3Q,300001,営業利益,S003,調整,407283657,420925311
20230414,博報堂,メディア統括,財務経理部,管理課,2023,202304,1Q,200001,人件費,S005,確定,294353364,220046039
20230719,読売広告社,メディア統括,財務経理部,第一課,2023,202307,2Q,400002,制作収入,S002,特別,125486065,100396656
20240620,大広,クリエイティブ統括,経営企画部,第二課,2024,202406,1Q,200001,人件費,S001,通常,264589914,316779730
20230404,読売広告社,メディア統括,制作部,企画課,2023,202304,1Q,400001,媒体手数料収入,S005,確定,224229071,225611388
20240319,博報堂DYメディアパートナーズ,クリエイティブ統括,第一営業部,管理課,2023,202403,4Q,100003,売上総利益,S001,通常,634723859,458900661
20230921,大広,営業統括,クリエイティブ部,第一課,2023,202309,2Q,300001,営業利益,S002,特別,188530237,179430983
20250119,読売広告社,クリエイティブ統括,デジタルマーケティング部,開発課,2024,202501,4Q,300002,経常利益,S001,通常,302153639,471538594
20250125,博報堂DYメディアパートナーズ,営業統括,第二営業部,管理課,2024,202501,4Q,200003,減価償却費,S002,特別,134925356,148091723
20240715,大広,営業統括,デジタルマーケティング部,開発課,2024,202407,2Q,100002,売上原価,S005,確定,148191566,208719974
20230726,読売広告社,デジタル統括,メディアプランニング部,開発課,2023,202307,2Q,400002,制作収入,S001,通常,139601167,121855317
20230917,博報堂DYメディアパートナーズ,デジタル統括,クリエイティブ部,推進課,2023,202309,2Q,100003,売上総利益,S001,通常,183449652,254872382
20231117,大広,メディア統括,デジタルマーケティング部,第三課,2023,202311,3Q,200001,人件費,S001,通常,302909809,279058832
20240702,博報堂,クリエイティブ統括,クリエイティブ部,第三課,2024,202407,2Q,400002,制作収入,S005,確定,230822576,380370630
20231111,博報堂DYメディアパートナーズ,管理統括,経営企画部,第三課,2023,202311,3Q,400003,コンサルティング収入,S002,特別,329194234,260873059
20240108,大広,営業統括,財務経理部,第三課,2023,202401,4Q,200002,経費,S005,確定,266389214,283845662
20241017,博報堂DYメディアパートナーズ,メディア統括,経営企画部,推進課,2024,202410,3Q,400003,コンサルティング収入,S003,調整,562074858,491492653
20241016,博報堂プロダクツ,クリエイティブ統括,財務経理部,推進課,2024,202410,3Q,200001,人件費,S003,調整,94670567,93667554
20231010,博報堂,クリエイティブ統括,制作部,運用課,2023,202310,3Q,400003,コンサルティング収入,S001,通常,354782150,415056206
20241207,博報堂DYメディアパートナーズ,営業統括,クリエイティブ部,企画課,2024,202412,3Q,300002,経常利益,S002,特別,199524542,267130659
20250211,読売広告社,デジタル統括,制作部,第三課,2024,202502,4Q,500001,広告主負担金,S003,調整,350090567,261388546
20241114,博報堂DYメディアパートナーズ,クリエイティブ統括,第二営業部,第三課,2024,202411,3Q,200001,人件費,S002,特別,394077737,362299389
20240612,博報堂DYメディアパートナーズ,管理統括,経営企画部,第三課,2024,202406,1Q,100002,売上原価,S005,確定,480506591,469172255
20240320,読売広告社,メディア統括,第二営業部,企画課,2023,202403,4Q,300001,営業利益,S001,通常,247974299,194921194
20230810,博報堂DYメディアパートナーズ,メディア統括,第二営業部,企画課,2023,202308,2Q,300001,営業利益,S002,特別,224175955,295240903
20230428,博報堂プロダクツ,メディア統括,人事部,第一課,2023,202304,1Q,400002,制作収入,S002,特別,202281176,154526976
20241007,博報堂プロダクツ,営業統括,財務経理部,第二課,2024,202410,3Q,300002,経常利益,S002,特別,513381766,485889384
20230602,博報堂,デジタル統括,クリエイティブ部,管理課,2023,202306,1Q,200002,経費,S004,見込,265740338,377834852
20230928,博報堂プロダクツ,クリエイティブ統括,人事部,第三課,2023,202309,2Q,200003,減価償却費,S004,見込,128564463,149180065
20240607,博報堂DYメディアパートナーズ,デジタル統括,第二営業部,第三課,2024,202406,1Q,200003,減価償却費,S001,通常,7704859,6753141
20231223,大広,メディア統括,総務部,運用課,2023,202312,3Q,200003,減価償却費,S003,調整,294903166,410907344
20240914,大広,メディア統括,制作部,管理課,2024,202409,2Q,100003,売上総利益,S004,見込,213433966,226904415
20240612,大広,営業統括,メディアプランニング部,第二課,2024,202406,1Q,200002,経費,S003,調整,403702253,394559570
20230921,博報堂,デジタル統括,制作部,第二課,2023,202309,2Q,100003,売上総利益,S002,特別,332222550,256858137
20241110,博報堂,管理統括,人事部,企画課,2024,202411,3Q,100002,売上原価,S001,通常,576551533,461944421
20230516,博報堂DYメディアパートナーズ,メディア統括,メディアプランニング部,運用課,2023,202305,1Q,300001,営業利益,S001,通常,14453021,15041694
20240905,博報堂プロダクツ,営業統括,制作部,第三課,2024,202409,2Q,200002,経費,S002,特別,376822278,391607579
20240723,大広,営業統括,人事部,企画課,2024,202407,2Q,100003,売上総利益,S002,特別,40628025,48963684
20230806,博報堂プロダクツ,メディア統括,第二営業部,第一課,2023,202308,2Q,100002,売上原価,S001,通常,60325987,92627253
20241116,大広,管理統括,総務部,第二課,2024,202411,3Q,100003,売上総利益,S004,見込,353716671,276420954
20230719,博報堂プロダクツ,管理統括,クリエイティブ部,管理課,2023,202307,2Q,400003,コンサルティング収入,S005,確定,208907061,265139838
20230414,博報堂プロダクツ,クリエイティブ統括,経営企画部,管理課,2023,202304,1Q,300002,経常利益,S005,確定,252034790,189633113
20230922,博報堂プロダクツ,デジタル統括,第二営業部,第一課,2023,202309,2Q,500001,広告主負担金,S002,特別,139166435,166615711
20230718,博報堂DYメディアパートナーズ,クリエイティブ統括,第二営業部,企画課,2023,202307,2Q,100001,売上高,S003,調整,2746562,4472297
20240414,博報堂,管理統括,制作部,企画課,2024,202404,1Q,200002,経費,S002,特別,214579350,243398527
20230503,博報堂,営業統括,メディアプランニング部,推進課,2023,202305,1Q,100002,売上原価,S005,確定,156076601,149488262
20230416,博報堂プロダクツ,クリエイティブ統括,制作部,第二課,2023,202304,1Q,200003,減価償却費,S005,確定,292134889,393385349
20240912,読売広告社,営業統括,財務経理部,開発課,2024,202409,2Q,200002,経費,S005,確定,310522620,319017285
20240826,博報堂DYメディアパートナーズ,クリエイティブ統括,人事部,管理課,2024,202408,2Q,300002,経常利益,S002,特別,250970774,275424294
20241021,博報堂プロダクツ,デジタル統括,経営企画部,開発課,2024,202410,3Q,300001,営業利益,S001,通常,68320504,108870678
20240422,博報堂DYメディアパートナーズ,管理統括,総務部,第一課,2024,202404,1Q,300001,営業利益,S005,確定,147598229,128514190
20241107,博報堂DYメディアパートナーズ,管理統括,財務経理部,第三課,2024,202411,3Q,500001,広告主負担金,S001,通常,340975247,383810858
20240621,博報堂プロダクツ,管理統括,第二営業部,管理課,2024,202406,1Q,500002,媒体社リベート,S005,確定,368974352,301276029
20241007,博報堂プロダクツ,クリエイティブ統括,第一営業部,企画課,2024,202410,3Q,300001,営業利益,S003,調整,210777286,254544788
20240716,博報堂プロダクツ,デジタル統括,クリエイティブ部,第一課,2024,202407,2Q,400002,制作収入,S004,見込,44253577,58733723
20240920,読売広告社,クリエイティブ統括,経営企画部,第一課,2024,202409,2Q,100003,売上総利益,S002,特別,321682382,428896616
20240509,博報堂プロダクツ,管理統括,制作部,第三課,2024,202405,1Q,400002,制作収入,S002,特別,122724208,101231540
20230822,読売広告社,クリエイティブ統括,メディアプランニング部,第二課,2023,202308,2Q,300002,経常利益,S005,確定,107196216,111913656
20250221,博報堂プロダクツ,メディア統括,経営企画部,推進課,2024,202502,4Q,400002,制作収入,S005,確定,481904928,486277573
20230905,博報堂,メディア統括,第一営業部,開発課,2023,202309,2Q,400001,媒体手数料収入,S004,見込,315507289,291238193
20250103,博報堂DYメディアパートナーズ,管理統括,人事部,第一課,2024,202501,4Q,300002,経常利益,S002,特別,128566098,107170332
20240627,博報堂プロダクツ,メディア統括,メディアプランニング部,管理課,2024,202406,1Q,100001,売上高,S001,通常,267372477,204687297
20240520,博報堂プロダクツ,メディア統括,第一営業部,開発課,2024,202405,1Q,200001,人件費,S002,特別,435613687,459695168
20241023,博報堂DYメディアパートナーズ,デジタル統括,デジタルマーケティング部,運用課,2024,202410,3Q,100001,売上高,S004,見込,129020497,182350441
20240509,博報堂プロダクツ,営業統括,第一営業部,第二課,2024,202405,1Q,500001,広告主負担金,S005,確定,395767295,425294091
20230403,読売広告社,デジタル統括,経営企画部,推進課,2023,202304,1Q,400001,媒体手数料収入,S005,確定,179285610,202902052
20240207,大広,管理統括,財務経理部,推進課,2023,202402,4Q,300002,経常利益,S004,見込,140177915,158066868
20240311,博報堂プロダクツ,営業統括,経営企画部,運用課,2023,202403,4Q,500002,媒体社リベート,S003,調整,322127185,429158964
20250327,読売広告社,メディア統括,第二営業部,第二課,2024,202503,4Q,500001,広告主負担金,S001,通常,177124177,128327585
20250321,博報堂DYメディアパートナーズ,デジタル統括,財務経理部,運用課,2024,202503,4Q,200003,減価償却費,S005,確定,154471415,153579557
20241121,読売広告社,クリエイティブ統括,メディアプランニング部,第一課,2024,202411,3Q,100001,売上高,S001,通常,318919210,290361705
20241212,博報堂DYメディアパートナーズ,デジタル統括,第二営業部,企画課,2024,202412,3Q,300002,経常利益,S005,確定,142648898,181413074
20240209,博報堂DYメディアパートナーズ,メディア統括,人事部,第一課,2023,202402,4Q,500002,媒体社リベート,S005,確定,65707430,58610431
20250320,博報堂DYメディアパートナーズ,クリエイティブ統括,財務経理部,管理課,2024,202503,4Q,100002,売上原価,S001,通常,304675923,219791270
20231222,博報堂,管理統括,メディアプランニング部,企画課,2023,202312,3Q,400001,媒体手数料収入,S001,通常,134804421,109002018
20241128,博報堂プロダクツ,メディア統括,経営企画部,推進課,2024,202411,3Q,400002,制作収入,S003,調整,49782413,49692776
20240420,博報堂DYメディアパートナーズ,管理統括,経営企画部,管理課,2024,202404,1Q,300002,経常利益,S002,特別,396446165,368057614
20241208,博報堂DYメディアパートナーズ,クリエイティブ統括,人事部,第二課,2024,202412,3Q,400001,媒体手数料収入,S005,確定,300726279,291606002
20240503,博報堂DYメディアパートナーズ,管理統括,経営企画部,第二課,2024,202405,1Q,500002,媒体社リベート,S004,見込,454239124,398289263
20240203,読売広告社,クリエイティブ統括,制作部,第二課,2023,202402,4Q,300001,営業利益,S002,特別,267249313,349102901
20240228,博報堂プロダクツ,デジタル統括,経営企画部,運用課,2023,202402,4Q,100002,売上原価,S003,調整,115743874,135893186
20240728,博報堂プロダクツ,クリエイティブ統括,人事部,第二課,2024,202407,2Q,100001,売上高,S005,確定,193518275,247106112
20250327,博報堂,デジタル統括,第二営業部,企画課,2024,202503,4Q,400002,制作収入,S003,調整,304080401,308758825
20240820,博報堂DYメディアパートナーズ,クリエイティブ統括,経営企画部,第三課,2024,202408,2Q,400003,コンサルティング収入,S005,確定,501576791,448753815
20250225,博報堂DYメディアパートナーズ,営業統括,財務経理部,推進課,2024,202502,4Q,400003,コンサルティング収入,S002,特別,200619061,213495041
20230724,大広,デジタル統括,経営企画部,企画課,2023,202307,2Q,400003,コンサルティング収入,S003,調整,157860370,147152362
20240602,読売広告社,デジタル統括,経営企画部,第一課,2024,202406,1Q,500002,媒体社リベート,S005,確定,268767862,201295091
20241122,博報堂,クリエイティブ統括,デジタルマーケティング部,第一課,2024,202411,3Q,200002,経費,S004,見込,49651382,73593699
20240802,博報堂,メディア統括,制作部,開発課,2024,202408,2Q,400002,制作収入,S002,特別,545136379,413399845
20241001,博報堂プロダクツ,クリエイティブ統括,経営企画部,推進課,2024,202410,3Q,200003,減価償却費,S005,確定,148025451,116445743
20240212,博報堂DYメディアパートナーズ,メディア統括,デジタルマーケティング部,第一課,2023,202402,4Q,500001,広告主負担金,S002,特別,169294433,193381787
20231203,博報堂,管理統括,クリエイティブ部,推進課,2023,202312,3Q,400002,制作収入,S001,通常,123805419,140540038
20230902,博報堂,クリエイティブ統括,メディアプランニング部,推進課,2023,202309,2Q,200002,経費,S001,通常,585557515,422678834
20230810,読売広告社,営業統括,財務経理部,管理課,2023,202308,2Q,100001,売上高,S002,特別,393372715,399808978
20231114,大広,クリエイティブ統括,デジタルマーケティング部,第三課,2023,202311,3Q,300001,営業利益,S004,見込,388018239,378516571
20240819,博報堂,営業統括,デジタルマーケティング部,管理課,2024,202408,2Q,400001,媒体手数料収入,S004,見込,19514448,18456602
20231002,読売広告社,管理統括,制作部,第二課,2023,202310,3Q,300001,営業利益,S005,確定,543733962,451519349
20241218,大広,クリエイティブ統括,第一営業部,開発課,2024,202412,3Q,100002,売上原価,S004,見込,367896334,317056061
20230806,博報堂DYメディアパートナーズ,デジタル統括,経営企画部,推進課,2023,202308,2Q,400002,制作収入,S003,調整,259942384,218545983
20230714,読売広告社,管理統括,クリエイティブ部,推進課,2023,202307,2Q,100001,売上高,S004,見込,381336863,344814522
20231223,博報堂プロダクツ,クリエイティブ統括,人事部,第二課,2023,202312,3Q,100001,売上高,S001,通常,331286139,438063051
20230718,博報堂,営業統括,制作部,開発課,2023,202307,2Q,500001,広告主負担金,S004,見込,189710235,175991601
20231228,読売広告社,管理統括,制作部,開発課,2023,202312,3Q,400001,媒体手数料収入,S005,確定,118063722,161836148
20240201,博報堂DYメディアパートナーズ,メディア統括,クリエイティブ部,開発課,2023,202402,4Q,100002,売上原価,S002,特別,115122153,93946175
20240201,博報堂,営業統括,第二営業部,企画課,2023,202402,4Q,200001,人件費,S002,特別,70707941,66237313
20230512,博報堂,営業統括,経営企画部,第三課,2023,202305,1Q,300002,経常利益,S004,見込,369694850,290027668
20240711,大広,営業統括,制作部,運用課,2024,202407,2Q,100001,売上高,S002,特別,299988340,408602262
20240404,大広,デジタル統括,人事部,第二課,2024,202404,1Q,300001,営業利益,S004,見込,409123111,314086219
20240912,大広,営業統括,クリエイティブ部,第二課,2024,202409,2Q,500002,媒体社リベート,S004,見込,169019301,245568485
20250106,博報堂,営業統括,メディアプランニング部,第二課,2024,202501,4Q,300001,営業利益,S001,通常,107620151,121079591
20231228,博報堂プロダクツ,クリエイティブ統括,経営企画部,開発課,2023,202312,3Q,400003,コンサルティング収入,S003,調整,396950787,419535916
20230623,博報堂DYメディアパートナーズ,デジタル統括,総務部,推進課,2023,202306,1Q,300002,経常利益,S002,特別,107115644,177379735
20230507,博報堂DYメディアパートナーズ,管理統括,総務部,管理課,2023,202305,1Q,200002,経費,S003,調整,224730801,202998236
20240216,博報堂,デジタル統括,制作部,第二課,2023,202402,4Q,200001,人件費,S004,見込,181551730,177937449
20230904,大広,デジタル統括,人事部,第一課,2023,202309,2Q,200002,経費,S003,調整,158217055,154213519
20231202,博報堂,クリエイティブ統括,クリエイティブ部,第三課,2023,202312,3Q,100002,売上原価,S001,通常,306250267,412169372
20240401,大広,管理統括,財務経理部,運用課,2024,202404,1Q,200002,経費,S003,調整,41619597,36480855
20231209,大広,管理統括,クリエイティブ部,推進課,2023,202312,3Q,200002,経費,S003,調整,231946269,175613257
20241103,博報堂DYメディアパートナーズ,営業統括,総務部,企画課,2024,202411,3Q,500001,広告主負担金,S001,通常,150365743,202693756
20241128,博報堂DYメディアパートナーズ,デジタル統括,制作部,第三課,2024,202411,3Q,200001,人件費,S002,特別,65985865,82646506
20240322,博報堂DYメディアパートナーズ,管理統括,第二営業部,運用課,2023,202403,4Q,100001,売上高,S004,見込,456304308,384193721
20240202,大広,営業統括,制作部,管理課,2023,202402,4Q,400002,制作収入,S001,通常,296729881,489202491
20240907,博報堂プロダクツ,営業統括,第二営業部,管理課,2024,202409,2Q,300002,経常利益,S005,確定,428851748,337829253
20250119,博報堂プロダクツ,デジタル統括,第二営業部,企画課,2024,202501,4Q,200001,人件費,S003,調整,204396781,153437023
20230606,博報堂プロダクツ,デジタル統括,財務経理部,第三課,2023,202306,1Q,400001,媒体手数料収入,S005,確定,444515938,378395276
20241219,読売広告社,クリエイティブ統括,経営企画部,運用課,2024,202412,3Q,200001,人件費,S002,特別,264264442,320778973
20240810,読売広告社,メディア統括,メディアプランニング部,第二課,2024,202408,2Q,200003,減価償却費,S003,調整,332843566,302426623
20241118,博報堂,デジタル統括,財務経理部,第一課,2024,202411,3Q,200002,経費,S002,特別,56433480,89665330
20230415,博報堂プロダクツ,営業統括,人事部,第二課,2023,202304,1Q,200002,経費,S002,特別,335418010,382693476
20240702,読売広告社,メディア統括,デジタルマーケティング部,推進課,2024,202407,2Q,500001,広告主負担金,S005,確定,363225710,347073048
20240518,読売広告社,営業統括,財務経理部,運用課,2024,202405,1Q,100003,売上総利益,S001,通常,85637345,69670610
20240523,博報堂,管理統括,第一営業部,第二課,2024,202405,1Q,200001,人件費,S001,通常,338757486,346370393
20241115,大広,メディア統括,人事部,第一課,2024,202411,3Q,400001,媒体手数料収入,S003,調整,425248829,333680765
20240209,読売広告社,メディア統括,第一営業部,運用課,2023,202402,4Q,500001,広告主負担金,S005,確定,169799793,142180875
20250110,博報堂DYメディアパートナーズ,クリエイティブ統括,総務部,企画課,2024,202501,4Q,200003,減価償却費,S004,見込,44837778,35349897
20250320,読売広告社,管理統括,財務経理部,運用課,2024,202503,4Q,100002,売上原価,S001,通常,56203813,57056423
20240223,博報堂プロダクツ,メディア統括,財務経理部,運用課,2023,202402,4Q,200002,経費,S001,通常,579762415,468562532
20230503,読売広告社,デジタル統括,メディアプランニング部,開発課,2023,202305,1Q,400002,制作収入,S005,確定,265340305,265206783
20231208,博報堂プロダクツ,メディア統括,第二営業部,第一課,2023,202312,3Q,100002,売上原価,S003,調整,273130237,368000269
20230423,大広,営業統括,総務部,第一課,2023,202304,1Q,200003,減価償却費,S004,見込,230344140,197594344
20240308,博報堂,デジタル統括,総務部,第一課,2023,202403,4Q,400002,制作収入,S005,確定,338450193,274529088
20240525,読売広告社,営業統括,総務部,第一課,2024,202405,1Q,400001,媒体手数料収入,S004,見込,133774698,110247056
20240916,博報堂,クリエイティブ統括,総務部,開発課,2024,202409,2Q,500002,媒体社リベート,S001,通常,74747503,76654146
20230927,博報堂,管理統括,経営企画部,第一課,2023,202309,2Q,200001,人件費,S002,特別,363563289,350127569
20240505,博報堂プロダクツ,メディア統括,総務部,管理課,2024,202405,1Q,400002,制作収入,S005,確定,339023058,302132384
20230526,博報堂DYメディアパートナーズ,メディア統括,第一営業部,第三課,2023,202305,1Q,100003,売上総利益,S003,調整,132283386,139996717
20240123,博報堂DYメディアパートナーズ,クリエイティブ統括,第一営業部,管理課,2023,202401,4Q,100001,売上高,S001,通常,324447226,279404302
20231126,博報堂プロダクツ,営業統括,第二営業部,推進課,2023,202311,3Q,400001,媒体手数料収入,S003,調整,451527962,453373198
20241219,博報堂,メディア統括,メディアプランニング部,運用課,2024,202412,3Q,100001,売上高,S001,通常,229332167,188087118
20241028,博報堂,メディア統括,人事部,第一課,2024,202410,3Q,200001,人件費,S002,特別,463893852,362754320
20240704,博報堂,デジタル統括,メディアプランニング部,開発課,2024,202407,2Q,400002,制作収入,S001,通常,132240643,171009855
20241011,読売広告社,営業統括,総務部,推進課,2024,202410,3Q,400001,媒体手数料収入,S002,特別,3633079,3413575
20240701,博報堂プロダクツ,営業統括,財務経理部,管理課,2024,202407,2Q,500002,媒体社リベート,S002,特別,403212659,432315320
20240415,読売広告社,クリエイティブ統括,財務経理部,第二課,2024,202404,1Q,200003,減価償却費,S005,確定,139860297,108798337
20240524,博報堂,営業統括,第二営業部,推進課,2024,202405,1Q,100003,売上総利益,S004,見込,202950435,201135592
20231120,読売広告社,営業統括,メディアプランニング部,管理課,2023,202311,3Q,200003,減価償却費,S001,通常,113834648,137403239
20250302,大広,営業統括,制作部,第二課,2024,202503,4Q,100001,売上高,S001,通常,96033782,158964140
20231222,大広,クリエイティブ統括,第二営業部,企画課,2023,202312,3Q,400003,コンサルティング収入,S004,見込,201581930,208834736
20231220,博報堂DYメディアパートナーズ,メディア統括,財務経理部,第一課,2023,202312,3Q,200002,経費,S005,確定,328677989,327580212
20250313,博報堂,デジタル統括,経営企画部,開発課,2024,202503,4Q,200003,減価償却費,S002,特別,298938712,263164837
20250203,博報堂DYメディアパートナーズ,クリエイティブ統括,制作部,第一課,2024,202502,4Q,100002,売上原価,S001,通常,394692743,317796276
20230602,大広,管理統括,総務部,運用課,2023,202306,1Q,500001,広告主負担金,S002,特別,513179516,429015143
20241226,博報堂DYメディアパートナーズ,デジタル統括,制作部,第一課,2024,202412,3Q,100002,売上原価,S005,確定,134630722,204612794
20240910,博報堂DYメディアパートナーズ,営業統括,第二営業部,第三課,2024,202409,2Q,100003,売上総利益,S004,見込,12695324,13131657
20240310,博報堂,クリエイティブ統括,財務経理部,開発課,2023,202403,4Q,300002,経常利益,S002,特別,23332156,25953482
20230521,大広,メディア統括,第一営業部,管理課,2023,202305,1Q,500002,媒体社リベート,S001,通常,239338481,323526506
20231224,博報堂,クリエイティブ統括,人事部,第二課,2023,202312,3Q,400002,制作収入,S002,特別,650563066,470919865
20230428,博報堂プロダクツ,営業統括,財務経理部,第一課,2023,202304,1Q,400001,媒体手数料収入,S002,特別,230698107,383985549
20240625,博報堂DYメディアパートナーズ,営業統括,第二営業部,推進課,2024,202406,1Q,100002,売上原価,S004,見込,407639955,432484215
20240522,博報堂プロダクツ,メディア統括,メディアプランニング部,企画課,2024,202405,1Q,400002,制作収入,S003,調整,645565915,492810150
20240516,博報堂,メディア統括,総務部,管理課,2024,202405,1Q,400002,制作収入,S005,確定,95954350,69474451
20240304,大広,クリエイティブ統括,デジタルマーケティング部,管理課,2023,202403,4Q,300001,営業利益,S004,見込,287765885,240359729
20230808,博報堂DYメディアパートナーズ,デジタル統括,財務経理部,第三課,2023,202308,2Q,400003,コンサルティング収入,S003,調整,183882358,295309710
20241223,大広,クリエイティブ統括,デジタルマーケティング部,企画課,2024,202412,3Q,300001,営業利益,S001,通常,367387718,332025836
20240212,博報堂,クリエイティブ統括,第二営業部,第二課,2023,202402,4Q,100003,売上総利益,S005,確定,525917473,416272212
20240220,読売広告社,クリエイティブ統括,メディアプランニング部,第三課,2023,202402,4Q,400001,媒体手数料収入,S004,見込,102318888,74005360
20230523,博報堂プロダクツ,営業統括,デジタルマーケティング部,第一課,2023,202305,1Q,100001,売上高,S005,確定,46931951,67455902
20240614,読売広告社,営業統括,第二営業部,第二課,2024,202406,1Q,500001,広告主負担金,S005,確定,94266195,122743796
20230618,博報堂,クリエイティブ統括,第二営業部,開発課,2023,202306,1Q,200001,人件費,S003,調整,100887568,163234896
20231225,博報堂DYメディアパートナーズ,クリエイティブ統括,クリエイティブ部,企画課,2023,202312,3Q,400001,媒体手数料収入,S005,確定,140326248,199652547
20250226,博報堂プロダクツ,管理統括,制作部,第二課,2024,202502,4Q,300001,営業利益,S004,見込,33795608,25986521
20241113,博報堂プロダクツ,管理統括,メディアプランニング部,第三課,2024,202411,3Q,500001,広告主負担金,S005,確定,279173933,335978531
20230618,博報堂,クリエイティブ統括,制作部,運用課,2023,202306,1Q,500002,媒体社リベート,S005,確定,287645626,231598222
20241227,大広,デジタル統括,財務経理部,企画課,2024,202412,3Q,100001,売上高,S003,調整,387288555,348001047
20231226,博報堂,管理統括,デジタルマーケティング部,第二課,2023,202312,3Q,500002,媒体社リベート,S002,特別,392176025,422919217
20230716,大広,営業統括,制作部,第一課,2023,202307,2Q,100001,売上高,S005,確定,67607436,61506154
20231122,博報堂プロダクツ,メディア統括,デジタルマーケティング部,管理課,2023,202311,3Q,200002,経費,S001,通常,115641186,119979010
20230717,読売広告社,管理統括,人事部,推進課,2023,202307,2Q,100001,売上高,S003,調整,244754009,385110709
20240706,大広,管理統括,メディアプランニング部,第一課,2024,202407,2Q,400001,媒体手数料収入,S003,調整,226096251,359917233
20240217,博報堂DYメディアパートナーズ,デジタル統括,総務部,管理課,2023,202402,4Q,100001,売上高,S002,特別,400884522,325879759
20240502,博報堂プロダクツ,デジタル統括,メディアプランニング部,第一課,2024,202405,1Q,300002,経常利益,S002,特別,522187077,435536464
20250225,博報堂プロダクツ,デジタル統括,デジタルマーケティング部,推進課,2024,202502,4Q,500001,広告主負担金,S003,調整,177970263,263914912
20230612,博報堂,デジタル統括,デジタルマーケティング部,企画課,2023,202306,1Q,100002,売上原価,S005,確定,452520720,360791203
20241006,博報堂,管理統括,経営企画部,第一課,2024,202410,3Q,400002,制作収入,S005,確定,93511170,148370700
20240413,博報堂,クリエイティブ統括,メディアプランニング部,企画課,2024,202404,1Q,500001,広告主負担金,S001,通常,370343083,302826990
20230725,博報堂,営業統括,総務部,第二課,2023,202307,2Q,100003,売上総利益,S005,確定,261509983,343405452
20231021,博報堂,メディア統括,第一営業部,第一課,2023,202310,3Q,400002,制作収入,S002,特別,63777383,53667453
20250202,大広,デジタル統括,制作部,第二課,2024,202502,4Q,500002,媒体社リベート,S003,調整,78357848,86354232
20250318,博報堂DYメディアパートナーズ,デジタル統括,メディアプランニング部,開発課,2024,202503,4Q,100001,売上高,S002,特別,412581983,415533739
20240317,博報堂DYメディアパートナーズ,管理統括,経営企画部,第三課,2023,202403,4Q,400001,媒体手数料収入,S003,調整,82950033,134837474
20240828,大広,メディア統括,クリエイティブ部,運用課,2024,202408,2Q,400003,コンサルティング収入,S004,見込,306459531,243283120
20230619,博報堂DYメディアパートナーズ,管理統括,デジタルマーケティング部,推進課,2023,202306,1Q,400002,制作収入,S003,調整,69000029,84916500
20241103,読売広告社,クリエイティブ統括,第二営業部,推進課,2024,202411,3Q,100002,売上原価,S003,調整,273882652,272093728
20240418,博報堂DYメディアパートナーズ,デジタル統括,人事部,第二課,2024,202404,1Q,500002,媒体社リベート,S003,調整,235688292,241931913
20240128,博報堂DYメディアパートナーズ,デジタル統括,人事部,管理課,2023,202401,4Q,200003,減価償却費,S001,通常,161950312,137536352
20230713,博報堂,管理統括,財務経理部,第二課,2023,202307,2Q,200001,人件費,S001,通常,559657856,440352189
20241222,博報堂,メディア統括,第一営業部,第一課,2024,202412,3Q,200001,人件費,S003,調整,55668541,64866978
20250319,読売広告社,クリエイティブ統括,経営企画部,企画課,2024,202503,4Q,500001,広告主負担金,S002,特別,144032728,174937858
20241120,博報堂,デジタル統括,経営企画部,企画課,2024,202411,3Q,100002,売上原価,S004,見込,574676207,459948235
20240615,大広,クリエイティブ統括,第一営業部,企画課,2024,202406,1Q,100002,売上原価,S005,確定,197833223,294043045
20250105,読売広告社,デジタル統括,財務経理部,推進課,2024,202501,4Q,100003,売上総利益,S003,調整,272471381,412830487
20240908,大広,管理統括,クリエイティブ部,管理課,2024,202409,2Q,200003,減価償却費,S001,通常,193634285,181038206
20230507,博報堂DYメディアパートナーズ,管理統括,デジタルマーケティング部,第三課,2023,202305,1Q,500001,広告主負担金,S002,特別,38849729,63688269
20240618,読売広告社,管理統括,財務経理部,管理課,2024,202406,1Q,400002,制作収入,S001,通常,162706761,136088355
20240405,博報堂DYメディアパートナーズ,クリエイティブ統括,第一営業部,第一課,2024,202404,1Q,400002,制作収入,S003,調整,200271209,197940129
20240318,読売広告社,メディア統括,総務部,第三課,2023,202403,4Q,200001,人件費,S001,通常,524886532,391279933
20231107,博報堂,管理統括,第一営業部,企画課,2023,202311,3Q,500002,媒体社リベート,S003,調整,177696976,223063204
20241108,読売広告社,クリエイティブ統括,人事部,運用課,2024,202411,3Q,400002,制作収入,S004,見込,418652367,336261538
20240111,大広,管理統括,経営企画部,企画課,2023,202401,4Q,200003,減価償却費,S004,見込,101440721,154760641
20231211,博報堂プロダクツ,営業統括,クリエイティブ部,企画課,2023,202312,3Q,100002,売上原価,S001,通常,119020659,101605107
20230422,博報堂DYメディアパートナーズ,管理統括,人事部,第二課,2023,202304,1Q,300002,経常利益,S005,確定,359527319,277054339
20240105,大広,管理統括,財務経理部,運用課,2023,202401,4Q,300002,経常利益,S004,見込,328075956,374494684
20230515,博報堂DYメディアパートナーズ,営業統括,デジタルマーケティング部,運用課,2023,202305,1Q,200003,減価償却費,S005,確定,495227335,411102408
20241010,博報堂,営業統括,総務部,開発課,2024,202410,3Q,300001,営業利益,S005,確定,135056810,224342182
20231115,読売広告社,デジタル統括,人事部,推進課,2023,202311,3Q,200002,経費,S004,見込,347097902,410392641
20240320,博報堂,デジタル統括,メディアプランニング部,第三課,2023,202403,4Q,200003,減価償却費,S005,確定,283882518,336635612
20240801,博報堂プロダクツ,メディア統括,デジタルマーケティング部,第三課,2024,202408,2Q,400001,媒体手数料収入,S001,通常,253060730,365664279
20231202,博報堂DYメディアパートナーズ,クリエイティブ統括,クリエイティブ部,第三課,2023,202312,3Q,200003,減価償却費,S001,通常,323420316,476301546
20241113,読売広告社,クリエイティブ統括,経営企画部,第二課,2024,202411,3Q,400003,コンサルティング収入,S005,確定,158068721,177502321
20250302,博報堂DYメディアパートナーズ,デジタル統括,総務部,開発課,2024,202503,4Q,400003,コンサルティング収入,S003,調整,221204539,189545265
20230908,読売広告社,メディア統括,第二営業部,第一課,2023,202309,2Q,200001,人件費,S004,見込,282114549,256862331
20240501,読売広告社,クリエイティブ統括,メディアプランニング部,第一課,2024,202405,1Q,300002,経常利益,S003,調整,457106723,409067364
20250324,博報堂DYメディアパートナーズ,営業統括,クリエイティブ部,第一課,2024,202503,4Q,300001,営業利益,S002,特別,432690223,458650826
20230903,読売広告社,デジタル統括,人事部,開発課,2023,202309,2Q,200002,経費,S004,見込,194055241,152142606
20240222,博報堂プロダクツ,管理統括,経営企画部,開発課,2023,202402,4Q,500002,媒体社リベート,S001,通常,374063018,304772151
20241019,大広,営業統括,経営企画部,開発課,2024,202410,3Q,200002,経費,S004,見込,44854123,33715639
20240823,読売広告社,メディア統括,第二営業部,第一課,2024,202408,2Q,300002,経常利益,S002,特別,241754490,274627909
20240616,読売広告社,メディア統括,デジタルマーケティング部,開発課,2024,202406,1Q,100001,売上高,S001,通常,78388204,75856729
20231023,博報堂プロダクツ,デジタル統括,総務部,開発課,2023,202310,3Q,500001,広告主負担金,S003,調整,338262399,255016173
20230717,博報堂,管理統括,クリエイティブ部,第二課,2023,202307,2Q,200002,経費,S003,調整,360240145,436287043
20240119,博報堂,クリエイティブ統括,第二営業部,第三課,2023,202401,4Q,100001,売上高,S001,通常,15658794,15838004
20241222,読売広告社,営業統括,クリエイティブ部,推進課,2024,202412,3Q,500001,広告主負担金,S003,調整,185968725,191544688
20230512,大広,クリエイティブ統括,総務部,第二課,2023,202305,1Q,200003,減価償却費,S005,確定,70959184,56164671
20241114,読売広告社,管理統括,人事部,開発課,2024,202411,3Q,100002,売上原価,S004,見込,27406280,19993789
20231004,大広,メディア統括,経営企画部,第三課,2023,202310,3Q,300002,経常利益,S002,特別,310910629,426954388
20241215,大広,デジタル統括,人事部,第二課,2024,202412,3Q,100003,売上総利益,S002,特別,283805968,316576167
20241225,大広,メディア統括,人事部,運用課,2024,202412,3Q,100001,売上高,S004,見込,40366853,52091312
20250110,読売広告社,クリエイティブ統括,クリエイティブ部,第二課,2024,202501,4Q,100002,売上原価,S003,調整,419700922,387438629
20240426,博報堂,管理統括,財務経理部,第二課,2024,202404,1Q,500001,広告主負担金,S004,見込,351484942,377002069
20241210,読売広告社,営業統括,総務部,企画課,2024,202412,3Q,100003,売上総利益,S005,確定,163737684,264811880
20230612,博報堂プロダクツ,営業統括,デジタルマーケティング部,開発課,2023,202306,1Q,300001,営業利益,S004,見込,343270063,444659983
20230610,読売広告社,デジタル統括,第一営業部,運用課,2023,202306,1Q,200003,減価償却費,S005,確定,306125547,241185655
20230604,大広,営業統括,財務経理部,第二課,2023,202306,1Q,200003,減価償却費,S005,確定,94327556,140628986
20250207,読売広告社,メディア統括,制作部,第三課,2024,202502,4Q,100002,売上原価,S005,確定,269917936,444091409
20250106,博報堂プロダクツ,営業統括,財務経理部,開発課,2024,202501,4Q,400003,コンサルティング収入,S001,通常,188435716,192195822
20240623,博報堂,デジタル統括,財務経理部,開発課,2024,202406,1Q,200002,経費,S004,見込,39383160,32867968
20240815,読売広告社,デジタル統括,第一営業部,第一課,2024,202408,2Q,200002,経費,S003,調整,552608933,475845932
20230522,博報堂,デジタル統括,人事部,開発課,2023,202305,1Q,300002,経常利益,S001,通常,265191523,279365947
20230712,大広,メディア統括,人事部,管理課,2023,202307,2Q,400003,コンサルティング収入,S001,通常,139078357,128283153
20250327,博報堂,管理統括,第二営業部,第二課,2024,202503,4Q,300001,営業利益,S005,確定,360787468,379343468
20240104,博報堂DYメディアパートナーズ,デジタル統括,第一営業部,推進課,2023,202401,4Q,200002,経費,S003,調整,75608561,56199911
20241220,読売広告社,デジタル統括,制作部,第一課,2024,202412,3Q,200001,人件費,S005,確定,100046723,116925610
20240226,博報堂プロダクツ,メディア統括,経営企画部,第一課,2023,202402,4Q,500001,広告主負担金,S002,特別,507232038,465617934
20230803,博報堂,デジタル統括,クリエイティブ部,企画課,2023,202308,2Q,500001,広告主負担金,S001,通常,75104790,90207833
20240925,博報堂,クリエイティブ統括,総務部,運用課,2024,202409,2Q,200001,人件費,S003,調整,514788291,480456453
20231222,博報堂,デジタル統括,総務部,企画課,2023,202312,3Q,400002,制作収入,S005,確定,629426040,493359691
20230919,博報堂DYメディアパートナーズ,デジタル統括,総務部,開発課,2023,202309,2Q,100003,売上総利益,S003,調整,22767912,20875158
20230703,博報堂DYメディアパートナーズ,管理統括,経営企画部,管理課,2023,202307,2Q,100001,売上高,S003,調整,225217252,262538764
20241124,博報堂,メディア統括,メディアプランニング部,開発課,2024,202411,3Q,400003,コンサルティング収入,S001,通常,339070221,415195533
20240724,博報堂プロダクツ,営業統括,クリエイティブ部,運用課,2024,202407,2Q,200003,減価償却費,S004,見込,417456486,465007676
20241005,博報堂,営業統括,人事部,開発課,2024,202410,3Q,100001,売上高,S004,見込,459383773,440863664
20240704,博報堂,管理統括,経営企画部,開発課,2024,202407,2Q,500002,媒体社リベート,S003,調整,340629839,391949446
20231121,博報堂,デジタル統括,デジタルマーケティング部,管理課,2023,202311,3Q,100002,売上原価,S003,調整,473788703,373380057
20240821,博報堂プロダクツ,デジタル統括,第一営業部,企画課,2024,202408,2Q,300002,経常利益,S001,通常,35186973,31978891
20240205,読売広告社,営業統括,経営企画部,開発課,2023,202402,4Q,500001,広告主負担金,S003,調整,375260505,376469604
20250123,博報堂プロダクツ,管理統括,経営企画部,運用課,2024,202501,4Q,500002,媒体社リベート,S002,特別,123589553,127179905
20230505,博報堂プロダクツ,デジタル統括,デジタルマーケティング部,第一課,2023,202305,1Q,500002,媒体社リベート,S002,特別,470351870,498978141
20240717,博報堂,管理統括,第二営業部,運用課,2024,202407,2Q,400002,制作収入,S002,特別,154487260,186572151
20240511,博報堂プロダクツ,デジタル統括,総務部,第一課,2024,202405,1Q,400003,コンサルティング収入,S004,見込,456332775,395085990
20250217,大広,メディア統括,デジタルマーケティング部,第一課,2024,202502,4Q,100001,売上高,S002,特別,214851693,202086195
20230805,読売広告社,メディア統括,デジタルマーケティング部,運用課,2023,202308,2Q,200003,減価償却費,S003,調整,123794333,95630514
20240218,博報堂DYメディアパートナーズ,営業統括,第二営業部,管理課,2023,202402,4Q,100002,売上原価,S001,通常,258973306,273312231
20250113,博報堂プロダクツ,デジタル統括,人事部,企画課,2024,202501,4Q,100003,売上総利益,S002,特別,204848731,194345911
20230820,博報堂プロダクツ,管理統括,制作部,第一課,2023,202308,2Q,400003,コンサルティング収入,S005,確定,376206719,344347453
20240324,大広,営業統括,第一営業部,第二課,2023,202403,4Q,400002,制作収入,S004,見込,48732808,44354452
20240210,博報堂DYメディアパートナーズ,管理統括,財務経理部,運用課,2023,202402,4Q,400003,コンサルティング収入,S003,調整,364228554,349138208
20240307,博報堂プロダクツ,デジタル統括,財務経理部,開発課,2023,202403,4Q,300002,経常利益,S003,調整,257082743,265235104
20230525,読売広告社,営業統括,人事部,推進課,2023,202305,1Q,400001,媒体手数料収入,S005,確定,289219478,237429404
20240422,博報堂,営業統括,クリエイティブ部,管理課,2024,202404,1Q,400003,コンサルティング収入,S001,通常,288098065,295340213
20241218,読売広告社,管理統括,デジタルマーケティング部,運用課,2024,202412,3Q,200003,減価償却費,S005,確定,96963293,104221145
20230608,読売広告社,デジタル統括,財務経理部,企画課,2023,202306,1Q,200001,人件費,S004,見込,98038956,161402480
20231018,博報堂プロダクツ,営業統括,総務部,第二課,2023,202310,3Q,300001,営業利益,S004,見込,547825076,453123036
20231018,博報堂DYメディアパートナーズ,営業統括,財務経理部,管理課,2023,202310,3Q,200001,人件費,S003,調整,553654727,451561106
20240406,博報堂,メディア統括,総務部,管理課,2024,202404,1Q,100003,売上総利益,S002,特別,207016189,283139011
20250323,大広,管理統括,財務経理部,運用課,2024,202503,4Q,100001,売上高,S003,調整,29754590,26498357
20250315,大広,管理統括,制作部,第三課,2024,202503,4Q,100003,売上総利益,S004,見込,233092181,313766208
20241209,大広,クリエイティブ統括,クリエイティブ部,第三課,2024,202412,3Q,500001,広告主負担金,S003,調整,1336053,1935399
20230713,博報堂,メディア統括,人事部,企画課,2023,202307,2Q,100003,売上総利益,S001,通常,282075012,412742399
20240508,博報堂,営業統括,経営企画部,管理課,2024,202405,1Q,400003,コンサルティング収入,S003,調整,214657470,162405065
20230611,読売広告社,メディア統括,経営企画部,推進課,2023,202306,1Q,300002,経常利益,S003,調整,251396111,331059775
20230409,博報堂DYメディアパートナーズ,デジタル統括,デジタルマーケティング部,企画課,2023,202304,1Q,400001,媒体手数料収入,S004,見込,479037527,351128614
20241028,読売広告社,管理統括,人事部,開発課,2024,202410,3Q,300002,経常利益,S005,確定,439806131,373057923
20240802,読売広告社,管理統括,第二営業部,第一課,2024,202408,2Q,200002,経費,S001,通常,348988345,420832310
20230604,博報堂,クリエイティブ統括,第一営業部,第二課,2023,202306,1Q,200002,経費,S003,調整,488802454,362594612
20230416,大広,クリエイティブ統括,第一営業部,第三課,2023,202304,1Q,200002,経費,S003,調整,42505488,69563827
20240117,大広,営業統括,デジタルマーケティング部,第一課,2023,202401,4Q,400001,媒体手数料収入,S002,特別,405193862,293989645
20240508,読売広告社,デジタル統括,メディアプランニング部,第二課,2024,202405,1Q,400003,コンサルティング収入,S005,確定,163576642,180267320
20240228,博報堂DYメディアパートナーズ,メディア統括,メディアプランニング部,第三課,2023,202402,4Q,200001,人件費,S001,通常,184344042,263800931
20240708,博報堂,クリエイティブ統括,メディアプランニング部,運用課,2024,202407,2Q,100003,売上総利益,S005,確定,383636101,361292518
20231114,博報堂,メディア統括,デジタルマーケティング部,管理課,2023,202311,3Q,300001,営業利益,S003,調整,205304643,312636700
20241002,博報堂,管理統括,第二営業部,管理課,2024,202410,3Q,400001,媒体手数料収入,S005,確定,81932853,68425079
20250303,読売広告社,クリエイティブ統括,総務部,開発課,2024,202503,4Q,100003,売上総利益,S005,確定,437515444,358414904
20250325,博報堂プロダクツ,管理統括,第二営業部,管理課,2024,202503,4Q,200002,経費,S004,見込,353473237,293348974
20231119,読売広告社,デジタル統括,第二営業部,企画課,2023,202311,3Q,200003,減価償却費,S004,見込,54303469,39647695
20250125,博報堂DYメディアパートナーズ,管理統括,クリエイティブ部,運用課,2024,202501,4Q,200001,人件費,S005,確定,299515701,434765269
20240219,博報堂DYメディアパートナーズ,デジタル統括,第一営業部,企画課,2023,202402,4Q,200002,経費,S002,特別,252404691,319485236
20240602,博報堂DYメディアパートナーズ,クリエイティブ統括,財務経理部,第一課,2024,202406,1Q,100002,売上原価,S002,特別,158206866,241513943
20240809,博報堂プロダクツ,メディア統括,メディアプランニング部,第三課,2024,202408,2Q,500001,広告主負担金,S004,見込,36368796,36577412
20230706,大広,クリエイティブ統括,第一営業部,第一課,2023,202307,2Q,200003,減価償却費,S004,見込,94950896,74689365
20240812,大広,管理統括,デジタルマーケティング部,運用課,2024,202408,2Q,100002,売上原価,S004,見込,484368488,422479600
20240316,読売広告社,クリエイティブ統括,総務部,企画課,2023,202403,4Q,200002,経費,S004,見込,261314075,315468990
20240213,読売広告社,クリエイティブ統括,制作部,開発課,2023,202402,4Q,300001,営業利益,S002,特別,400731840,484659470
20230608,大広,クリエイティブ統括,人事部,開発課,2023,202306,1Q,100003,売上総利益,S005,確定,324374457,332063594
20230904,大広,管理統括,クリエイティブ部,管理課,2023,202309,2Q,100001,売上高,S001,通常,25814116,37757443
20241207,博報堂DYメディアパートナーズ,メディア統括,総務部,第一課,2024,202412,3Q,400002,制作収入,S005,確定,345717634,435774036
20241219,博報堂プロダクツ,メディア統括,第二営業部,管理課,2024,202412,3Q,100002,売上原価,S002,特別,117975244,99533392
20241203,博報堂プロダクツ,営業統括,デジタルマーケティング部,運用課,2024,202412,3Q,200002,経費,S004,見込,282160684,407932445
20240822,博報堂プロダクツ,メディア統括,経営企画部,第二課,2024,202408,2Q,100003,売上総利益,S004,見込,201178192,158628533
20240509,博報堂,デジタル統括,デジタルマーケティング部,運用課,2024,202405,1Q,400001,媒体手数料収入,S001,通常,80206480,80451685
20230721,大広,メディア統括,制作部,開発課,2023,202307,2Q,100001,売上高,S005,確定,508301665,476633294
20240302,博報堂DYメディアパートナーズ,メディア統括,総務部,第三課,2023,202403,4Q,400001,媒体手数料収入,S001,通常,293516831,396303067
20230710,博報堂DYメディアパートナーズ,管理統括,人事部,推進課,2023,202307,2Q,200002,経費,S002,特別,494420588,371602858
20230601,読売広告社,デジタル統括,メディアプランニング部,第三課,2023,202306,1Q,200003,減価償却費,S002,特別,546141744,477861489
20240807,博報堂プロダクツ,メディア統括,クリエイティブ部,第三課,2024,202408,2Q,400001,媒体手数料収入,S001,通常,104083174,78450853
20250125,博報堂DYメディアパートナーズ,クリエイティブ統括,人事部,推進課,2024,202501,4Q,400001,媒体手数料収入,S004,見込,142772003,227953288
20240111,博報堂DYメディアパートナーズ,管理統括,総務部,管理課,2023,202401,4Q,500001,広告主負担金,S002,特別,463747245,399353649
20240227,博報堂,管理統括,第一営業部,企画課,2023,202402,4Q,400001,媒体手数料収入,S003,調整,510869071,442599774
20240121,博報堂プロダクツ,クリエイティブ統括,総務部,第一課,2023,202401,4Q,500001,広告主負担金,S004,見込,459720139,413558680
20230411,博報堂,営業統括,クリエイティブ部,第二課,2023,202304,1Q,500002,媒体社リベート,S002,特別,41511654,50929604
20241013,博報堂プロダクツ,デジタル統括,財務経理部,管理課,2024,202410,3Q,200001,人件費,S002,特別,248233575,309288183
20230823,博報堂プロダクツ,デジタル統括,デジタルマーケティング部,第二課,2023,202308,2Q,200001,人件費,S003,調整,545287121,447488256
20240804,博報堂,クリエイティブ統括,デジタルマーケティング部,第一課,2024,202408,2Q,100002,売上原価,S005,確定,237950716,393356373
20230514,読売広告社,管理統括,総務部,第二課,2023,202305,1Q,500001,広告主負担金,S002,特別,531929219,463644366
20231215,博報堂,クリエイティブ統括,経営企画部,管理課,2023,202312,3Q,100001,売上高,S001,通常,182066185,221190014
20240422,大広,デジタル統括,第二営業部,運用課,2024,202404,1Q,100003,売上総利益,S005,確定,272250500,355878121
20241218,博報堂プロダクツ,管理統括,人事部,運用課,2024,202412,3Q,100002,売上原価,S003,調整,52370540,76662567
20250322,博報堂DYメディアパートナーズ,メディア統括,人事部,第二課,2024,202503,4Q,400003,コンサルティング収入,S002,特別,442718808,477953249
20240413,博報堂,営業統括,第二営業部,第三課,2024,202404,1Q,300001,営業利益,S005,確定,260933154,234337338
20230405,博報堂プロダクツ,クリエイティブ統括,メディアプランニング部,運用課,2023,202304,1Q,200001,人件費,S004,見込,68353296,51662750
20240307,博報堂DYメディアパートナーズ,デジタル統括,人事部,企画課,2023,202403,4Q,100002,売上原価,S005,確定,542815430,393326632
20240713,大広,クリエイティブ統括,第一営業部,管理課,2024,202407,2Q,400003,コンサルティング収入,S002,特別,43410949,51064632
20241204,博報堂DYメディアパートナーズ,クリエイティブ統括,メディアプランニング部,運用課,2024,202412,3Q,100002,売上原価,S005,確定,147153375,200277843
20240327,博報堂プロダクツ,営業統括,第二営業部,運用課,2023,202403,4Q,100001,売上高,S005,確定,230918066,205988692
20240926,博報堂プロダクツ,メディア統括,デジタルマーケティング部,第一課,2024,202409,2Q,200003,減価償却費,S002,特別,153208793,246022965
20241021,博報堂DYメディアパートナーズ,クリエイティブ統括,人事部,管理課,2024,202410,3Q,500002,媒体社リベート,S004,見込,408732526,295595084
20230602,読売広告社,クリエイティブ統括,デジタルマーケティング部,推進課,2023,202306,1Q,200002,経費,S002,特別,366149023,355313963
20230515,博報堂DYメディアパートナーズ,クリエイティブ統括,経営企画部,第三課,2023,202305,1Q,100001,売上高,S004,見込,365540521,472986523
20240122,読売広告社,デジタル統括,総務部,企画課,2023,202401,4Q,100001,売上高,S001,通常,223175942,215979289
20241223,大広,クリエイティブ統括,第一営業部,推進課,2024,202412,3Q,400003,コンサルティング収入,S004,見込,1928633,1760945
20240315,読売広告社,営業統括,デジタルマーケティング部,運用課,2023,202403,4Q,100001,売上高,S001,通常,282715490,249093970
20240501,博報堂DYメディアパートナーズ,クリエイティブ統括,制作部,第三課,2024,202405,1Q,100001,売上高,S003,調整,393511328,297488974
20240322,読売広告社,メディア統括,クリエイティブ部,運用課,2023,202403,4Q,300001,営業利益,S003,調整,169305921,158527449
20240521,読売広告社,管理統括,メディアプランニング部,管理課,2024,202405,1Q,200001,人件費,S001,通常,553544918,432769821
20241220,博報堂プロダクツ,デジタル統括,人事部,推進課,2024,202412,3Q,400001,媒体手数料収入,S005,確定,240478177,355673818
20230901,大広,デジタル統括,経営企画部,運用課,2023,202309,2Q,100002,売上原価,S002,特別,550948289,488390584
20230817,読売広告社,メディア統括,総務部,第二課,2023,202308,2Q,300002,経常利益,S004,見込,137790838,222788240
20240110,博報堂,メディア統括,デジタルマーケティング部,第二課,2023,202401,4Q,100001,売上高,S003,調整,343874888,315238697
20230820,博報堂DYメディアパートナーズ,デジタル統括,人事部,開発課,2023,202308,2Q,100002,売上原価,S002,特別,426966296,307237473
20240118,博報堂,管理統括,第一営業部,運用課,2023,202401,4Q,500001,広告主負担金,S002,特別,557158148,485527669
20241027,大広,メディア統括,デジタルマーケティング部,管理課,2024,202410,3Q,200001,人件費,S004,見込,469758664,414095095
20240415,博報堂プロダクツ,クリエイティブ統括,制作部,企画課,2024,202404,1Q,200003,減価償却費,S001,通常,299892504,466879799
20231128,博報堂,営業統括,メディアプランニング部,管理課,2023,202311,3Q,400003,コンサルティング収入,S001,通常,139749870,116131408
20230424,読売広告社,営業統括,第一営業部,第三課,2023,202304,1Q,400003,コンサルティング収入,S001,通常,28772675,31095174
20240305,博報堂プロダクツ,クリエイティブ統括,経営企画部,運用課,2023,202403,4Q,200001,人件費,S004,見込,385814717,323785000
20240415,博報堂DYメディアパートナーズ,管理統括,人事部,運用課,2024,202404,1Q,400002,制作収入,S003,調整,264678302,377867982
20240315,博報堂DYメディアパートナーズ,デジタル統括,第一営業部,推進課,2023,202403,4Q,100003,売上総利益,S001,通常,148346341,107480565
20231019,博報堂プロダクツ,管理統括,経営企画部,第二課,2023,202310,3Q,200002,経費,S005,確定,50868203,39298442
20230517,博報堂DYメディアパートナーズ,メディア統括,第二営業部,運用課,2023,202305,1Q,300002,経常利益,S005,確定,99099152,89292001
20241116,大広,営業統括,デジタルマーケティング部,管理課,2024,202411,3Q,400002,制作収入,S004,見込,437303938,457868744
20250327,大広,メディア統括,財務経理部,運用課,2024,202503,4Q,200002,経費,S005,確定,88404068,72839821
20230418,読売広告社,管理統括,財務経理部,企画課,2023,202304,1Q,100002,売上原価,S002,特別,319142358,374220129
20230526,博報堂,営業統括,第二営業部,第三課,2023,202305,1Q,400002,制作収入,S003,調整,100460557,77659190
20250315,博報堂DYメディアパートナーズ,クリエイティブ統括,制作部,管理課,2024,202503,4Q,300002,経常利益,S004,見込,194153674,211358469
20250110,博報堂プロダクツ,デジタル統括,財務経理部,開発課,2024,202501,4Q,300002,経常利益,S005,確定,123329362,199967632
20241002,博報堂DYメディアパートナーズ,管理統括,制作部,運用課,2024,202410,3Q,100002,売上原価,S004,見込,16433538,25725379
20231123,博報堂,管理統括,メディアプランニング部,推進課,2023,202311,3Q,200002,経費,S002,特別,302868425,294351362
20240828,読売広告社,デジタル統括,財務経理部,第二課,2024,202408,2Q,200002,経費,S001,通常,4715062,3404904
20240308,博報堂,メディア統括,財務経理部,第一課,2023,202403,4Q,400001,媒体手数料収入,S003,調整,152388941,211710150
20250220,読売広告社,クリエイティブ統括,メディアプランニング部,推進課,2024,202502,4Q,400003,コンサルティング収入,S003,調整,319302304,453716812
20240407,博報堂,デジタル統括,経営企画部,管理課,2024,202404,1Q,400001,媒体手数料収入,S005,確定,66253317,81079505
20240410,博報堂DYメディアパートナーズ,デジタル統括,制作部,運用課,2024,202404,1Q,200002,経費,S003,調整,308143789,462951395
20240806,博報堂,デジタル統括,制作部,運用課,2024,202408,2Q,300001,営業利益,S001,通常,40086889,45495913
20230622,博報堂DYメディアパートナーズ,クリエイティブ統括,第二営業部,第二課,2023,202306,1Q,300001,営業利益,S002,特別,372639237,418263522
20230908,博報堂DYメディアパートナーズ,管理統括,クリエイティブ部,第三課,2023,202309,2Q,200003,減価償却費,S003,調整,343193500,343343192
20231018,博報堂プロダクツ,メディア統括,第二営業部,第三課,2023,202310,3Q,200001,人件費,S002,特別,27315885,25214215
20240811,博報堂プロダクツ,営業統括,経営企画部,推進課,2024,202408,2Q,400003,コンサルティング収入,S001,通常,202809863,162395401
20250206,大広,管理統括,デジタルマーケティング部,運用課,2024,202502,4Q,100003,売上総利益,S003,調整,276708285,243402964
20250322,博報堂DYメディアパートナーズ,営業統括,財務経理部,第二課,2024,202503,4Q,400003,コンサルティング収入,S001,通常,124654913,93829529
20230415,博報堂DYメディアパートナーズ,デジタル統括,第二営業部,運用課,2023,202304,1Q,400001,媒体手数料収入,S004,見込,326542762,246803038
20241205,博報堂,メディア統括,制作部,第二課,2024,202412,3Q,400002,制作収入,S004,見込,316954230,354748717
20241202,大広,メディア統括,第一営業部,第三課,2024,202412,3Q,100002,売上原価,S002,特別,97802395,130760733
20241012,博報堂プロダクツ,管理統括,メディアプランニング部,第一課,2024,202410,3Q,200002,経費,S002,特別,333454369,475951778
20241204,博報堂DYメディアパートナーズ,営業統括,メディアプランニング部,第二課,2024,202412,3Q,500001,広告主負担金,S004,見込,244216055,267798408
20241205,読売広告社,メディア統括,メディアプランニング部,管理課,2024,202412,3Q,100001,売上高,S001,通常,214585162,237066635
20240120,大広,営業統括,財務経理部,第一課,2023,202401,4Q,300002,経常利益,S003,調整,290297248,255411742
20240207,博報堂DYメディアパートナーズ,メディア統括,財務経理部,推進課,2023,202402,4Q,300001,営業利益,S002,特別,21984147,29188967
20241004,読売広告社,デジタル統括,第二営業部,管理課,2024,202410,3Q,200001,人件費,S003,調整,293428039,333548819
20230806,博報堂DYメディアパートナーズ,メディア統括,総務部,推進課,2023,202308,2Q,200002,経費,S001,通常,521674409,494570428
20241201,博報堂プロダクツ,メディア統括,メディアプランニング部,第二課,2024,202412,3Q,400002,制作収入,S001,通常,457671202,382486333
20241008,博報堂プロダクツ,メディア統括,デジタルマーケティング部,第三課,2024,202410,3Q,100003,売上総利益,S005,確定,62348723,73409831
20230412,読売広告社,デジタル統括,総務部,第一課,2023,202304,1Q,400002,制作収入,S005,確定,507913051,413795251
20240213,博報堂,管理統括,デジタルマーケティング部,運用課,2023,202402,4Q,400002,制作収入,S003,調整,334122278,495009021
20240826,大広,管理統括,クリエイティブ部,企画課,2024,202408,2Q,200003,減価償却費,S005,確定,76585794,100867878
20240106,博報堂DYメディアパートナーズ,営業統括,デジタルマーケティング部,管理課,2023,202401,4Q,100003,売上総利益,S001,通常,291982116,310091297
20240425,大広,営業統括,第二営業部,第二課,2024,202404,1Q,500001,広告主負担金,S003,調整,62590354,87983576
20230702,読売広告社,管理統括,総務部,企画課,2023,202307,2Q,400003,コンサルティング収入,S001,通常,177274174,222678246
20240927,博報堂,メディア統括,クリエイティブ部,開発課,2024,202409,2Q,200002,経費,S002,特別,415182581,469698442
20230408,博報堂DYメディアパートナーズ,管理統括,第二営業部,第二課,2023,202304,1Q,300001,営業利益,S003,調整,544782942,468527760
20230724,博報堂プロダクツ,クリエイティブ統括,総務部,第三課,2023,202307,2Q,500001,広告主負担金,S002,特別,32033663,23532629
20241213,博報堂プロダクツ,営業統括,財務経理部,開発課,2024,202412,3Q,400002,制作収入,S004,見込,247959596,252363448
20230422,博報堂DYメディアパートナーズ,営業統括,経営企画部,第三課,2023,202304,1Q,500002,媒体社リベート,S001,通常,557608402,429362433
20241107,読売広告社,管理統括,総務部,企画課,2024,202411,3Q,400002,制作収入,S002,特別,215746027,232004752
20241224,大広,営業統括,メディアプランニング部,第一課,2024,202412,3Q,300002,経常利益,S005,確定,312263445,467065232
20230712,博報堂プロダクツ,営業統括,デジタルマーケティング部,推進課,2023,202307,2Q,200002,経費,S002,特別,574350135,413085797
20231207,博報堂,クリエイティブ統括,経営企画部,第二課,2023,202312,3Q,300001,営業利益,S001,通常,481645113,409844983
20250126,博報堂DYメディアパートナーズ,メディア統括,人事部,企画課,2024,202501,4Q,100001,売上高,S003,調整,345488424,475790602
20240506,大広,メディア統括,経営企画部,推進課,2024,202405,1Q,100002,売上原価,S005,確定,42233334,55519037
20240322,読売広告社,メディア統括,クリエイティブ部,第二課,2023,202403,4Q,500001,広告主負担金,S002,特別,298103515,375468372
20240920,大広,デジタル統括,メディアプランニング部,開発課,2024,202409,2Q,300001,営業利益,S001,通常,369606840,359020596
20240312,読売広告社,管理統括,経営企画部,開発課,2023,202403,4Q,200002,経費,S002,特別,322034301,279478461
20230813,博報堂,デジタル統括,財務経理部,運用課,2023,202308,2Q,200003,減価償却費,S002,特別,129382683,110621896
20240426,博報堂プロダクツ,営業統括,デジタルマーケティング部,第二課,2024,202404,1Q,500002,媒体社リベート,S002,特別,38016335,41739163
20240521,博報堂DYメディアパートナーズ,クリエイティブ統括,制作部,第一課,2024,202405,1Q,500002,媒体社リベート,S001,通常,406594559,431881734
20240407,博報堂プロダクツ,営業統括,第一営業部,推進課,2024,202404,1Q,400002,制作収入,S002,特別,175427724,169751091
20241224,博報堂,メディア統括,デジタルマーケティング部,運用課,2024,202412,3Q,200002,経費,S004,見込,173365231,277062966
20230919,博報堂プロダクツ,デジタル統括,デジタルマーケティング部,推進課,2023,202309,2Q,400003,コンサルティング収入,S003,調整,397232988,436646492
20241009,博報堂,営業統括,経営企画部,開発課,2024,202410,3Q,200001,人件費,S002,特別,196238809,246735231
20250124,博報堂DYメディアパートナーズ,営業統括,メディアプランニング部,第二課,2024,202501,4Q,200002,経費,S005,確定,371085995,287335580
20241210,読売広告社,営業統括,経営企画部,開発課,2024,202412,3Q,100001,売上高,S005,確定,458517748,498883837
20241025,博報堂プロダクツ,メディア統括,人事部,管理課,2024,202410,3Q,500002,媒体社リベート,S004,見込,283132384,372221518
20240515,大広,営業統括,財務経理部,企画課,2024,202405,1Q,500002,媒体社リベート,S001,通常,365607460,371608217
20241125,博報堂,クリエイティブ統括,メディアプランニング部,管理課,2024,202411,3Q,300002,経常利益,S001,通常,281835041,347770700
20250326,博報堂,クリエイティブ統括,クリエイティブ部,第一課,2024,202503,4Q,100003,売上総利益,S001,通常,110713123,90803185
20230609,博報堂DYメディアパートナーズ,管理統括,人事部,開発課,2023,202306,1Q,400003,コンサルティング収入,S003,調整,173055707,279788606
20230607,読売広告社,クリエイティブ統括,人事部,第二課,2023,202306,1Q,200003,減価償却費,S001,通常,19808646,19382575
20240414,大広,クリエイティブ統括,第二営業部,企画課,2024,202404,1Q,100003,売上総利益,S005,確定,314197074,413906222
20240228,博報堂DYメディアパートナーズ,管理統括,メディアプランニング部,管理課,2023,202402,4Q,500001,広告主負担金,S005,確定,340424890,338908154
20230827,博報堂プロダクツ,クリエイティブ統括,経営企画部,推進課,2023,202308,2Q,100001,売上高,S003,調整,32919276,52923263
20250224,博報堂DYメディアパートナーズ,管理統括,財務経理部,推進課,2024,202502,4Q,400001,媒体手数料収入,S004,見込,530311477,411989328
20240622,大広,デジタル統括,財務経理部,企画課,2024,202406,1Q,200002,経費,S001,通常,75816454,106150727
20230725,博報堂プロダクツ,営業統括,デジタルマーケティング部,管理課,2023,202307,2Q,100001,売上高,S003,調整,44008405,40396419
20240106,大広,営業統括,第一営業部,第三課,2023,202401,4Q,400003,コンサルティング収入,S001,通常,63142197,72336959
20231228,読売広告社,メディア統括,人事部,運用課,2023,202312,3Q,200001,人件費,S002,特別,115056922,141806746
20230425,読売広告社,クリエイティブ統括,クリエイティブ部,管理課,2023,202304,1Q,300002,経常利益,S005,確定,416968676,397627415
20250326,博報堂DYメディアパートナーズ,メディア統括,制作部,第三課,2024,202503,4Q,100002,売上原価,S002,特別,259530552,335005917
20240527,大広,デジタル統括,人事部,第一課,2024,202405,1Q,100003,売上総利益,S002,特別,239609449,320506978
20250310,博報堂DYメディアパートナーズ,メディア統括,第一営業部,第一課,2024,202503,4Q,500001,広告主負担金,S004,見込,282169071,345753978
20230602,読売広告社,デジタル統括,クリエイティブ部,企画課,2023,202306,1Q,400003,コンサルティング収入,S003,調整,62094679,56290602
20230426,博報堂,管理統括,第二営業部,推進課,2023,202304,1Q,400002,制作収入,S003,調整,115287993,141748402
20230523,読売広告社,営業統括,制作部,第二課,2023,202305,1Q,500002,媒体社リベート,S003,調整,380226780,297264463
20240506,博報堂DYメディアパートナーズ,営業統括,クリエイティブ部,第二課,2024,202405,1Q,300002,経常利益,S003,調整,177495164,213517733
20240212,博報堂,メディア統括,第二営業部,第三課,2023,202402,4Q,300002,経常利益,S004,見込,271657063,194935841
20240521,博報堂DYメディアパートナーズ,デジタル統括,人事部,運用課,2024,202405,1Q,200002,経費,S003,調整,20400578,16739932
20230918,読売広告社,デジタル統括,第一営業部,第二課,2023,202309,2Q,200001,人件費,S003,調整,569288595,417556255
20230712,博報堂DYメディアパートナーズ,メディア統括,総務部,管理課,2023,202307,2Q,200001,人件費,S001,通常,217329357,269041086
20230902,大広,クリエイティブ統括,第一営業部,推進課,2023,202309,2Q,200003,減価償却費,S004,見込,13121921,13674002
20230611,博報堂プロダクツ,クリエイティブ統括,デジタルマーケティング部,第三課,2023,202306,1Q,500001,広告主負担金,S001,通常,18542033,17691431
20240616,大広,メディア統括,経営企画部,開発課,2024,202406,1Q,200001,人件費,S003,調整,538594500,396249233
20230615,博報堂プロダクツ,営業統括,第二営業部,第三課,2023,202306,1Q,400002,制作収入,S001,通常,360028389,310455710
20231120,大広,管理統括,財務経理部,第一課,2023,202311,3Q,300001,営業利益,S005,確定,501291593,391992093
20241214,博報堂,デジタル統括,経営企画部,企画課,2024,202412,3Q,200003,減価償却費,S003,調整,157228344,223131428
20240505,大広,メディア統括,第二営業部,推進課,2024,202405,1Q,400002,制作収入,S003,調整,202287086,327103254
20230420,大広,管理統括,経営企画部,管理課,2023,202304,1Q,200001,人件費,S002,特別,475813146,440057621
20230402,読売広告社,営業統括,制作部,第一課,2023,202304,1Q,400002,制作収入,S003,調整,274069378,250745354
20230719,博報堂DYメディアパートナーズ,管理統括,デジタルマーケティング部,開発課,2023,202307,2Q,500001,広告主負担金,S001,通常,310893861,439155756
20240925,博報堂DYメディアパートナーズ,営業統括,第一営業部,推進課,2024,202409,2Q,300001,営業利益,S001,通常,138710349,198102585
20231128,博報堂,営業統括,経営企画部,第二課,2023,202311,3Q,400003,コンサルティング収入,S004,見込,117214964,92209699
20250128,読売広告社,管理統括,第一営業部,企画課,2024,202501,4Q,200003,減価償却費,S004,見込,131381305,96398422
20230525,博報堂,クリエイティブ統括,総務部,第二課,2023,202305,1Q,300001,営業利益,S003,調整,57578238,76283674
20240412,博報堂,管理統括,総務部,企画課,2024,202404,1Q,400002,制作収入,S005,確定,322789162,372891825
20231210,博報堂DYメディアパートナーズ,クリエイティブ統括,メディアプランニング部,企画課,2023,202312,3Q,500002,媒体社リベート,S002,特別,407399368,380066054
20250313,大広,デジタル統括,デジタルマーケティング部,第三課,2024,202503,4Q,200003,減価償却費,S002,特別,363453729,336371395
20241120,大広,クリエイティブ統括,制作部,第二課,2024,202411,3Q,500002,媒体社リベート,S004,見込,224563042,250762477
20241208,読売広告社,メディア統括,財務経理部,第三課,2024,202412,3Q,500001,広告主負担金,S005,確定,45788332,71570889
20230904,博報堂プロダクツ,メディア統括,経営企画部,運用課,2023,202309,2Q,400002,制作収入,S004,見込,186772283,296005118
20230503,大広,メディア統括,制作部,第一課,2023,202305,1Q,100003,売上総利益,S005,確定,53175251,53743841
20240823,大広,デジタル統括,制作部,第二課,2024,202408,2Q,500002,媒体社リベート,S003,調整,178716592,130402783
20241105,大広,営業統括,第一営業部,第二課,2024,202411,3Q,400001,媒体手数料収入,S001,通常,444785135,427233056
20240621,読売広告社,メディア統括,経営企画部,推進課,2024,202406,1Q,200002,経費,S001,通常,313627145,497929844
20240712,大広,営業統括,第二営業部,第三課,2024,202407,2Q,300001,営業利益,S004,見込,82025010,60575616
20230918,博報堂DYメディアパートナーズ,メディア統括,デジタルマーケティング部,管理課,2023,202309,2Q,400002,制作収入,S001,通常,126039885,173337591
20231027,博報堂DYメディアパートナーズ,クリエイティブ統括,デジタルマーケティング部,管理課,2023,202310,3Q,200003,減価償却費,S005,確定,140923970,163035325
20240819,博報堂,営業統括,メディアプランニング部,第一課,2024,202408,2Q,200002,経費,S004,見込,310758746,458982805
20230601,博報堂DYメディアパートナーズ,デジタル統括,メディアプランニング部,運用課,2023,202306,1Q,500002,媒体社リベート,S005,確定,212958223,240501554
20240910,読売広告社,デジタル統括,デジタルマーケティング部,管理課,2024,202409,2Q,400003,コンサルティング収入,S002,特別,315081589,256815073
20240505,読売広告社,メディア統括,人事部,管理課,2024,202405,1Q,500002,媒体社リベート,S003,調整,446838069,337935134
20231105,読売広告社,営業統括,人事部,企画課,2023,202311,3Q,500001,広告主負担金,S003,調整,312434721,362112900
20250128,博報堂プロダクツ,クリエイティブ統括,制作部,運用課,2024,202501,4Q,100002,売上原価,S002,特別,441699899,362453654
20230914,読売広告社,営業統括,第一営業部,運用課,2023,202309,2Q,500001,広告主負担金,S003,調整,329874822,314753102
20230419,大広,管理統括,経営企画部,第三課,2023,202304,1Q,400001,媒体手数料収入,S003,調整,219177323,184740325
20240917,博報堂,メディア統括,クリエイティブ部,推進課,2024,202409,2Q,400001,媒体手数料収入,S005,確定,219288524,287281591
20250319,博報堂プロダクツ,デジタル統括,第二営業部,管理課,2024,202503,4Q,200001,人件費,S002,特別,127703851,127351049
20231106,博報堂,管理統括,メディアプランニング部,推進課,2023,202311,3Q,400001,媒体手数料収入,S002,特別,260212194,216463801
20230511,博報堂プロダクツ,管理統括,クリエイティブ部,開発課,2023,202305,1Q,500002,媒体社リベート,S002,特別,18701545,13769122
20230604,博報堂DYメディアパートナーズ,メディア統括,メディアプランニング部,第三課,2023,202306,1Q,200002,経費,S005,確定,65264903,76507047
20240324,博報堂,デジタル統括,第一営業部,企画課,2023,202403,4Q,300001,営業利益,S001,通常,489562789,433941322
20240405,博報堂DYメディアパートナーズ,クリエイティブ統括,メディアプランニング部,第一課,2024,202404,1Q,500002,媒体社リベート,S003,調整,149003319,191275478
20230416,博報堂プロダクツ,デジタル統括,人事部,第三課,2023,202304,1Q,300001,営業利益,S002,特別,191506112,208434335
20241011,読売広告社,営業統括,人事部,推進課,2024,202410,3Q,500002,媒体社リベート,S001,通常,444203104,384566896
20230602,博報堂DYメディアパートナーズ,クリエイティブ統括,総務部,推進課,2023,202306,1Q,400002,制作収入,S001,通常,288427307,415936268
20240213,博報堂DYメディアパートナーズ,デジタル統括,経営企画部,管理課,2023,202402,4Q,100001,売上高,S003,調整,27822169,23224633
20230702,大広,デジタル統括,財務経理部,推進課,2023,202307,2Q,400003,コンサルティング収入,S004,見込,52359486,60777750
20240901,大広,管理統括,経営企画部,推進課,2024,202409,2Q,200001,人件費,S005,確定,260207660,375947973
20230421,読売広告社,デジタル統括,第二営業部,第一課,2023,202304,1Q,500002,媒体社リベート,S002,特別,405823804,295191604
20240621,博報堂プロダクツ,デジタル統括,財務経理部,運用課,2024,202406,1Q,300002,経常利益,S005,確定,43836351,40845340
20240823,大広,メディア統括,クリエイティブ部,第二課,2024,202408,2Q,200003,減価償却費,S002,特別,258517599,235757433
20241123,読売広告社,管理統括,デジタルマーケティング部,第三課,2024,202411,3Q,300001,営業利益,S001,通常,74822354,55186940
20240724,読売広告社,営業統括,第一営業部,管理課,2024,202407,2Q,300001,営業利益,S001,通常,8803521,8208270
20230619,博報堂プロダクツ,メディア統括,デジタルマーケティング部,運用課,2023,202306,1Q,100003,売上総利益,S004,見込,387514852,347068951
20230712,博報堂,メディア統括,制作部,管理課,2023,202307,2Q,200002,経費,S003,調整,261980721,279381855
20241008,博報堂DYメディアパートナーズ,デジタル統括,メディアプランニング部,開発課,2024,202410,3Q,400001,媒体手数料収入,S005,確定,455472342,473414185
20240812,読売広告社,営業統括,総務部,運用課,2024,202408,2Q,400002,制作収入,S002,特別,31656508,45781701
20240315,博報堂プロダクツ,メディア統括,制作部,運用課,2023,202403,4Q,100002,売上原価,S003,調整,203723411,227256286
20241214,博報堂,管理統括,デジタルマーケティング部,開発課,2024,202412,3Q,300001,営業利益,S002,特別,414886017,450912729
20250218,博報堂DYメディアパートナーズ,メディア統括,メディアプランニング部,開発課,2024,202502,4Q,200002,経費,S001,通常,273128282,375363955
20250127,大広,メディア統括,デジタルマーケティング部,開発課,2024,202501,4Q,200001,人件費,S004,見込,120533560,157374415
20230419,読売広告社,クリエイティブ統括,経営企画部,推進課,2023,202304,1Q,500002,媒体社リベート,S005,確定,195364957,195753075
20240622,博報堂,メディア統括,第二営業部,第二課,2024,202406,1Q,100002,売上原価,S004,見込,14450781,14131083
20241003,大広,クリエイティブ統括,メディアプランニング部,管理課,2024,202410,3Q,300001,営業利益,S002,特別,112745810,134468867
20250204,博報堂DYメディアパートナーズ,管理統括,人事部,企画課,2024,202502,4Q,100002,売上原価,S004,見込,79308801,93387634
20240508,博報堂,デジタル統括,デジタルマーケティング部,開発課,2024,202405,1Q,200001,人件費,S003,調整,132035296,101883007
20240505,博報堂DYメディアパートナーズ,メディア統括,メディアプランニング部,推進課,2024,202405,1Q,200003,減価償却費,S002,特別,437244337,361288488
20240409,大広,メディア統括,制作部,開発課,2024,202404,1Q,100003,売上総利益,S005,確定,120857040,114432886
20231114,博報堂プロダクツ,クリエイティブ統括,総務部,第二課,2023,202311,3Q,200001,人件費,S004,見込,333969991,340612269
20250212,読売広告社,営業統括,デジタルマーケティング部,第一課,2024,202502,4Q,200002,経費,S005,確定,596290200,490808697
20240502,大広,営業統括,第一営業部,運用課,2024,202405,1Q,300002,経常利益,S004,見込,474080289,378207136
20240316,読売広告社,営業統括,経営企画部,企画課,2023,202403,4Q,400001,媒体手数料収入,S001,通常,68364148,96714128
20240505,博報堂,デジタル統括,人事部,開発課,2024,202405,1Q,200001,人件費,S005,確定,522536997,475878709
20230719,読売広告社,クリエイティブ統括,第一営業部,開発課,2023,202307,2Q,100002,売上原価,S001,通常,286515090,262505849
20240423,大広,管理統括,第一営業部,推進課,2024,202404,1Q,200003,減価償却費,S003,調整,499736434,439669361
20230515,博報堂,メディア統括,総務部,企画課,2023,202305,1Q,400001,媒体手数料収入,S003,調整,74068752,59813720
20240807,博報堂プロダクツ,メディア統括,財務経理部,第二課,2024,202408,2Q,200001,人件費,S001,通常,285260019,386740648
20240416,博報堂プロダクツ,営業統括,デジタルマーケティング部,推進課,2024,202404,1Q,100002,売上原価,S005,確定,161100082,143890800
20250121,博報堂DYメディアパートナーズ,デジタル統括,総務部,運用課,2024,202501,4Q,100003,売上総利益,S004,見込,440394667,391010386
20240407,博報堂プロダクツ,デジタル統括,人事部,開発課,2024,202404,1Q,200002,経費,S002,特別,558571854,423897325
20250315,博報堂,管理統括,クリエイティブ部,企画課,2024,202503,4Q,100003,売上総利益,S002,特別,185147728,141503466
20240612,読売広告社,クリエイティブ統括,総務部,企画課,2024,202406,1Q,200001,人件費,S003,調整,191305972,220259343
20240826,博報堂,営業統括,経営企画部,推進課,2024,202408,2Q,200001,人件費,S001,通常,244047061,210689603
20240611,博報堂プロダクツ,営業統括,メディアプランニング部,運用課,2024,202406,1Q,100003,売上総利益,S005,確定,106345536,175925006
20230804,博報堂DYメディアパートナーズ,デジタル統括,メディアプランニング部,開発課,2023,202308,2Q,300001,営業利益,S001,通常,589144333,438200576
20241010,大広,管理統括,第一営業部,管理課,2024,202410,3Q,500001,広告主負担金,S003,調整,415568169,319572218
20240124,大広,営業統括,第二営業部,推進課,2023,202401,4Q,200003,減価償却費,S004,見込,39100377,47439265
20230824,博報堂DYメディアパートナーズ,管理統括,第二営業部,第二課,2023,202308,2Q,100003,売上総利益,S003,調整,43460691,37395455
20240309,博報堂DYメディアパートナーズ,クリエイティブ統括,人事部,第三課,2023,202403,4Q,200001,人件費,S003,調整,187748497,223899198
20230926,読売広告社,クリエイティブ統括,第一営業部,企画課,2023,202309,2Q,100001,売上高,S004,見込,337938212,449396417
20250207,博報堂,メディア統括,人事部,推進課,2024,202502,4Q,400001,媒体手数料収入,S002,特別,433359288,459394953
20230607,博報堂,メディア統括,総務部,企画課,2023,202306,1Q,300001,営業利益,S002,特別,405537999,308451407
20231110,博報堂,デジタル統括,第一営業部,第二課,2023,202311,3Q,100001,売上高,S001,通常,265907056,312378205
20230721,博報堂,メディア統括,人事部,管理課,2023,202307,2Q,400003,コンサルティング収入,S004,見込,363180057,460961380
20241215,博報堂,営業統括,人事部,管理課,2024,202412,3Q,400003,コンサルティング収入,S001,通常,486079561,472350383
20231011,博報堂DYメディアパートナーズ,クリエイティブ統括,メディアプランニング部,推進課,2023,202310,3Q,400002,制作収入,S004,見込,259381032,360292391
20230522,博報堂プロダクツ,クリエイティブ統括,クリエイティブ部,推進課,2023,202305,1Q,500001,広告主負担金,S003,調整,126612129,174154736
20250121,読売広告社,デジタル統括,制作部,開発課,2024,202501,4Q,100002,売上原価,S003,調整,193559658,210638668
20240822,読売広告社,デジタル統括,第一営業部,推進課,2024,202408,2Q,200002,経費,S001,通常,255510791,257069636
20241028,博報堂DYメディアパートナーズ,営業統括,経営企画部,運用課,2024,202410,3Q,400001,媒体手数料収入,S004,見込,223352526,252584589
20240223,博報堂,メディア統括,人事部,開発課,2023,202402,4Q,100003,売上総利益,S003,調整,405860546,371512208
20241117,読売広告社,クリエイティブ統括,クリエイティブ部,第三課,2024,202411,3Q,100003,売上総利益,S002,特別,466201205,390133486
20231106,読売広告社,クリエイティブ統括,第二営業部,管理課,2023,202311,3Q,400001,媒体手数料収入,S003,調整,162329826,270116397
20240917,読売広告社,管理統括,第二営業部,推進課,2024,202409,2Q,100002,売上原価,S003,調整,464977802,378205314
20230714,博報堂DYメディアパートナーズ,営業統括,第二営業部,第二課,2023,202307,2Q,200002,経費,S002,特別,208523395,223246573
20230703,博報堂プロダクツ,管理統括,第二営業部,運用課,2023,202307,2Q,100001,売上高,S003,調整,48139706,39069702
20240523,博報堂プロダクツ,営業統括,第二営業部,第一課,2024,202405,1Q,500001,広告主負担金,S005,確定,429824541,428483973
20240718,読売広告社,デジタル統括,第二営業部,推進課,2024,202407,2Q,300001,営業利益,S001,通常,369228567,285789884
20240923,読売広告社,クリエイティブ統括,制作部,開発課,2024,202409,2Q,500002,媒体社リベート,S003,調整,90344504,99653445
20230910,博報堂,デジタル統括,人事部,運用課,2023,202309,2Q,200001,人件費,S005,確定,320855950,463049647
20231201,大広,メディア統括,メディアプランニング部,運用課,2023,202312,3Q,400003,コンサルティング収入,S004,見込,296554570,443872266
20240919,博報堂DYメディアパートナーズ,メディア統括,メディアプランニング部,管理課,2024,202409,2Q,400001,媒体手数料収入,S003,調整,130773044,166828560
20250305,大広,クリエイティブ統括,デジタルマーケティング部,第二課,2024,202503,4Q,100003,売上総利益,S001,通常,169951619,191313706
20240902,博報堂,メディア統括,第二営業部,推進課,2024,202409,2Q,100003,売上総利益,S001,通常,13487634,20945726
20240306,博報堂DYメディアパートナーズ,メディア統括,第二営業部,第一課,2023,202403,4Q,300002,経常利益,S003,調整,301415908,483228222
20241227,博報堂プロダクツ,デジタル統括,メディアプランニング部,企画課,2024,202412,3Q,500001,広告主負担金,S002,特別,288011026,379786303
20230511,読売広告社,メディア統括,第一営業部,企画課,2023,202305,1Q,200003,減価償却費,S005,確定,282176705,288658315
20240814,博報堂プロダクツ,クリエイティブ統括,第一営業部,第二課,2024,202408,2Q,500001,広告主負担金,S001,通常,88667773,82334931
20231121,博報堂DYメディアパートナーズ,営業統括,財務経理部,企画課,2023,202311,3Q,100003,売上総利益,S001,通常,114902833,91358928
20231211,博報堂プロダクツ,デジタル統括,クリエイティブ部,第二課,2023,202312,3Q,400002,制作収入,S004,見込,25758974,19440580
20250317,博報堂,メディア統括,メディアプランニング部,運用課,2024,202503,4Q,100003,売上総利益,S004,見込,10642930,12714921
20240518,大広,デジタル統括,第一営業部,第一課,2024,202405,1Q,200003,減価償却費,S004,見込,323711283,474369101
20241025,博報堂プロダクツ,クリエイティブ統括,第二営業部,推進課,2024,202410,3Q,400002,制作収入,S002,特別,112337606,148758522
20230814,博報堂,メディア統括,クリエイティブ部,管理課,2023,202308,2Q,100002,売上原価,S001,通常,83723722,71970942
20230809,博報堂プロダクツ,デジタル統括,人事部,管理課,2023,202308,2Q,500001,広告主負担金,S002,特別,461921509,444237294
20230820,博報堂プロダクツ,営業統括,人事部,運用課,2023,202308,2Q,400003,コンサルティング収入,S005,確定,114790347,129348083
20230905,博報堂プロダクツ,メディア統括,第一営業部,第一課,2023,202309,2Q,200001,人件費,S001,通常,177823833,129964880
20240825,読売広告社,デジタル統括,人事部,管理課,2024,202408,2Q,100001,売上高,S005,確定,100638744,121613940
20240221,読売広告社,メディア統括,メディアプランニング部,第一課,2023,202402,4Q,100001,売上高,S005,確定,285286992,259641241
20250228,博報堂,デジタル統括,クリエイティブ部,開発課,2024,202502,4Q,300002,経常利益,S004,見込,160893259,139012533
20240621,大広,営業統括,人事部,運用課,2024,202406,1Q,500001,広告主負担金,S003,調整,79248032,82111984
20230517,博報堂,クリエイティブ統括,人事部,企画課,2023,202305,1Q,200003,減価償却費,S002,特別,217574289,159973661
20240625,博報堂DYメディアパートナーズ,営業統括,第一営業部,開発課,2024,202406,1Q,100002,売上原価,S005,確定,204852383,156808602
20240223,読売広告社,クリエイティブ統括,総務部,第一課,2023,202402,4Q,200003,減価償却費,S005,確定,355436349,478087344
20240120,大広,メディア統括,制作部,第一課,2023,202401,4Q,200003,減価償却費,S004,見込,34138304,27337813
20230919,博報堂DYメディアパートナーズ,クリエイティブ統括,人事部,推進課,2023,202309,2Q,100003,売上総利益,S001,通常,91801007,68387212
20240108,大広,クリエイティブ統括,人事部,第三課,2023,202401,4Q,100002,売上原価,S002,特別,43903885,51787350
20230402,博報堂プロダクツ,クリエイティブ統括,クリエイティブ部,第一課,2023,202304,1Q,100003,売上総利益,S005,確定,39873277,57437151
20241106,読売広告社,デジタル統括,メディアプランニング部,第三課,2024,202411,3Q,300002,経常利益,S001,通常,176965915,261379039
20250114,博報堂プロダクツ,管理統括,総務部,第二課,2024,202501,4Q,200001,人件費,S001,通常,263998382,344511163
20231212,読売広告社,クリエイティブ統括,デジタルマーケティング部,推進課,2023,202312,3Q,200003,減価償却費,S003,調整,108856786,137788553
20230911,大広,クリエイティブ統括,総務部,企画課,2023,202309,2Q,100003,売上総利益,S002,特別,173697116,127480315
20241206,読売広告社,管理統括,人事部,第三課,2024,202412,3Q,200001,人件費,S001,通常,155821468,222334213
20231227,博報堂プロダクツ,管理統括,第二営業部,運用課,2023,202312,3Q,500002,媒体社リベート,S003,調整,355262093,317346337
20241201,博報堂DYメディアパートナーズ,メディア統括,第二営業部,第三課,2024,202412,3Q,400002,制作収入,S003,調整,167671099,235354576
20230814,博報堂,デジタル統括,第二営業部,開発課,2023,202308,2Q,100001,売上高,S003,調整,312438061,279058759
20240108,博報堂,管理統括,制作部,第三課,2023,202401,4Q,300002,経常利益,S002,特別,390773867,423584729
20240814,大広,メディア統括,総務部,管理課,2024,202408,2Q,100002,売上原価,S005,確定,10464828,8582523
20230618,博報堂,営業統括,第二営業部,運用課,2023,202306,1Q,300002,経常利益,S003,調整,274374227,383833435
20240301,読売広告社,メディア統括,デジタルマーケティング部,第三課,2023,202403,4Q,200001,人件費,S004,見込,353425238,339305292
20250305,博報堂プロダクツ,メディア統括,財務経理部,推進課,2024,202503,4Q,100001,売上高,S002,特別,27186391,20349188
20230913,博報堂DYメディアパートナーズ,デジタル統括,制作部,第一課,2023,202309,2Q,400001,媒体手数料収入,S004,見込,503254036,413183008
20241205,博報堂プロダクツ,営業統括,経営企画部,第三課,2024,202412,3Q,400003,コンサルティング収入,S001,通常,490663924,454689140
20240510,博報堂プロダクツ,管理統括,経営企画部,運用課,2024,202405,1Q,100002,売上原価,S002,特別,244635389,311216758
20240509,大広,デジタル統括,デジタルマーケティング部,企画課,2024,202405,1Q,400001,媒体手数料収入,S001,通常,69059410,79694285
20250119,博報堂プロダクツ,デジタル統括,デジタルマーケティング部,開発課,2024,202501,4Q,200002,経費,S003,調整,143613176,149619700
20231011,大広,デジタル統括,第二営業部,第三課,2023,202310,3Q,100001,売上高,S002,特別,267579817,205644560
20230406,読売広告社,メディア統括,財務経理部,管理課,2023,202304,1Q,300002,経常利益,S003,調整,143104654,140461311
20241225,博報堂プロダクツ,クリエイティブ統括,第一営業部,企画課,2024,202412,3Q,300002,経常利益,S005,確定,62498354,60810243
20231022,読売広告社,メディア統括,第二営業部,第三課,2023,202310,3Q,400003,コンサルティング収入,S001,通常,179668604,139056564
20231105,読売広告社,クリエイティブ統括,クリエイティブ部,企画課,2023,202311,3Q,100003,売上総利益,S001,通常,94842609,92986062
20240618,大広,管理統括,制作部,第三課,2024,202406,1Q,200002,経費,S002,特別,181862930,207045437
20241107,博報堂DYメディアパートナーズ,デジタル統括,制作部,第一課,2024,202411,3Q,300001,営業利益,S002,特別,60491297,81527059
20240310,博報堂,営業統括,制作部,企画課,2023,202403,4Q,200002,経費,S001,通常,372654019,406286350
20240602,読売広告社,メディア統括,人事部,管理課,2024,202406,1Q,300002,経常利益,S004,見込,8723477,12974535
20240528,読売広告社,クリエイティブ統括,制作部,推進課,2024,202405,1Q,400003,コンサルティング収入,S001,通常,267427125,235709692
20230817,博報堂プロダクツ,営業統括,第一営業部,第二課,2023,202308,2Q,200001,人件費,S001,通常,92623806,107081929
20240621,大広,メディア統括,メディアプランニング部,企画課,2024,202406,1Q,400003,コンサルティング収入,S002,特別,465725521,428177001
20240518,博報堂プロダクツ,営業統括,制作部,第三課,2024,202405,1Q,100001,売上高,S003,調整,153174108,152982441
20240709,博報堂,クリエイティブ統括,総務部,企画課,2024,202407,2Q,100003,売上総利益,S004,見込,319728469,244998332
20250327,博報堂プロダクツ,営業統括,人事部,運用課,2024,202503,4Q,100002,売上原価,S003,調整,174337590,201128085
20241228,博報堂プロダクツ,管理統括,第一営業部,運用課,2024,202412,3Q,100002,売上原価,S001,通常,103863405,103362855
20231102,大広,管理統括,第一営業部,開発課,2023,202311,3Q,300002,経常利益,S004,見込,236298901,189371359
20240302,博報堂DYメディアパートナーズ,クリエイティブ統括,デジタルマーケティング部,第三課,2023,202403,4Q,400002,制作収入,S001,通常,576796926,459174289
20231127,博報堂,メディア統括,財務経理部,運用課,2023,202311,3Q,400001,媒体手数料収入,S004,見込,106575197,103708227
20230727,大広,クリエイティブ統括,財務経理部,第一課,2023,202307,2Q,400003,コンサルティング収入,S001,通常,298642987,246851000
20250324,博報堂DYメディアパートナーズ,営業統括,デジタルマーケティング部,運用課,2024,202503,4Q,500001,広告主負担金,S002,特別,445300738,409450990
20241022,博報堂プロダクツ,デジタル統括,第一営業部,管理課,2024,202410,3Q,500002,媒体社リベート,S003,調整,78998727,128972932
20230727,読売広告社,デジタル統括,第一営業部,第一課,2023,202307,2Q,100002,売上原価,S003,調整,28834344,44955591
20240721,大広,クリエイティブ統括,総務部,推進課,2024,202407,2Q,400002,制作収入,S005,確定,525077510,404502846
20230611,博報堂プロダクツ,管理統括,総務部,第二課,2023,202306,1Q,200001,人件費,S001,通常,323208568,251174295
20250316,博報堂プロダクツ,メディア統括,制作部,第三課,2024,202503,4Q,400001,媒体手数料収入,S002,特別,173801937,289061204
20231222,博報堂,管理統括,メディアプランニング部,推進課,2023,202312,3Q,100002,売上原価,S004,見込,234523352,385856002
20240517,読売広告社,メディア統括,クリエイティブ部,管理課,2024,202405,1Q,100002,売上原価,S005,確定,368326253,498525989
20230628,博報堂,メディア統括,人事部,開発課,2023,202306,1Q,100001,売上高,S005,確定,197696896,142798600
20231103,博報堂DYメディアパートナーズ,クリエイティブ統括,第一営業部,企画課,2023,202311,3Q,300001,営業利益,S003,調整,140375487,221824609
20230623,博報堂プロダクツ,管理統括,経営企画部,企画課,2023,202306,1Q,200001,人件費,S002,特別,280875396,380805270
20240820,博報堂,メディア統括,第一営業部,開発課,2024,202408,2Q,400003,コンサルティング収入,S004,見込,437067074,381789489
20250201,博報堂,メディア統括,人事部,推進課,2024,202502,4Q,100002,売上原価,S004,見込,410961855,408805002
20231004,読売広告社,デジタル統括,制作部,第三課,2023,202310,3Q,500002,媒体社リベート,S001,通常,600831760,499085250
20240605,博報堂,メディア統括,財務経理部,管理課,2024,202406,1Q,200003,減価償却費,S005,確定,342826609,436419307
20240821,博報堂プロダクツ,デジタル統括,財務経理部,第二課,2024,202408,2Q,200002,経費,S004,見込,40105478,41257651
20240916,博報堂プロダクツ,管理統括,財務経理部,管理課,2024,202409,2Q,300001,営業利益,S001,通常,276139720,204397159
20241215,博報堂プロダクツ,管理統括,人事部,企画課,2024,202412,3Q,400001,媒体手数料収入,S002,特別,385753047,423647093
20240503,大広,デジタル統括,財務経理部,管理課,2024,202405,1Q,500002,媒体社リベート,S005,確定,147924937,122725121
20230525,博報堂,メディア統括,クリエイティブ部,開発課,2023,202305,1Q,100002,売上原価,S001,通常,188109251,287432047
20230620,博報堂プロダクツ,デジタル統括,経営企画部,管理課,2023,202306,1Q,400002,制作収入,S001,通常,39529002,31177217
20231220,博報堂,管理統括,総務部,第三課,2023,202312,3Q,400001,媒体手数料収入,S004,見込,607094355,472924236
20240110,大広,デジタル統括,第一営業部,第一課,2023,202401,4Q,200002,経費,S004,見込,399193162,320849621
20250321,読売広告社,営業統括,総務部,推進課,2024,202503,4Q,400002,制作収入,S001,通常,421209031,315084843
20250319,大広,デジタル統括,財務経理部,開発課,2024,202503,4Q,200001,人件費,S001,通常,53754461,49810273
20240723,博報堂プロダクツ,デジタル統括,人事部,運用課,2024,202407,2Q,100001,売上高,S004,見込,206426650,330265033
20240220,大広,メディア統括,制作部,第一課,2023,202402,4Q,100001,売上高,S004,見込,323266750,285603217
20230603,大広,デジタル統括,メディアプランニング部,第三課,2023,202306,1Q,200001,人件費,S004,見込,149956645,122153191
20240727,博報堂プロダクツ,デジタル統括,第一営業部,企画課,2024,202407,2Q,200002,経費,S003,調整,232619163,183638832
20240627,読売広告社,メディア統括,第二営業部,第三課,2024,202406,1Q,400002,制作収入,S002,特別,43386371,42126174
20231118,博報堂,管理統括,財務経理部,企画課,2023,202311,3Q,100002,売上原価,S001,通常,53184301,40539396
20241120,博報堂,メディア統括,デジタルマーケティング部,運用課,2024,202411,3Q,200003,減価償却費,S001,通常,581817551,454024303
20240612,読売広告社,メディア統括,制作部,運用課,2024,202406,1Q,200001,人件費,S004,見込,468090994,441508684
20231211,読売広告社,クリエイティブ統括,財務経理部,企画課,2023,202312,3Q,100001,売上高,S003,調整,368036866,498962442
20241101,読売広告社,営業統括,人事部,管理課,2024,202411,3Q,200001,人件費,S001,通常,189763630,147419193
20241026,大広,メディア統括,財務経理部,推進課,2024,202410,3Q,200001,人件費,S001,通常,413922080,315542605
20230714,大広,クリエイティブ統括,クリエイティブ部,運用課,2023,202307,2Q,200002,経費,S001,通常,235655468,323226439
20230825,大広,メディア統括,第一営業部,推進課,2023,202308,2Q,400002,制作収入,S002,特別,276238038,253211165
20230404,博報堂プロダクツ,管理統括,総務部,第二課,2023,202304,1Q,300002,経常利益,S004,見込,378754569,361753978
20240506,読売広告社,デジタル統括,クリエイティブ部,第二課,2024,202405,1Q,300002,経常利益,S001,通常,336844195,443990111
20230828,博報堂DYメディアパートナーズ,営業統括,制作部,推進課,2023,202308,2Q,400003,コンサルティング収入,S002,特別,563460527,415214444
20230908,博報堂プロダクツ,営業統括,財務経理部,企画課,2023,202309,2Q,100001,売上高,S002,特別,99900285,141649316
20240305,読売広告社,デジタル統括,第二営業部,運用課,2023,202403,4Q,200003,減価償却費,S001,通常,6604100,7196646
20250108,大広,クリエイティブ統括,経営企画部,開発課,2024,202501,4Q,400001,媒体手数料収入,S004,見込,83940046,95348783
20240528,博報堂プロダクツ,営業統括,総務部,開発課,2024,202405,1Q,200001,人件費,S002,特別,458587942,374838000
20241004,博報堂プロダクツ,デジタル統括,デジタルマーケティング部,企画課,2024,202410,3Q,200001,人件費,S003,調整,38649978,31547953
20230516,大広,営業統括,メディアプランニング部,運用課,2023,202305,1Q,100002,売上原価,S002,特別,345224954,467931502
20241201,読売広告社,デジタル統括,制作部,推進課,2024,202412,3Q,300001,営業利益,S004,見込,173903896,130840080
20230527,大広,クリエイティブ統括,第一営業部,運用課,2023,202305,1Q,500002,媒体社リベート,S005,確定,354904139,326102609
20231019,博報堂プロダクツ,メディア統括,人事部,第二課,2023,202310,3Q,100002,売上原価,S004,見込,479909864,376939559
20231112,読売広告社,メディア統括,メディアプランニング部,運用課,2023,202311,3Q,300002,経常利益,S005,確定,508166987,368116469
20240302,読売広告社,メディア統括,メディアプランニング部,企画課,2023,202403,4Q,200002,経費,S001,通常,241823883,351904422
20240812,博報堂DYメディアパートナーズ,メディア統括,財務経理部,第二課,2024,202408,2Q,400003,コンサルティング収入,S003,調整,300862790,261713409
20240926,大広,クリエイティブ統括,メディアプランニング部,第二課,2024,202409,2Q,100003,売上総利益,S003,調整,353624217,287104910
20241206,博報堂プロダクツ,管理統括,制作部,運用課,2024,202412,3Q,300002,経常利益,S003,調整,250708234,252987380
20250327,大広,メディア統括,デジタルマーケティング部,第二課,2024,202503,4Q,100002,売上原価,S003,調整,330624772,461692119
20231122,博報堂,デジタル統括,人事部,管理課,2023,202311,3Q,400001,媒体手数料収入,S003,調整,114227736,99509197
20250219,博報堂DYメディアパートナーズ,デジタル統括,人事部,開発課,2024,202502,4Q,400003,コンサルティング収入,S004,見込,311450874,326671691
20240105,博報堂,管理統括,クリエイティブ部,企画課,2023,202401,4Q,400001,媒体手数料収入,S002,特別,431281988,403163133
20240413,大広,管理統括,財務経理部,第二課,2024,202404,1Q,300001,営業利益,S005,確定,314223776,485918998
20250323,大広,メディア統括,メディアプランニング部,第一課,2024,202503,4Q,200002,経費,S001,通常,59913993,94692764
20231126,大広,営業統括,制作部,運用課,2023,202311,3Q,100001,売上高,S001,通常,61150182,53301582
20230606,大広,管理統括,第二営業部,開発課,2023,202306,1Q,100003,売上総利益,S001,通常,170811928,131579487
20240214,読売広告社,営業統括,総務部,第三課,2023,202402,4Q,500002,媒体社リベート,S002,特別,561023237,479427033
20241216,博報堂プロダクツ,営業統括,クリエイティブ部,管理課,2024,202412,3Q,500001,広告主負担金,S001,通常,111358472,103053112
20240109,博報堂,クリエイティブ統括,経営企画部,企画課,2023,202401,4Q,100003,売上総利益,S005,確定,502184427,491143508
20240506,博報堂DYメディアパートナーズ,営業統括,財務経理部,推進課,2024,202405,1Q,100002,売上原価,S002,特別,239778738,332586316
20241122,博報堂DYメディアパートナーズ,デジタル統括,経営企画部,管理課,2024,202411,3Q,200002,経費,S004,見込,552855464,413724115
20250226,読売広告社,メディア統括,人事部,開発課,2024,202502,4Q,200001,人件費,S005,確定,116877371,128161028
20240207,博報堂DYメディアパートナーズ,クリエイティブ統括,財務経理部,運用課,2023,202402,4Q,300001,営業利益,S002,特別,359949157,349609965
20240315,博報堂,クリエイティブ統括,経営企画部,第二課,2023,202403,4Q,400003,コンサルティング収入,S001,通常,7900735,8018685
20241127,博報堂DYメディアパートナーズ,クリエイティブ統括,第二営業部,第一課,2024,202411,3Q,300002,経常利益,S002,特別,89661539,106541328
20230521,博報堂プロダクツ,デジタル統括,総務部,運用課,2023,202305,1Q,500002,媒体社リベート,S001,通常,134253621,192180244
20250119,博報堂DYメディアパートナーズ,クリエイティブ統括,第一営業部,企画課,2024,202501,4Q,400003,コンサルティング収入,S002,特別,401337465,380359545
20230402,博報堂DYメディアパートナーズ,営業統括,メディアプランニング部,運用課,2023,202304,1Q,400001,媒体手数料収入,S001,通常,230585425,307708729
20231219,博報堂,クリエイティブ統括,クリエイティブ部,第三課,2023,202312,3Q,400001,媒体手数料収入,S004,見込,445045673,435260724
20230427,大広,クリエイティブ統括,第一営業部,運用課,2023,202304,1Q,300002,経常利益,S003,調整,280050526,351842976
20250305,博報堂プロダクツ,メディア統括,クリエイティブ部,企画課,2024,202503,4Q,300001,営業利益,S005,確定,257418568,359170724
20241212,博報堂プロダクツ,営業統括,経営企画部,管理課,2024,202412,3Q,400001,媒体手数料収入,S005,確定,266768761,389165728
20230909,読売広告社,営業統括,第二営業部,企画課,2023,202309,2Q,300002,経常利益,S002,特別,368959747,326331886
20240626,大広,デジタル統括,第一営業部,第一課,2024,202406,1Q,300002,経常利益,S005,確定,367481836,265437753
20241201,大広,営業統括,第二営業部,第二課,2024,202412,3Q,100002,売上原価,S003,調整,203128749,183639687
20231123,大広,デジタル統括,第一営業部,運用課,2023,202311,3Q,300002,経常利益,S005,確定,274317423,417285503
20240316,読売広告社,営業統括,財務経理部,第二課,2023,202403,4Q,200002,経費,S005,確定,112393480,140677368
20230908,博報堂DYメディアパートナーズ,メディア統括,財務経理部,運用課,2023,202309,2Q,200002,経費,S005,確定,219784711,177066934
20241128,博報堂,メディア統括,第一営業部,推進課,2024,202411,3Q,500002,媒体社リベート,S004,見込,288503992,351564441
20240220,読売広告社,クリエイティブ統括,人事部,第一課,2023,202402,4Q,200003,減価償却費,S003,調整,283082464,327952914
20230814,読売広告社,管理統括,財務経理部,第一課,2023,202308,2Q,400003,コンサルティング収入,S005,確定,263005032,400521289
20240817,読売広告社,デジタル統括,経営企画部,推進課,2024,202408,2Q,200002,経費,S005,確定,284453930,349014539
20240220,博報堂プロダクツ,営業統括,制作部,第一課,2023,202402,4Q,300002,経常利益,S001,通常,308985179,285867817
20250119,大広,管理統括,クリエイティブ部,企画課,2024,202501,4Q,100002,売上原価,S005,確定,53307681,55624585
20241202,博報堂DYメディアパートナーズ,クリエイティブ統括,デジタルマーケティング部,運用課,2024,202412,3Q,200003,減価償却費,S004,見込,36075412,46116300
20230413,博報堂,クリエイティブ統括,総務部,運用課,2023,202304,1Q,500002,媒体社リベート,S003,調整,285374667,220621219
20250312,博報堂,営業統括,財務経理部,第二課,2024,202503,4Q,300001,営業利益,S004,見込,386817869,419893714
20240327,大広,クリエイティブ統括,総務部,第二課,2023,202403,4Q,200003,減価償却費,S005,確定,114000495,127248731
20240113,博報堂プロダクツ,デジタル統括,第一営業部,開発課,2023,202401,4Q,500002,媒体社リベート,S003,調整,103479922,74423880
20240317,博報堂DYメディアパートナーズ,メディア統括,人事部,推進課,2023,202403,4Q,300001,営業利益,S003,調整,202325703,169885683
20230823,読売広告社,管理統括,第二営業部,運用課,2023,202308,2Q,300001,営業利益,S002,特別,344733543,287322854
20231121,読売広告社,メディア統括,人事部,企画課,2023,202311,3Q,100003,売上総利益,S004,見込,46660230,50135529
20230803,博報堂DYメディアパートナーズ,デジタル統括,第一営業部,第一課,2023,202308,2Q,100003,売上総利益,S002,特別,353072193,347888403
20231005,博報堂プロダクツ,デジタル統括,総務部,第二課,2023,202310,3Q,400002,制作収入,S005,確定,137118197,139280346
20240412,博報堂プロダクツ,デジタル統括,第一営業部,運用課,2024,202404,1Q,100002,売上原価,S001,通常,177655740,295360186
20231024,博報堂プロダクツ,クリエイティブ統括,経営企画部,開発課,2023,202310,3Q,300002,経常利益,S003,調整,401587388,487844902
20250310,博報堂DYメディアパートナーズ,管理統括,第二営業部,企画課,2024,202503,4Q,400001,媒体手数料収入,S001,通常,490245969,435271653
20230414,博報堂,管理統括,人事部,管理課,2023,202304,1Q,500001,広告主負担金,S001,通常,185965156,273345022
20241022,博報堂プロダクツ,営業統括,人事部,企画課,2024,202410,3Q,300002,経常利益,S003,調整,349507768,296919898
20231216,読売広告社,営業統括,第二営業部,開発課,2023,202312,3Q,200002,経費,S003,調整,275678724,246884972
20250318,大広,メディア統括,経営企画部,第二課,2024,202503,4Q,500001,広告主負担金,S003,調整,203004084,250479596
20241220,博報堂プロダクツ,管理統括,第一営業部,運用課,2024,202412,3Q,400002,制作収入,S003,調整,356436409,262016345
20230812,博報堂,デジタル統括,人事部,開発課,2023,202308,2Q,400001,媒体手数料収入,S002,特別,595112496,431046282
20231001,読売広告社,管理統括,人事部,開発課,2023,202310,3Q,200002,経費,S005,確定,213002126,199358761
20240522,大広,管理統括,デジタルマーケティング部,運用課,2024,202405,1Q,500001,広告主負担金,S005,確定,229949217,187773964
20240722,博報堂,管理統括,経営企画部,推進課,2024,202407,2Q,500002,媒体社リベート,S001,通常,27531543,19795169
20240103,読売広告社,管理統括,総務部,運用課,2023,202401,4Q,100002,売上原価,S005,確定,315353595,357222362
20240628,大広,メディア統括,人事部,第三課,2024,202406,1Q,400003,コンサルティング収入,S004,見込,205138521,154025725
20230828,大広,営業統括,第一営業部,企画課,2023,202308,2Q,200001,人件費,S002,特別,89244071,70689375
20231009,博報堂,デジタル統括,第二営業部,第三課,2023,202310,3Q,200002,経費,S002,特別,30030979,33216851
20250111,読売広告社,管理統括,メディアプランニング部,推進課,2024,202501,4Q,200003,減価償却費,S003,調整,466311654,492676130
20231025,博報堂DYメディアパートナーズ,メディア統括,制作部,第一課,2023,202310,3Q,200001,人件費,S005,確定,104657207,110329928
20231117,博報堂DYメディアパートナーズ,クリエイティブ統括,財務経理部,第二課,2023,202311,3Q,200003,減価償却費,S003,調整,613571466,481762433
20230426,博報堂プロダクツ,管理統括,第二営業部,推進課,2023,202304,1Q,200001,人件費,S004,見込,173706106,240161098
20230404,博報堂DYメディアパートナーズ,管理統括,クリエイティブ部,第二課,2023,202304,1Q,300001,営業利益,S003,調整,647063747,462346475
20241108,読売広告社,デジタル統括,財務経理部,開発課,2024,202411,3Q,400002,制作収入,S004,見込,201525176,245502170
20230510,博報堂プロダクツ,営業統括,総務部,第三課,2023,202305,1Q,200002,経費,S005,確定,318704368,492219642
20250220,大広,クリエイティブ統括,デジタルマーケティング部,推進課,2024,202502,4Q,500001,広告主負担金,S004,見込,10456584,16169973
20230514,大広,クリエイティブ統括,デジタルマーケティング部,企画課,2023,202305,1Q,200001,人件費,S001,通常,294160492,227739241
20230526,博報堂プロダクツ,管理統括,第一営業部,運用課,2023,202305,1Q,400003,コンサルティング収入,S003,調整,281074359,427681749
20230416,博報堂,デジタル統括,経営企画部,開発課,2023,202304,1Q,300002,経常利益,S002,特別,204994118,152458300
20240615,読売広告社,クリエイティブ統括,デジタルマーケティング部,第三課,2024,202406,1Q,400003,コンサルティング収入,S005,確定,117517450,92026768
20241016,博報堂,メディア統括,財務経理部,第三課,2024,202410,3Q,300002,経常利益,S002,特別,470303270,427588766
20240618,博報堂DYメディアパートナーズ,管理統括,総務部,運用課,2024,202406,1Q,500001,広告主負担金,S003,調整,374316357,413387207
20250227,大広,営業統括,第一営業部,管理課,2024,202502,4Q,200002,経費,S003,調整,386904482,404220528
20240714,博報堂DYメディアパートナーズ,メディア統括,総務部,企画課,2024,202407,2Q,300002,経常利益,S002,特別,229183167,368679747
20240222,博報堂DYメディアパートナーズ,デジタル統括,財務経理部,第一課,2023,202402,4Q,100001,売上高,S002,特別,455234113,375753905
20240402,大広,メディア統括,デジタルマーケティング部,運用課,2024,202404,1Q,500001,広告主負担金,S002,特別,521067895,471770327
20240217,博報堂DYメディアパートナーズ,管理統括,経営企画部,管理課,2023,202402,4Q,100002,売上原価,S004,見込,236568754,376495959
20231214,博報堂DYメディアパートナーズ,メディア統括,人事部,開発課,2023,202312,3Q,400002,制作収入,S001,通常,53965987,79009346
20231214,博報堂プロダクツ,管理統括,メディアプランニング部,第一課,2023,202312,3Q,100001,売上高,S001,通常,209728157,269786650
20240527,大広,クリエイティブ統括,第一営業部,第三課,2024,202405,1Q,200001,人件費,S002,特別,83868599,125834560
20230404,博報堂プロダクツ,デジタル統括,メディアプランニング部,運用課,2023,202304,1Q,100002,売上原価,S005,確定,50185500,50242195
20240608,博報堂プロダクツ,営業統括,第一営業部,運用課,2024,202406,1Q,200002,経費,S004,見込,164700816,182873470
20250312,大広,営業統括,デジタルマーケティング部,管理課,2024,202503,4Q,200003,減価償却費,S004,見込,298743145,316615572
20230802,博報堂プロダクツ,メディア統括,クリエイティブ部,第三課,2023,202308,2Q,400002,制作収入,S001,通常,147902239,135623261
20250118,読売広告社,管理統括,人事部,運用課,2024,202501,4Q,200003,減価償却費,S003,調整,128641957,181325919
20230718,博報堂,デジタル統括,メディアプランニング部,第一課,2023,202307,2Q,300001,営業利益,S003,調整,254887969,335880110
20250217,読売広告社,管理統括,財務経理部,第一課,2024,202502,4Q,200003,減価償却費,S002,特別,131553687,126410387
20240516,博報堂DYメディアパートナーズ,管理統括,経営企画部,運用課,2024,202405,1Q,400003,コンサルティング収入,S002,特別,371706839,446798347
20240304,大広,営業統括,制作部,第三課,2023,202403,4Q,400001,媒体手数料収入,S003,調整,215654520,200713296
20240120,読売広告社,デジタル統括,経営企画部,第一課,2023,202401,4Q,400001,媒体手数料収入,S005,確定,98046110,82940689
20230713,博報堂DYメディアパートナーズ,管理統括,制作部,開発課,2023,202307,2Q,300002,経常利益,S004,見込,238873196,359835350
20250125,博報堂,管理統括,第二営業部,推進課,2024,202501,4Q,400003,コンサルティング収入,S002,特別,267213955,375194842
20231002,博報堂,メディア統括,経営企画部,第二課,2023,202310,3Q,100002,売上原価,S003,調整,151961181,183881539
20241008,読売広告社,メディア統括,人事部,推進課,2024,202410,3Q,400002,制作収入,S005,確定,243793275,289097176
20240713,博報堂DYメディアパートナーズ,管理統括,人事部,第三課,2024,202407,2Q,100003,売上総利益,S004,見込,173489547,151910293
20231016,大広,メディア統括,デジタルマーケティング部,管理課,2023,202310,3Q,100001,売上高,S005,確定,59370750,49233672
20240511,大広,デジタル統括,総務部,開発課,2024,202405,1Q,400001,媒体手数料収入,S003,調整,134640244,193979602
20231021,大広,管理統括,デジタルマーケティング部,運用課,2023,202310,3Q,500002,媒体社リベート,S003,調整,453634130,346336610
20250123,博報堂プロダクツ,管理統括,第一営業部,第三課,2024,202501,4Q,200002,経費,S005,確定,33941100,45927918
20241110,博報堂プロダクツ,管理統括,メディアプランニング部,推進課,2024,202411,3Q,400002,制作収入,S002,特別,431566207,345945625
20230705,読売広告社,管理統括,総務部,管理課,2023,202307,2Q,300002,経常利益,S003,調整,380321825,444608703
20240508,大広,メディア統括,総務部,第一課,2024,202405,1Q,300001,営業利益,S003,調整,199596000,328903254
20230927,読売広告社,営業統括,制作部,推進課,2023,202309,2Q,500002,媒体社リベート,S001,通常,32639410,25822964
20230511,博報堂,クリエイティブ統括,総務部,企画課,2023,202305,1Q,400001,媒体手数料収入,S003,調整,481144520,404563970
20250213,読売広告社,管理統括,経営企画部,企画課,2024,202502,4Q,100001,売上高,S003,調整,197661787,203269004
20240901,博報堂プロダクツ,管理統括,人事部,第二課,2024,202409,2Q,200003,減価償却費,S002,特別,529495077,424108804
20231107,大広,メディア統括,デジタルマーケティング部,運用課,2023,202311,3Q,200002,経費,S003,調整,348473736,472321546
20230714,博報堂プロダクツ,営業統括,総務部,第二課,2023,202307,2Q,500002,媒体社リベート,S003,調整,178993508,225612325
20240810,読売広告社,デジタル統括,メディアプランニング部,推進課,2024,202408,2Q,100001,売上高,S002,特別,303315535,368027718
20231028,博報堂プロダクツ,デジタル統括,制作部,推進課,2023,202310,3Q,200002,経費,S002,特別,225314325,225630624
20240115,大広,クリエイティブ統括,総務部,企画課,2023,202401,4Q,200002,経費,S002,特別,293685925,441577468
20250227,博報堂DYメディアパートナーズ,メディア統括,財務経理部,企画課,2024,202502,4Q,400002,制作収入,S004,見込,387395168,436315267
20230507,読売広告社,管理統括,第二営業部,開発課,2023,202305,1Q,400002,制作収入,S005,確定,359486001,343677979
20240116,読売広告社,管理統括,クリエイティブ部,第二課,2023,202401,4Q,500001,広告主負担金,S004,見込,263248671,239818275
20240816,博報堂DYメディアパートナーズ,メディア統括,経営企画部,推進課,2024,202408,2Q,200003,減価償却費,S001,通常,527975205,378507602
20240723,読売広告社,営業統括,クリエイティブ部,推進課,2024,202407,2Q,500001,広告主負担金,S001,通常,77584448,61437446
20250208,博報堂プロダクツ,デジタル統括,総務部,管理課,2024,202502,4Q,100001,売上高,S003,調整,206184791,311341225
20231103,読売広告社,クリエイティブ統括,制作部,推進課,2023,202311,3Q,100003,売上総利益,S004,見込,138955248,111735757
20240819,博報堂DYメディアパートナーズ,メディア統括,制作部,第二課,2024,202408,2Q,100003,売上総利益,S005,確定,327442681,368916547
20230527,大広,クリエイティブ統括,制作部,管理課,2023,202305,1Q,300002,経常利益,S004,見込,86665905,90624335
20231120,博報堂DYメディアパートナーズ,デジタル統括,人事部,第三課,2023,202311,3Q,200001,人件費,S004,見込,580191280,431860623
20231225,博報堂,管理統括,メディアプランニング部,管理課,2023,202312,3Q,100001,売上高,S002,特別,97386938,155257864
20241104,大広,メディア統括,メディアプランニング部,管理課,2024,202411,3Q,300002,経常利益,S002,特別,350949085,276291910
20240826,読売広告社,クリエイティブ統括,制作部,推進課,2024,202408,2Q,300001,営業利益,S005,確定,198048736,315220267
20241208,読売広告社,メディア統括,人事部,推進課,2024,202412,3Q,300001,営業利益,S004,見込,124530410,148733168
20231226,博報堂プロダクツ,メディア統括,第一営業部,開発課,2023,202312,3Q,200003,減価償却費,S001,通常,88175022,126231804
20240322,博報堂,管理統括,第一営業部,推進課,2023,202403,4Q,200001,人件費,S005,確定,494971718,387930193
20230821,博報堂DYメディアパートナーズ,クリエイティブ統括,デジタルマーケティング部,第三課,2023,202308,2Q,300002,経常利益,S001,通常,242705431,393040092
20240324,読売広告社,クリエイティブ統括,メディアプランニング部,管理課,2023,202403,4Q,400003,コンサルティング収入,S002,特別,86478765,135042267
20230408,博報堂,メディア統括,財務経理部,第二課,2023,202304,1Q,300001,営業利益,S003,調整,247109821,223965745
20231004,博報堂DYメディアパートナーズ,デジタル統括,人事部,企画課,2023,202310,3Q,100001,売上高,S004,見込,263360309,192326754
20241015,博報堂プロダクツ,営業統括,メディアプランニング部,管理課,2024,202410,3Q,100001,売上高,S001,通常,393976472,351965435
20250121,大広,メディア統括,メディアプランニング部,推進課,2024,202501,4Q,400001,媒体手数料収入,S002,特別,397455189,472666203
20230520,博報堂DYメディアパートナーズ,管理統括,クリエイティブ部,第二課,2023,202305,1Q,500002,媒体社リベート,S002,特別,375205695,352638716
20240813,読売広告社,クリエイティブ統括,総務部,開発課,2024,202408,2Q,100001,売上高,S005,確定,359175727,361234463
20240512,博報堂プロダクツ,メディア統括,第一営業部,第三課,2024,202405,1Q,200002,経費,S001,通常,208424705,178937444
20230610,読売広告社,管理統括,メディアプランニング部,推進課,2023,202306,1Q,400001,媒体手数料収入,S005,確定,19877868,22783311
20250318,大広,メディア統括,第一営業部,運用課,2024,202503,4Q,400003,コンサルティング収入,S003,調整,83585629,138096486
20240602,博報堂DYメディアパートナーズ,クリエイティブ統括,クリエイティブ部,開発課,2024,202406,1Q,200002,経費,S002,特別,382910089,384997773
20250119,博報堂プロダクツ,メディア統括,クリエイティブ部,管理課,2024,202501,4Q,300001,営業利益,S002,特別,320084493,270154310
20240717,博報堂DYメディアパートナーズ,メディア統括,制作部,推進課,2024,202407,2Q,200001,人件費,S001,通常,80867990,113349653
20250115,大広,営業統括,第一営業部,管理課,2024,202501,4Q,300001,営業利益,S004,見込,204050745,202994252
20240819,読売広告社,管理統括,制作部,企画課,2024,202408,2Q,500001,広告主負担金,S003,調整,424527613,437218661
20250326,大広,デジタル統括,第一営業部,管理課,2024,202503,4Q,100003,売上総利益,S002,特別,168317861,263508353
20240202,読売広告社,営業統括,制作部,第二課,2023,202402,4Q,100003,売上総利益,S004,見込,169689342,135037809
20241204,博報堂プロダクツ,デジタル統括,第二営業部,企画課,2024,202412,3Q,200002,経費,S003,調整,587350451,474607535
20250102,博報堂,メディア統括,総務部,第二課,2024,202501,4Q,400001,媒体手数料収入,S001,通常,356149277,280483545
20230417,大広,メディア統括,制作部,推進課,2023,202304,1Q,100002,売上原価,S001,通常,412720532,378829633
20230621,大広,クリエイティブ統括,第二営業部,管理課,2023,202306,1Q,400001,媒体手数料収入,S002,特別,37047380,57634615
20231226,博報堂DYメディアパートナーズ,デジタル統括,総務部,第三課,2023,202312,3Q,400003,コンサルティング収入,S003,調整,45567219,52665110
20250104,読売広告社,メディア統括,経営企画部,開発課,2024,202501,4Q,300002,経常利益,S005,確定,172729595,166415242
20230915,博報堂プロダクツ,メディア統括,総務部,運用課,2023,202309,2Q,200003,減価償却費,S003,調整,60610228,78973817
20231126,博報堂プロダクツ,営業統括,財務経理部,第二課,2023,202311,3Q,500001,広告主負担金,S005,確定,171026524,218601361
20240520,博報堂プロダクツ,営業統括,制作部,第二課,2024,202405,1Q,100002,売上原価,S002,特別,143975768,195817839
20230918,大広,デジタル統括,クリエイティブ部,推進課,2023,202309,2Q,200003,減価償却費,S003,調整,125021310,147202637
20231206,博報堂DYメディアパートナーズ,管理統括,クリエイティブ部,運用課,2023,202312,3Q,300002,経常利益,S002,特別,147712565,205890783
20230706,博報堂DYメディアパートナーズ,営業統括,第一営業部,第一課,2023,202307,2Q,500002,媒体社リベート,S001,通常,314165285,416693625
20240716,博報堂,営業統括,クリエイティブ部,運用課,2024,202407,2Q,100002,売上原価,S001,通常,380689959,303147226
20231025,博報堂プロダクツ,デジタル統括,メディアプランニング部,開発課,2023,202310,3Q,100003,売上総利益,S001,通常,462676779,414907301
20240921,博報堂,デジタル統括,人事部,管理課,2024,202409,2Q,300001,営業利益,S004,見込,235926775,212813249
20240423,大広,デジタル統括,第一営業部,第一課,2024,202404,1Q,400003,コンサルティング収入,S002,特別,79216958,102223635
20230605,博報堂,メディア統括,クリエイティブ部,開発課,2023,202306,1Q,500001,広告主負担金,S004,見込,180632770,261322111
20250308,大広,デジタル統括,財務経理部,第一課,2024,202503,4Q,100003,売上総利益,S002,特別,104105873,135004735
20250322,読売広告社,デジタル統括,総務部,管理課,2024,202503,4Q,500002,媒体社リベート,S005,確定,214030665,264567088
20240515,大広,管理統括,総務部,第二課,2024,202405,1Q,200002,経費,S003,調整,350972058,465527431
20231022,大広,クリエイティブ統括,制作部,管理課,2023,202310,3Q,400003,コンサルティング収入,S004,見込,252308978,243425405
20240314,読売広告社,管理統括,クリエイティブ部,第三課,2023,202403,4Q,300001,営業利益,S004,見込,476654195,412136251
20240126,博報堂プロダクツ,営業統括,財務経理部,企画課,2023,202401,4Q,200001,人件費,S001,通常,370174919,456490170
20250326,博報堂プロダクツ,クリエイティブ統括,人事部,推進課,2024,202503,4Q,100001,売上高,S004,見込,283630785,345012813
20240907,博報堂,営業統括,第二営業部,推進課,2024,202409,2Q,100003,売上総利益,S002,特別,507615563,397124317
20240725,博報堂,営業統括,第一営業部,運用課,2024,202407,2Q,100002,売上原価,S003,調整,488914185,444616122
20240401,博報堂DYメディアパートナーズ,営業統括,人事部,開発課,2024,202404,1Q,200001,人件費,S005,確定,308851654,327367411
20250125,読売広告社,クリエイティブ統括,総務部,第二課,2024,202501,4Q,300001,営業利益,S003,調整,180168013,153811899
20240424,博報堂プロダクツ,クリエイティブ統括,制作部,第一課,2024,202404,1Q,300001,営業利益,S004,見込,455041250,434621336
20231127,博報堂DYメディアパートナーズ,メディア統括,クリエイティブ部,推進課,2023,202311,3Q,100001,売上高,S002,特別,44652442,50047742
20240201,博報堂DYメディアパートナーズ,メディア統括,人事部,管理課,2023,202402,4Q,200002,経費,S003,調整,309477876,388906327
20240304,大広,メディア統括,第二営業部,第二課,2023,202403,4Q,100003,売上総利益,S004,見込,103272011,94664615
20231002,博報堂,デジタル統括,制作部,推進課,2023,202310,3Q,400002,制作収入,S001,通常,175066199,157737984
20230626,博報堂プロダクツ,クリエイティブ統括,制作部,開発課,2023,202306,1Q,200002,経費,S004,見込,422686590,306514692
20231106,博報堂DYメディアパートナーズ,クリエイティブ統括,デジタルマーケティング部,推進課,2023,202311,3Q,400001,媒体手数料収入,S002,特別,10610490,8205558
20241221,博報堂,管理統括,クリエイティブ部,企画課,2024,202412,3Q,100001,売上高,S004,見込,413179469,482493254
20250102,読売広告社,クリエイティブ統括,経営企画部,第二課,2024,202501,4Q,400003,コンサルティング収入,S002,特別,401191647,444199686
20240927,大広,営業統括,クリエイティブ部,第三課,2024,202409,2Q,200001,人件費,S001,通常,195924049,210545797
20230814,博報堂,営業統括,第一営業部,企画課,2023,202308,2Q,400003,コンサルティング収入,S005,確定,425574561,458178436
20240720,博報堂プロダクツ,営業統括,メディアプランニング部,運用課,2024,202407,2Q,100002,売上原価,S004,見込,250979679,243270336
20240308,博報堂DYメディアパートナーズ,メディア統括,第二営業部,企画課,2023,202403,4Q,200001,人件費,S005,確定,59701411,50114715
20240822,博報堂,営業統括,財務経理部,開発課,2024,202408,2Q,500002,媒体社リベート,S002,特別,59072412,61529316
20240223,博報堂DYメディアパートナーズ,クリエイティブ統括,経営企画部,推進課,2023,202402,4Q,100001,売上高,S002,特別,375651157,304738683
20240401,博報堂,メディア統括,総務部,開発課,2024,202404,1Q,100002,売上原価,S004,見込,240795795,311362605
20240602,博報堂プロダクツ,メディア統括,デジタルマーケティング部,第一課,2024,202406,1Q,200002,経費,S005,確定,141144338,144645250
20230708,博報堂プロダクツ,管理統括,第二営業部,管理課,2023,202307,2Q,100002,売上原価,S002,特別,115623109,146152443
20230720,大広,クリエイティブ統括,第二営業部,第三課,2023,202307,2Q,400003,コンサルティング収入,S005,確定,21101166,22635788
20230610,博報堂プロダクツ,営業統括,第一営業部,第二課,2023,202306,1Q,500002,媒体社リベート,S001,通常,107373823,153974320
20240301,博報堂プロダクツ,メディア統括,人事部,第二課,2023,202403,4Q,400002,制作収入,S002,特別,256859623,376293713
20240319,読売広告社,営業統括,財務経理部,推進課,2023,202403,4Q,300001,営業利益,S005,確定,478142717,420489790
20250112,大広,営業統括,経営企画部,開発課,2024,202501,4Q,100002,売上原価,S003,調整,295581406,401254476
20240315,大広,営業統括,総務部,企画課,2023,202403,4Q,100001,売上高,S001,通常,98415958,78329739
20231207,博報堂,営業統括,経営企画部,運用課,2023,202312,3Q,200001,人件費,S003,調整,474109398,465824217
20250304,読売広告社,クリエイティブ統括,デジタルマーケティング部,第三課,2024,202503,4Q,400002,制作収入,S004,見込,261410323,225830086
20231124,読売広告社,メディア統括,総務部,推進課,2023,202311,3Q,400001,媒体手数料収入,S003,調整,39092942,63570716
20240520,博報堂プロダクツ,クリエイティブ統括,第一営業部,第二課,2024,202405,1Q,400003,コンサルティング収入,S003,調整,326864905,327715211
20240205,博報堂DYメディアパートナーズ,クリエイティブ統括,制作部,開発課,2023,202402,4Q,200003,減価償却費,S002,特別,206339991,291254255
20240627,博報堂プロダクツ,クリエイティブ統括,デジタルマーケティング部,第二課,2024,202406,1Q,500002,媒体社リベート,S004,見込,565796778,412690533
20230907,博報堂DYメディアパートナーズ,営業統括,第二営業部,第三課,2023,202309,2Q,100002,売上原価,S005,確定,147114640,113362759
20230917,読売広告社,管理統括,経営企画部,第三課,2023,202309,2Q,200003,減価償却費,S003,調整,203031466,287530691
20230714,読売広告社,営業統括,総務部,運用課,2023,202307,2Q,400003,コンサルティング収入,S001,通常,276567800,297735899
20240124,読売広告社,管理統括,デジタルマーケティング部,企画課,2023,202401,4Q,400001,媒体手数料収入,S003,調整,340605030,258061405
20240617,読売広告社,メディア統括,制作部,推進課,2024,202406,1Q,300002,経常利益,S003,調整,334403326,305525120
20240206,博報堂プロダクツ,メディア統括,制作部,第二課,2023,202402,4Q,300002,経常利益,S002,特別,48119338,74159621
20230927,読売広告社,営業統括,メディアプランニング部,企画課,2023,202309,2Q,500002,媒体社リベート,S004,見込,218207586,287410469
20240518,大広,デジタル統括,クリエイティブ部,第一課,2024,202405,1Q,100003,売上総利益,S002,特別,57525928,43458326
20240711,博報堂DYメディアパートナーズ,営業統括,制作部,第一課,2024,202407,2Q,400002,制作収入,S002,特別,101200712,112102071
20250207,大広,営業統括,デジタルマーケティング部,推進課,2024,202502,4Q,100002,売上原価,S002,特別,264701009,196087108
20250101,博報堂,営業統括,第一営業部,第一課,2024,202501,4Q,300001,営業利益,S003,調整,442036815,413043762
20230719,大広,クリエイティブ統括,メディアプランニング部,開発課,2023,202307,2Q,100003,売上総利益,S005,確定,540625766,470837398
20241217,博報堂DYメディアパートナーズ,管理統括,財務経理部,推進課,2024,202412,3Q,100001,売上高,S003,調整,401777547,472082171
20240320,博報堂プロダクツ,メディア統括,クリエイティブ部,開発課,2023,202403,4Q,200003,減価償却費,S001,通常,271104442,224699708
20241105,読売広告社,管理統括,クリエイティブ部,第一課,2024,202411,3Q,400001,媒体手数料収入,S003,調整,247526738,213601513
20250110,博報堂,管理統括,第二営業部,第一課,2024,202501,4Q,400002,制作収入,S005,確定,53191285,42986272
20240719,大広,デジタル統括,デジタルマーケティング部,管理課,2024,202407,2Q,500002,媒体社リベート,S004,見込,531258226,391154024
20231025,博報堂プロダクツ,営業統括,メディアプランニング部,第三課,2023,202310,3Q,400002,制作収入,S001,通常,311694966,431164138
20241201,博報堂プロダクツ,デジタル統括,経営企画部,開発課,2024,202412,3Q,500001,広告主負担金,S001,通常,252407777,363983078
20240913,博報堂DYメディアパートナーズ,メディア統括,制作部,推進課,2024,202409,2Q,100003,売上総利益,S003,調整,615812118,481368335
20240715,読売広告社,クリエイティブ統括,メディアプランニング部,運用課,2024,202407,2Q,500002,媒体社リベート,S001,通常,630780394,461630470
20230423,博報堂,メディア統括,第一営業部,企画課,2023,202304,1Q,500002,媒体社リベート,S003,調整,519968115,467594425
20240512,博報堂プロダクツ,営業統括,第二営業部,運用課,2024,202405,1Q,300002,経常利益,S001,通常,180859166,200115534
20240326,読売広告社,メディア統括,第二営業部,開発課,2023,202403,4Q,300002,経常利益,S005,確定,442527112,377062950
20250321,大広,クリエイティブ統括,経営企画部,管理課,2024,202503,4Q,200001,人件費,S005,確定,164143536,219098783
20240620,博報堂DYメディアパートナーズ,営業統括,クリエイティブ部,第三課,2024,202406,1Q,200001,人件費,S005,確定,273421803,241039912
20230707,博報堂プロダクツ,メディア統括,経営企画部,企画課,2023,202307,2Q,500002,媒体社リベート,S004,見込,239601693,341958395
20230805,博報堂DYメディアパートナーズ,クリエイティブ統括,財務経理部,運用課,2023,202308,2Q,100001,売上高,S004,見込,7457816,9582751
20250218,大広,メディア統括,メディアプランニング部,推進課,2024,202502,4Q,400002,制作収入,S004,見込,87610238,70881417
20240322,博報堂DYメディアパートナーズ,メディア統括,メディアプランニング部,運用課,2023,202403,4Q,200003,減価償却費,S004,見込,239433981,243958052
20250317,博報堂,営業統括,経営企画部,開発課,2024,202503,4Q,100002,売上原価,S004,見込,285731712,434249590
20231208,読売広告社,営業統括,メディアプランニング部,第三課,2023,202312,3Q,400002,制作収入,S002,特別,59506806,86733606
20231119,博報堂DYメディアパートナーズ,クリエイティブ統括,人事部,推進課,2023,202311,3Q,200001,人件費,S004,見込,287251440,428624392
20231017,博報堂,メディア統括,デジタルマーケティング部,開発課,2023,202310,3Q,200001,人件費,S005,確定,325801278,459446309
20231121,博報堂DYメディアパートナーズ,メディア統括,デジタルマーケティング部,第二課,2023,202311,3Q,200003,減価償却費,S005,確定,575714013,466382048
20240128,博報堂,デジタル統括,人事部,第二課,2023,202401,4Q,400001,媒体手数料収入,S002,特別,180653586,197820765
20241026,博報堂プロダクツ,クリエイティブ統括,制作部,第二課,2024,202410,3Q,500001,広告主負担金,S001,通常,234362691,170438199
20240517,博報堂DYメディアパートナーズ,営業統括,第一営業部,第三課,2024,202405,1Q,400003,コンサルティング収入,S003,調整,293701251,443705482
20240113,大広,デジタル統括,第二営業部,開発課,2023,202401,4Q,500001,広告主負担金,S001,通常,36140405,55521422
20230915,博報堂プロダクツ,営業統括,クリエイティブ部,推進課,2023,202309,2Q,200001,人件費,S003,調整,466904839,390428172
20250227,読売広告社,管理統括,経営企画部,推進課,2024,202502,4Q,300002,経常利益,S005,確定,170909714,278162611
20240109,博報堂DYメディアパートナーズ,メディア統括,デジタルマーケティング部,開発課,2023,202401,4Q,100001,売上高,S002,特別,512536213,471981007
20230503,大広,デジタル統括,経営企画部,管理課,2023,202305,1Q,200001,人件費,S004,見込,51307124,71809402
20240726,博報堂,管理統括,制作部,運用課,2024,202407,2Q,500002,媒体社リベート,S003,調整,104242638,77947863
20230714,大広,営業統括,財務経理部,運用課,2023,202307,2Q,200001,人件費,S003,調整,366729886,265413908
20230912,大広,メディア統括,メディアプランニング部,第三課,2023,202309,2Q,500001,広告主負担金,S003,調整,204107721,193333080
20241119,大広,クリエイティブ統括,財務経理部,推進課,2024,202411,3Q,200001,人件費,S004,見込,1300130,1506227
20240725,博報堂プロダクツ,管理統括,制作部,推進課,2024,202407,2Q,400003,コンサルティング収入,S004,見込,58083073,94352269
20230411,大広,営業統括,総務部,第三課,2023,202304,1Q,200002,経費,S004,見込,509322579,482641993
20231018,博報堂DYメディアパートナーズ,営業統括,デジタルマーケティング部,開発課,2023,202310,3Q,100001,売上高,S001,通常,632163238,497148892
20230518,博報堂プロダクツ,クリエイティブ統括,メディアプランニング部,第一課,2023,202305,1Q,100001,売上高,S002,特別,380332249,312582927
20240927,博報堂プロダクツ,営業統括,財務経理部,第二課,2024,202409,2Q,500001,広告主負担金,S002,特別,3342448,2545203
20241225,博報堂,クリエイティブ統括,制作部,推進課,2024,202412,3Q,200002,経費,S003,調整,317450886,383950628
20240518,博報堂プロダクツ,デジタル統括,財務経理部,管理課,2024,202405,1Q,400002,制作収入,S002,特別,483870234,368861292
20230822,博報堂,管理統括,人事部,運用課,2023,202308,2Q,200001,人件費,S005,確定,511066582,392374749
20250310,博報堂DYメディアパートナーズ,クリエイティブ統括,第二営業部,管理課,2024,202503,4Q,300002,経常利益,S001,通常,194879098,255525084
20240326,読売広告社,デジタル統括,第一営業部,推進課,2023,202403,4Q,200002,経費,S005,確定,227390541,248976878
20230909,博報堂DYメディアパートナーズ,メディア統括,総務部,第二課,2023,202309,2Q,400003,コンサルティング収入,S005,確定,247833524,397021287
20240313,博報堂,クリエイティブ統括,第一営業部,推進課,2023,202403,4Q,200001,人件費,S005,確定,4957238,3883304
20230528,博報堂プロダクツ,管理統括,メディアプランニング部,企画課,2023,202305,1Q,500002,媒体社リベート,S002,特別,125331140,101090760
20241006,博報堂プロダクツ,営業統括,制作部,企画課,2024,202410,3Q,500002,媒体社リベート,S002,特別,98378965,86899516
20250305,博報堂DYメディアパートナーズ,クリエイティブ統括,第一営業部,企画課,2024,202503,4Q,300001,営業利益,S001,通常,103437379,94433710
20240723,博報堂DYメディアパートナーズ,メディア統括,クリエイティブ部,第三課,2024,202407,2Q,200002,経費,S004,見込,37971871,46834383
20230525,博報堂DYメディアパートナーズ,クリエイティブ統括,制作部,推進課,2023,202305,1Q,100003,売上総利益,S004,見込,140079807,150432462
20230911,読売広告社,営業統括,経営企画部,管理課,2023,202309,2Q,300002,経常利益,S001,通常,369693857,359019997
20241112,読売広告社,営業統括,財務経理部,企画課,2024,202411,3Q,100003,売上総利益,S003,調整,268445751,259753094
20231223,博報堂,メディア統括,財務経理部,運用課,2023,202312,3Q,200003,減価償却費,S005,確定,72435028,52971365
20230922,博報堂DYメディアパートナーズ,メディア統括,経営企画部,企画課,2023,202309,2Q,100003,売上総利益,S005,確定,134044867,151092166
20240312,博報堂プロダクツ,クリエイティブ統括,第二営業部,第一課,2023,202403,4Q,100003,売上総利益,S001,通常,275792392,208699067
20240312,読売広告社,営業統括,人事部,第一課,2023,202403,4Q,100002,売上原価,S003,調整,183499927,219376563
20230802,博報堂プロダクツ,デジタル統括,クリエイティブ部,企画課,2023,202308,2Q,200002,経費,S004,見込,92174903,87267054
20230516,読売広告社,営業統括,経営企画部,企画課,2023,202305,1Q,400001,媒体手数料収入,S001,通常,258300976,216007360
20240209,読売広告社,営業統括,財務経理部,第二課,2023,202402,4Q,100001,売上高,S002,特別,40536187,31611904
20240228,博報堂,営業統括,財務経理部,企画課,2023,202402,4Q,500001,広告主負担金,S002,特別,318249105,307725042
20230524,博報堂プロダクツ,営業統括,財務経理部,運用課,2023,202305,1Q,400003,コンサルティング収入,S003,調整,70114236,82252089
20240722,大広,営業統括,第一営業部,開発課,2024,202407,2Q,500002,媒体社リベート,S005,確定,5282678,3991361
20240910,大広,営業統括,経営企画部,企画課,2024,202409,2Q,400002,制作収入,S002,特別,235223322,318310782
20240502,博報堂DYメディアパートナーズ,管理統括,クリエイティブ部,第三課,2024,202405,1Q,300002,経常利益,S001,通常,499657065,415946963
20240310,博報堂DYメディアパートナーズ,メディア統括,経営企画部,運用課,2023,202403,4Q,300001,営業利益,S005,確定,397986560,325874214
20240308,博報堂DYメディアパートナーズ,営業統括,財務経理部,管理課,2023,202403,4Q,500001,広告主負担金,S003,調整,208647508,221641279
20241118,読売広告社,クリエイティブ統括,人事部,運用課,2024,202411,3Q,200003,減価償却費,S005,確定,512227620,463030473
20231216,大広,デジタル統括,第一営業部,管理課,2023,202312,3Q,200001,人件費,S002,特別,297550865,453813694
20250319,博報堂,メディア統括,制作部,管理課,2024,202503,4Q,500001,広告主負担金,S004,見込,172281455,262391645
20250101,博報堂,メディア統括,第二営業部,運用課,2024,202501,4Q,500001,広告主負担金,S001,通常,606552009,452115871
20230705,博報堂プロダクツ,営業統括,財務経理部,企画課,2023,202307,2Q,200002,経費,S005,確定,373394492,305138017
20240513,読売広告社,クリエイティブ統括,メディアプランニング部,第二課,2024,202405,1Q,300001,営業利益,S005,確定,242706075,258342793
20230918,博報堂DYメディアパートナーズ,管理統括,総務部,第三課,2023,202309,2Q,200002,経費,S002,特別,325261808,459024718
20230626,博報堂,営業統括,クリエイティブ部,第二課,2023,202306,1Q,100003,売上総利益,S001,通常,311978640,482028507
20230412,大広,クリエイティブ統括,クリエイティブ部,開発課,2023,202304,1Q,200001,人件費,S004,見込,161952254,178112386
20230527,博報堂DYメディアパートナーズ,管理統括,メディアプランニング部,第二課,2023,202305,1Q,400002,制作収入,S005,確定,335839070,399406797
20240212,大広,メディア統括,第二営業部,管理課,2023,202402,4Q,200001,人件費,S004,見込,29441289,28314428
20240918,博報堂DYメディアパートナーズ,管理統括,第一営業部,第二課,2024,202409,2Q,100001,売上高,S003,調整,663211150,489088473
20231115,博報堂プロダクツ,デジタル統括,総務部,企画課,2023,202311,3Q,400003,コンサルティング収入,S003,調整,263148935,215550777
20240127,博報堂,デジタル統括,クリエイティブ部,管理課,2023,202401,4Q,200001,人件費,S004,見込,149166655,206903314
20231112,大広,営業統括,クリエイティブ部,管理課,2023,202311,3Q,200002,経費,S004,見込,380610962,297438395
20240723,読売広告社,デジタル統括,経営企画部,第三課,2024,202407,2Q,200002,経費,S001,通常,441410780,338008316
20250202,読売広告社,クリエイティブ統括,経営企画部,企画課,2024,202502,4Q,100002,売上原価,S004,見込,414922493,362193657
20241108,読売広告社,メディア統括,クリエイティブ部,企画課,2024,202411,3Q,400002,制作収入,S005,確定,44610956,42906317
20240514,博報堂,営業統括,デジタルマーケティング部,開発課,2024,202405,1Q,200003,減価償却費,S001,通常,173155801,149951541
20240613,博報堂プロダクツ,管理統括,制作部,管理課,2024,202406,1Q,200002,経費,S005,確定,497489509,451424101
20241022,博報堂プロダクツ,デジタル統括,クリエイティブ部,企画課,2024,202410,3Q,200001,人件費,S004,見込,367759426,482973600
20231116,大広,メディア統括,制作部,第一課,2023,202311,3Q,100001,売上高,S001,通常,51213502,36700861
20230415,博報堂,メディア統括,第二営業部,管理課,2023,202304,1Q,100003,売上総利益,S003,調整,302693203,424702963
20240128,大広,管理統括,クリエイティブ部,第三課,2023,202401,4Q,400002,制作収入,S003,調整,93490626,111101500
20240106,読売広告社,管理統括,クリエイティブ部,第二課,2023,202401,4Q,400003,コンサルティング収入,S005,確定,61460134,70313474
20250222,大広,クリエイティブ統括,人事部,第一課,2024,202502,4Q,100001,売上高,S005,確定,91646039,75018128
20250315,大広,管理統括,デジタルマーケティング部,第一課,2024,202503,4Q,300002,経常利益,S002,特別,581134054,491841134
20240218,博報堂DYメディアパートナーズ,デジタル統括,制作部,第二課,2023,202402,4Q,100001,売上高,S002,特別,338160969,466295313
20230523,大広,クリエイティブ統括,経営企画部,運用課,2023,202305,1Q,300002,経常利益,S002,特別,130495435,95885818
20250213,博報堂プロダクツ,営業統括,人事部,第一課,2024,202502,4Q,500001,広告主負担金,S002,特別,94912938,143165183
20250125,読売広告社,デジタル統括,クリエイティブ部,管理課,2024,202501,4Q,200001,人件費,S003,調整,165032910,235125992
20230612,読売広告社,管理統括,第二営業部,運用課,2023,202306,1Q,400002,制作収入,S002,特別,244039090,222477643
20231112,博報堂DYメディアパートナーズ,デジタル統括,クリエイティブ部,第一課,2023,202311,3Q,100003,売上総利益,S004,見込,146150725,121085143
20231027,博報堂プロダクツ,管理統括,デジタルマーケティング部,管理課,2023,202310,3Q,200002,経費,S005,確定,282108756,225057899
20230909,博報堂,営業統括,クリエイティブ部,企画課,2023,202309,2Q,100003,売上総利益,S004,見込,252461976,412598132
20240118,読売広告社,管理統括,総務部,管理課,2023,202401,4Q,200002,経費,S003,調整,125655469,171161899
20231024,博報堂,メディア統括,財務経理部,第三課,2023,202310,3Q,200003,減価償却費,S005,確定,270524848,335995466
20230805,博報堂DYメディアパートナーズ,管理統括,制作部,推進課,2023,202308,2Q,400002,制作収入,S004,見込,426627209,384037850
20241008,大広,クリエイティブ統括,デジタルマーケティング部,管理課,2024,202410,3Q,400001,媒体手数料収入,S001,通常,68374396,58650645
20230913,博報堂プロダクツ,管理統括,財務経理部,開発課,2023,202309,2Q,200002,経費,S001,通常,117644053,145173797
20241218,大広,営業統括,クリエイティブ部,第三課,2024,202412,3Q,200001,人件費,S005,確定,407570109,469997556
20250209,読売広告社,管理統括,経営企画部,管理課,2024,202502,4Q,200002,経費,S005,確定,5954130,5595500
20241010,博報堂DYメディアパートナーズ,デジタル統括,経営企画部,企画課,2024,202410,3Q,200001,人件費,S003,調整,408961072,328872187
20230618,博報堂DYメディアパートナーズ,クリエイティブ統括,総務部,開発課,2023,202306,1Q,500001,広告主負担金,S005,確定,644900138,478590963
20240204,博報堂DYメディアパートナーズ,デジタル統括,総務部,運用課,2023,202402,4Q,300001,営業利益,S001,通常,60413859,76297117
20241104,博報堂DYメディアパートナーズ,デジタル統括,経営企画部,第一課,2024,202411,3Q,200002,経費,S005,確定,455251178,406000787
20240211,大広,管理統括,デジタルマーケティング部,企画課,2023,202402,4Q,100001,売上高,S004,見込,21484504,31539528
20240720,大広,デジタル統括,制作部,管理課,2024,202407,2Q,500002,媒体社リベート,S002,特別,39056820,29620735
20230628,博報堂プロダクツ,営業統括,第一営業部,企画課,2023,202306,1Q,400001,媒体手数料収入,S002,特別,233200902,196187801
20230507,博報堂DYメディアパートナーズ,デジタル統括,財務経理部,第一課,2023,202305,1Q,300002,経常利益,S003,調整,401169373,333909813
20240626,博報堂,管理統括,第一営業部,開発課,2024,202406,1Q,200002,経費,S003,調整,218347148,220604002
20250326,博報堂プロダクツ,管理統括,総務部,企画課,2024,202503,4Q,400002,制作収入,S005,確定,317850483,487013494
20250117,読売広告社,営業統括,第一営業部,開発課,2024,202501,4Q,400001,媒体手数料収入,S004,見込,333444180,265580523
20240913,博報堂,メディア統括,クリエイティブ部,第一課,2024,202409,2Q,400003,コンサルティング収入,S002,特別,237821664,212191360
20240716,博報堂プロダクツ,メディア統括,総務部,企画課,2024,202407,2Q,100003,売上総利益,S003,調整,274485069,289155646
20231126,読売広告社,メディア統括,総務部,推進課,2023,202311,3Q,500002,媒体社リベート,S001,通常,310365965,332436878
20231017,読売広告社,メディア統括,第二営業部,開発課,2023,202310,3Q,500001,広告主負担金,S001,通常,506890521,449581363
20230603,博報堂DYメディアパートナーズ,クリエイティブ統括,経営企画部,推進課,2023,202306,1Q,400002,制作収入,S002,特別,185031203,158100952
20240625,博報堂DYメディアパートナーズ,メディア統括,制作部,管理課,2024,202406,1Q,400002,制作収入,S001,通常,502510220,387746371
20250309,読売広告社,管理統括,財務経理部,第一課,2024,202503,4Q,100001,売上高,S001,通常,401790744,436313866
20240205,博報堂プロダクツ,営業統括,経営企画部,運用課,2023,202402,4Q,300001,営業利益,S002,特別,421152011,337924050
20241128,博報堂DYメディアパートナーズ,デジタル統括,第二営業部,企画課,2024,202411,3Q,100002,売上原価,S004,見込,492542374,478501109
20240501,博報堂プロダクツ,メディア統括,第一営業部,企画課,2024,202405,1Q,400002,制作収入,S005,確定,362704450,383671863
20240726,読売広告社,管理統括,制作部,企画課,2024,202407,2Q,400003,コンサルティング収入,S004,見込,87138912,107640489
20230406,博報堂DYメディアパートナーズ,管理統括,総務部,第二課,2023,202304,1Q,100003,売上総利益,S003,調整,489982087,386774877
20240610,博報堂プロダクツ,クリエイティブ統括,人事部,開発課,2024,202406,1Q,100002,売上原価,S001,通常,120941185,94178604
20240512,大広,メディア統括,制作部,第二課,2024,202405,1Q,400001,媒体手数料収入,S003,調整,471905511,372657642
20230923,博報堂DYメディアパートナーズ,管理統括,経営企画部,第一課,2023,202309,2Q,400001,媒体手数料収入,S002,特別,331487575,236886323
20240604,読売広告社,クリエイティブ統括,人事部,管理課,2024,202406,1Q,200002,経費,S001,通常,178801808,234855657
20240301,読売広告社,デジタル統括,クリエイティブ部,運用課,2023,202403,4Q,300001,営業利益,S002,特別,453444844,449871273
20240918,読売広告社,デジタル統括,メディアプランニング部,推進課,2024,202409,2Q,300001,営業利益,S003,調整,40664079,38149845
20231028,博報堂プロダクツ,管理統括,クリエイティブ部,第三課,2023,202310,3Q,400001,媒体手数料収入,S004,見込,372577810,284303953
20230624,博報堂DYメディアパートナーズ,デジタル統括,デジタルマーケティング部,第三課,2023,202306,1Q,100002,売上原価,S003,調整,155983936,187962804
20230528,読売広告社,営業統括,経営企画部,推進課,2023,202305,1Q,400003,コンサルティング収入,S005,確定,166529067,207029189
20240624,大広,クリエイティブ統括,クリエイティブ部,第二課,2024,202406,1Q,100003,売上総利益,S005,確定,264209510,308778647
20250127,博報堂プロダクツ,営業統括,制作部,推進課,2024,202501,4Q,300001,営業利益,S003,調整,428427733,455279420
20231225,読売広告社,デジタル統括,デジタルマーケティング部,企画課,2023,202312,3Q,100002,売上原価,S004,見込,450597009,355114800
20231210,読売広告社,クリエイティブ統括,制作部,推進課,2023,202312,3Q,200001,人件費,S002,特別,180290707,262345468
20230714,大広,メディア統括,人事部,推進課,2023,202307,2Q,300002,経常利益,S004,見込,25700094,29577556
20240925,博報堂DYメディアパートナーズ,管理統括,経営企画部,管理課,2024,202409,2Q,200002,経費,S005,確定,21156220,16878830
20241016,博報堂,クリエイティブ統括,経営企画部,推進課,2024,202410,3Q,400003,コンサルティング収入,S001,通常,229802645,276458333
20240602,大広,クリエイティブ統括,クリエイティブ部,企画課,2024,202406,1Q,100003,売上総利益,S005,確定,116603503,141771939
20230413,博報堂プロダクツ,メディア統括,制作部,第二課,2023,202304,1Q,400001,媒体手数料収入,S002,特別,332081396,390879405
20250115,大広,営業統括,メディアプランニング部,開発課,2024,202501,4Q,100001,売上高,S004,見込,159727965,252268721
20230909,大広,クリエイティブ統括,第二営業部,企画課,2023,202309,2Q,100003,売上総利益,S003,調整,64757689,102642398
20241204,大広,管理統括,クリエイティブ部,企画課,2024,202412,3Q,500002,媒体社リベート,S005,確定,263484380,405334910
20250206,大広,クリエイティブ統括,制作部,開発課,2024,202502,4Q,200002,経費,S001,通常,51418114,60204687
20240124,博報堂,管理統括,デジタルマーケティング部,企画課,2023,202401,4Q,100002,売上原価,S004,見込,73296744,53064855
20240518,大広,メディア統括,財務経理部,第一課,2024,202405,1Q,500001,広告主負担金,S004,見込,254591255,258855151
20231127,大広,メディア統括,第二営業部,企画課,2023,202311,3Q,200002,経費,S005,確定,275504007,200691214
20240727,博報堂DYメディアパートナーズ,管理統括,クリエイティブ部,管理課,2024,202407,2Q,200002,経費,S002,特別,380750473,440986204
20240517,博報堂プロダクツ,メディア統括,総務部,第一課,2024,202405,1Q,300002,経常利益,S002,特別,173724138,242482093
20231204,博報堂DYメディアパートナーズ,管理統括,財務経理部,運用課,2023,202312,3Q,100003,売上総利益,S005,確定,389605927,341441426
20241105,読売広告社,営業統括,メディアプランニング部,推進課,2024,202411,3Q,400002,制作収入,S001,通常,140343148,125479062
20230613,博報堂,デジタル統括,経営企画部,開発課,2023,202306,1Q,100003,売上総利益,S002,特別,380928361,272471459
20250122,大広,デジタル統括,総務部,企画課,2024,202501,4Q,200002,経費,S003,調整,53573142,49536555
20240526,博報堂,メディア統括,デジタルマーケティング部,第二課,2024,202405,1Q,200001,人件費,S003,調整,42507313,32847530
20240913,博報堂DYメディアパートナーズ,デジタル統括,デジタルマーケティング部,開発課,2024,202409,2Q,200001,人件費,S003,調整,329221670,238290724
20231112,博報堂プロダクツ,メディア統括,メディアプランニング部,管理課,2023,202311,3Q,300001,営業利益,S004,見込,623369709,447334730
20240813,読売広告社,メディア統括,制作部,第三課,2024,202408,2Q,200001,人件費,S003,調整,4484329,4784573
20230626,博報堂プロダクツ,営業統括,制作部,第一課,2023,202306,1Q,100003,売上総利益,S004,見込,116276016,111299752
20230728,博報堂DYメディアパートナーズ,デジタル統括,第二営業部,運用課,2023,202307,2Q,300001,営業利益,S004,見込,213494305,218923043
20230628,博報堂プロダクツ,クリエイティブ統括,第一営業部,運用課,2023,202306,1Q,100002,売上原価,S005,確定,308702798,346013307
20231213,読売広告社,管理統括,経営企画部,第一課,2023,202312,3Q,500002,媒体社リベート,S002,特別,130994488,168087474
20230405,大広,営業統括,メディアプランニング部,企画課,2023,202304,1Q,400003,コンサルティング収入,S004,見込,227746811,225382741
20240408,博報堂プロダクツ,営業統括,第一営業部,運用課,2024,202404,1Q,300001,営業利益,S002,特別,398235758,429820778
20241123,博報堂,デジタル統括,人事部,運用課,2024,202411,3Q,400001,媒体手数料収入,S004,見込,198720507,163034485
20230412,博報堂,クリエイティブ統括,第一営業部,開発課,2023,202304,1Q,200001,人件費,S004,見込,62208475,85063416
20240314,読売広告社,管理統括,クリエイティブ部,企画課,2023,202403,4Q,200001,人件費,S003,調整,34213889,33857770
20230626,博報堂,営業統括,メディアプランニング部,管理課,2023,202306,1Q,200003,減価償却費,S003,調整,230554155,267524826
20230921,大広,クリエイティブ統括,第二営業部,企画課,2023,202309,2Q,400001,媒体手数料収入,S001,通常,128108310,128330238
20240416,博報堂,クリエイティブ統括,クリエイティブ部,第三課,2024,202404,1Q,100002,売上原価,S005,確定,25443218,31404661
20230514,博報堂,デジタル統括,デジタルマーケティング部,管理課,2023,202305,1Q,400003,コンサルティング収入,S002,特別,120405944,109991643
20240412,読売広告社,メディア統括,クリエイティブ部,第三課,2024,202404,1Q,300001,営業利益,S003,調整,103169504,114242847
20240917,博報堂,管理統括,制作部,開発課,2024,202409,2Q,300001,営業利益,S002,特別,327988639,285596194
20231018,博報堂DYメディアパートナーズ,営業統括,第一営業部,開発課,2023,202310,3Q,300001,営業利益,S003,調整,172787984,262009395
20231119,博報堂DYメディアパートナーズ,営業統括,クリエイティブ部,第一課,2023,202311,3Q,200003,減価償却費,S005,確定,240169171,340201654
20231221,博報堂DYメディアパートナーズ,営業統括,財務経理部,第一課,2023,202312,3Q,500002,媒体社リベート,S003,調整,339794035,407655152
20230527,博報堂プロダクツ,管理統括,第二営業部,企画課,2023,202305,1Q,400003,コンサルティング収入,S005,確定,39232489,50753349
20231206,博報堂,営業統括,財務経理部,第三課,2023,202312,3Q,100003,売上総利益,S002,特別,216463176,241688139
20250307,博報堂プロダクツ,デジタル統括,第一営業部,第一課,2024,202503,4Q,400002,制作収入,S003,調整,227428628,266976332
20231127,博報堂プロダクツ,管理統括,メディアプランニング部,企画課,2023,202311,3Q,200002,経費,S005,確定,85963067,114408996
20230818,大広,クリエイティブ統括,第二営業部,推進課,2023,202308,2Q,400002,制作収入,S002,特別,231963278,270424051
20240322,読売広告社,クリエイティブ統括,経営企画部,開発課,2023,202403,4Q,100001,売上高,S004,見込,47419380,68319225
20230510,博報堂,メディア統括,メディアプランニング部,管理課,2023,202305,1Q,400003,コンサルティング収入,S003,調整,416641548,494727136
20240624,大広,管理統括,総務部,運用課,2024,202406,1Q,100002,売上原価,S001,通常,408335621,316893849
20250218,大広,クリエイティブ統括,経営企画部,第一課,2024,202502,4Q,100003,売上総利益,S001,通常,228280556,375147008
20241023,博報堂DYメディアパートナーズ,クリエイティブ統括,クリエイティブ部,推進課,2024,202410,3Q,100003,売上総利益,S001,通常,90756771,116987331
20240113,博報堂プロダクツ,デジタル統括,財務経理部,企画課,2023,202401,4Q,500002,媒体社リベート,S001,通常,410790497,338851083
20231225,博報堂DYメディアパートナーズ,クリエイティブ統括,第一営業部,開発課,2023,202312,3Q,100002,売上原価,S001,通常,160192561,219126396
20231124,博報堂プロダクツ,デジタル統括,経営企画部,第一課,2023,202311,3Q,200002,経費,S002,特別,65892858,95158072
20240916,大広,クリエイティブ統括,財務経理部,第二課,2024,202409,2Q,400002,制作収入,S003,調整,314190656,380961199
20240513,読売広告社,メディア統括,経営企画部,第二課,2024,202405,1Q,300002,経常利益,S004,見込,602975749,456385568
20231216,博報堂,営業統括,デジタルマーケティング部,推進課,2023,202312,3Q,100002,売上原価,S004,見込,545108473,466394739
20240322,大広,メディア統括,制作部,第三課,2023,202403,4Q,100001,売上高,S005,確定,169319067,238360598
20230812,博報堂プロダクツ,メディア統括,第二営業部,企画課,2023,202308,2Q,400001,媒体手数料収入,S002,特別,193614086,233959973
20240504,大広,営業統括,総務部,第三課,2024,202405,1Q,100001,売上高,S003,調整,255159766,423734918
20231125,読売広告社,管理統括,第一営業部,開発課,2023,202311,3Q,500002,媒体社リベート,S002,特別,352174337,401551443
20230425,博報堂,メディア統括,メディアプランニング部,第一課,2023,202304,1Q,200001,人件費,S003,調整,470934764,451328112
20230807,大広,クリエイティブ統括,人事部,運用課,2023,202308,2Q,300002,経常利益,S002,特別,313591479,390416808
20240405,博報堂,デジタル統括,制作部,第二課,2024,202404,1Q,100003,売上総利益,S005,確定,409825894,368507755
20231215,博報堂,クリエイティブ統括,経営企画部,推進課,2023,202312,3Q,500001,広告主負担金,S001,通常,44912757,65779667
20240527,博報堂,クリエイティブ統括,デジタルマーケティング部,企画課,2024,202405,1Q,400003,コンサルティング収入,S001,通常,446479965,420564195
20250101,読売広告社,デジタル統括,制作部,第二課,2024,202501,4Q,200003,減価償却費,S002,特別,180004492,173911964
20231210,読売広告社,デジタル統括,財務経理部,第三課,2023,202312,3Q,500001,広告主負担金,S001,通常,136188143,111743580
20240127,博報堂プロダクツ,メディア統括,第一営業部,運用課,2023,202401,4Q,300002,経常利益,S004,見込,297366543,363591503
20231020,博報堂プロダクツ,デジタル統括,メディアプランニング部,管理課,2023,202310,3Q,100002,売上原価,S004,見込,286069765,380307071
20240708,博報堂DYメディアパートナーズ,管理統括,第二営業部,開発課,2024,202407,2Q,300002,経常利益,S001,通常,191571395,186159380
20240728,博報堂,管理統括,総務部,企画課,2024,202407,2Q,100002,売上原価,S004,見込,199824291,213706739
20240625,博報堂プロダクツ,メディア統括,デジタルマーケティング部,開発課,2024,202406,1Q,500001,広告主負担金,S003,調整,27382688,45514407
20240118,読売広告社,営業統括,人事部,開発課,2023,202401,4Q,200001,人件費,S002,特別,324203504,486015522
20250312,読売広告社,クリエイティブ統括,総務部,第一課,2024,202503,4Q,200002,経費,S001,通常,242967076,232802290
20241220,大広,メディア統括,第二営業部,第二課,2024,202412,3Q,200001,人件費,S004,見込,343635423,327108774
20250117,読売広告社,メディア統括,メディアプランニング部,管理課,2024,202501,4Q,500002,媒体社リベート,S004,見込,375392775,455496331
20250206,読売広告社,営業統括,デジタルマーケティング部,推進課,2024,202502,4Q,100002,売上原価,S003,調整,631534031,467469642
20240801,博報堂DYメディアパートナーズ,デジタル統括,財務経理部,第二課,2024,202408,2Q,400001,媒体手数料収入,S001,通常,1311001,1679987
20231120,読売広告社,デジタル統括,人事部,第三課,2023,202311,3Q,200002,経費,S002,特別,241311423,271275538
20241125,博報堂,クリエイティブ統括,メディアプランニング部,第一課,2024,202411,3Q,200003,減価償却費,S004,見込,30282712,31234330
20231102,読売広告社,営業統括,クリエイティブ部,管理課,2023,202311,3Q,200001,人件費,S003,調整,423252818,336135490
20241105,大広,管理統括,メディアプランニング部,第三課,2024,202411,3Q,100003,売上総利益,S002,特別,456816588,443236786
20240503,大広,営業統括,制作部,企画課,2024,202405,1Q,500001,広告主負担金,S005,確定,488459174,472549809
20230919,博報堂DYメディアパートナーズ,クリエイティブ統括,クリエイティブ部,管理課,2023,202309,2Q,400003,コンサルティング収入,S003,調整,379540960,485519805
20240817,大広,デジタル統括,第二営業部,開発課,2024,202408,2Q,200003,減価償却費,S005,確定,324129185,356049963
20230706,博報堂,クリエイティブ統括,デジタルマーケティング部,第三課,2023,202307,2Q,400002,制作収入,S005,確定,143625265,182536395
20250124,読売広告社,クリエイティブ統括,人事部,管理課,2024,202501,4Q,100003,売上総利益,S002,特別,97052047,75860040
20240318,読売広告社,管理統括,人事部,運用課,2023,202403,4Q,100002,売上原価,S004,見込,293047137,343345482
20241203,大広,管理統括,第一営業部,第三課,2024,202412,3Q,100003,売上総利益,S004,見込,169692633,253085885
20240718,博報堂DYメディアパートナーズ,メディア統括,総務部,第二課,2024,202407,2Q,300002,経常利益,S001,通常,213404640,347588043
20241212,大広,クリエイティブ統括,第一営業部,第二課,2024,202412,3Q,100001,売上高,S005,確定,354944967,419283021
20230817,大広,クリエイティブ統括,クリエイティブ部,企画課,2023,202308,2Q,400001,媒体手数料収入,S005,確定,357139249,404206363
20241106,読売広告社,クリエイティブ統括,経営企画部,推進課,2024,202411,3Q,200002,経費,S003,調整,418893812,442749429
20240104,博報堂プロダクツ,クリエイティブ統括,メディアプランニング部,開発課,2023,202401,4Q,400001,媒体手数料収入,S003,調整,224308836,196765192
20230718,博報堂,営業統括,総務部,開発課,2023,202307,2Q,400003,コンサルティング収入,S003,調整,576456559,429307655
20241123,博報堂,デジタル統括,第一営業部,管理課,2024,202411,3Q,300002,経常利益,S001,通常,203759065,311896959
20240120,博報堂,クリエイティブ統括,メディアプランニング部,管理課,2023,202401,4Q,100001,売上高,S001,通常,510789069,371730223
20230506,博報堂DYメディアパートナーズ,管理統括,総務部,第三課,2023,202305,1Q,200001,人件費,S003,調整,81929166,111188851
20230509,博報堂プロダクツ,メディア統括,第二営業部,管理課,2023,202305,1Q,100003,売上総利益,S001,通常,190427709,188471590
20241205,博報堂,デジタル統括,経営企画部,第二課,2024,202412,3Q,300002,経常利益,S002,特別,281481784,225163827
20231217,博報堂,クリエイティブ統括,クリエイティブ部,推進課,2023,202312,3Q,500002,媒体社リベート,S001,通常,204416704,264271660
20240101,大広,デジタル統括,第一営業部,推進課,2023,202401,4Q,500002,媒体社リベート,S001,通常,32983948,23734230
20231006,博報堂プロダクツ,メディア統括,制作部,管理課,2023,202310,3Q,200001,人件費,S002,特別,245182811,177861104
20241114,博報堂プロダクツ,営業統括,総務部,管理課,2024,202411,3Q,200001,人件費,S003,調整,267941809,212772539
20230510,博報堂,デジタル統括,第一営業部,第一課,2023,202305,1Q,400002,制作収入,S005,確定,294896326,279358961
20231203,大広,営業統括,メディアプランニング部,第二課,2023,202312,3Q,200001,人件費,S004,見込,261043251,329121218
20230614,博報堂プロダクツ,デジタル統括,制作部,第一課,2023,202306,1Q,100002,売上原価,S003,調整,175677346,176147665
20230923,博報堂,営業統括,デジタルマーケティング部,推進課,2023,202309,2Q,500001,広告主負担金,S004,見込,285568230,443992374
20250303,大広,営業統括,第二営業部,第三課,2024,202503,4Q,300002,経常利益,S002,特別,139561732,171611822
20231101,博報堂,営業統括,財務経理部,運用課,2023,202311,3Q,200002,経費,S003,調整,33668975,29738976
20250119,博報堂DYメディアパートナーズ,管理統括,デジタルマーケティング部,運用課,2024,202501,4Q,100001,売上高,S003,調整,48480021,37680617
20230421,博報堂プロダクツ,デジタル統括,人事部,第二課,2023,202304,1Q,300002,経常利益,S001,通常,50270446,81090583
20231124,読売広告社,営業統括,デジタルマーケティング部,企画課,2023,202311,3Q,100003,売上総利益,S004,見込,139669581,110861396
20230726,博報堂,営業統括,デジタルマーケティング部,第二課,2023,202307,2Q,400001,媒体手数料収入,S001,通常,285117175,218053338
20230505,読売広告社,クリエイティブ統括,総務部,第一課,2023,202305,1Q,100003,売上総利益,S003,調整,199528232,285263102
20231202,博報堂プロダクツ,営業統括,メディアプランニング部,推進課,2023,202312,3Q,500002,媒体社リベート,S004,見込,79420194,126795258
20241218,博報堂プロダクツ,管理統括,経営企画部,第一課,2024,202412,3Q,200002,経費,S005,確定,84862936,114879182
20230918,読売広告社,クリエイティブ統括,クリエイティブ部,管理課,2023,202309,2Q,400003,コンサルティング収入,S001,通常,293497650,225622336
20240815,読売広告社,営業統括,人事部,管理課,2024,202408,2Q,100003,売上総利益,S005,確定,47420020,49685788
20230710,大広,デジタル統括,第二営業部,開発課,2023,202307,2Q,200001,人件費,S003,調整,384954674,470402326
20240820,大広,営業統括,制作部,企画課,2024,202408,2Q,500002,媒体社リベート,S002,特別,63608310,63581606
20240103,大広,営業統括,財務経理部,管理課,2023,202401,4Q,200002,経費,S001,通常,89461628,72511316
20250317,大広,メディア統括,第二営業部,第二課,2024,202503,4Q,500002,媒体社リベート,S004,見込,402133115,448144838
20250121,博報堂DYメディアパートナーズ,デジタル統括,第二営業部,開発課,2024,202501,4Q,100001,売上高,S001,通常,99425655,77659024
20240805,大広,デジタル統括,経営企画部,第二課,2024,202408,2Q,100003,売上総利益,S003,調整,288137296,254972938
20230702,大広,管理統括,経営企画部,開発課,2023,202307,2Q,500001,広告主負担金,S005,確定,437158601,476204839
20230927,博報堂,クリエイティブ統括,経営企画部,第三課,2023,202309,2Q,500002,媒体社リベート,S004,見込,385535334,453413086
20240706,博報堂プロダクツ,クリエイティブ統括,デジタルマーケティング部,第二課,2024,202407,2Q,100002,売上原価,S005,確定,33343445,47869095
20240104,博報堂DYメディアパートナーズ,管理統括,経営企画部,運用課,2023,202401,4Q,300001,営業利益,S001,通常,532015454,385648910
20250226,大広,メディア統括,制作部,推進課,2024,202502,4Q,100001,売上高,S003,調整,435442886,324306126
20230725,博報堂,デジタル統括,第一営業部,第一課,2023,202307,2Q,100001,売上高,S005,確定,419906345,485253524
20240824,読売広告社,クリエイティブ統括,第二営業部,第三課,2024,202408,2Q,400002,制作収入,S003,調整,50273595,57608403
20240217,読売広告社,メディア統括,第二営業部,企画課,2023,202402,4Q,100003,売上総利益,S001,通常,455846187,483797373
20240907,博報堂プロダクツ,メディア統括,クリエイティブ部,推進課,2024,202409,2Q,400003,コンサルティング収入,S003,調整,199379087,203510164
20241119,大広,営業統括,制作部,推進課,2024,202411,3Q,100002,売上原価,S001,通常,437969661,428287632
20250208,博報堂DYメディアパートナーズ,デジタル統括,人事部,第三課,2024,202502,4Q,100001,売上高,S001,通常,210539131,273005329
20231011,読売広告社,管理統括,総務部,第二課,2023,202310,3Q,500002,媒体社リベート,S004,見込,431196377,378516989
20231013,博報堂,メディア統括,デジタルマーケティング部,管理課,2023,202310,3Q,400001,媒体手数料収入,S002,特別,317241893,319734965
20240709,博報堂,メディア統括,クリエイティブ部,第三課,2024,202407,2Q,400003,コンサルティング収入,S003,調整,13644242,21179269
20240122,読売広告社,クリエイティブ統括,経営企画部,第三課,2023,202401,4Q,200003,減価償却費,S004,見込,100481047,97413953
20240713,博報堂,管理統括,クリエイティブ部,第二課,2024,202407,2Q,200003,減価償却費,S003,調整,268315304,227497153
20240319,博報堂プロダクツ,管理統括,財務経理部,運用課,2023,202403,4Q,200003,減価償却費,S004,見込,106917565,79065317
20240905,読売広告社,営業統括,クリエイティブ部,第二課,2024,202409,2Q,400003,コンサルティング収入,S003,調整,378062392,287527910
20231223,博報堂プロダクツ,営業統括,経営企画部,第一課,2023,202312,3Q,200001,人件費,S001,通常,339475628,377163451
20250101,博報堂DYメディアパートナーズ,クリエイティブ統括,クリエイティブ部,運用課,2024,202501,4Q,100001,売上高,S003,調整,529041558,389467488
20240421,大広,管理統括,第一営業部,企画課,2024,202404,1Q,100003,売上総利益,S004,見込,96946745,71353800
20240415,博報堂プロダクツ,メディア統括,経営企画部,第二課,2024,202404,1Q,100002,売上原価,S005,確定,63466256,92494977
20241121,博報堂,管理統括,第二営業部,第三課,2024,202411,3Q,400003,コンサルティング収入,S002,特別,314677594,456675737
20231109,大広,営業統括,経営企画部,企画課,2023,202311,3Q,400003,コンサルティング収入,S004,見込,44734616,64727151
20230606,博報堂DYメディアパートナーズ,営業統括,メディアプランニング部,企画課,2023,202306,1Q,100002,売上原価,S004,見込,458254686,372981876
20240805,博報堂DYメディアパートナーズ,デジタル統括,第一営業部,運用課,2024,202408,2Q,300002,経常利益,S003,調整,117289297,156910166
20231121,博報堂DYメディアパートナーズ,管理統括,メディアプランニング部,管理課,2023,202311,3Q,300002,経常利益,S004,見込,149366833,119951634
20231018,博報堂DYメディアパートナーズ,営業統括,第一営業部,推進課,2023,202310,3Q,100002,売上原価,S003,調整,581351320,494086867
20240618,博報堂DYメディアパートナーズ,メディア統括,クリエイティブ部,第一課,2024,202406,1Q,200003,減価償却費,S002,特別,268630494,244348316
20240307,博報堂プロダクツ,メディア統括,人事部,運用課,2023,202403,4Q,200003,減価償却費,S002,特別,248501721,200522795
20241017,読売広告社,クリエイティブ統括,メディアプランニング部,開発課,2024,202410,3Q,200002,経費,S002,特別,532727510,406572872
20231220,大広,管理統括,第二営業部,推進課,2023,202312,3Q,400002,制作収入,S004,見込,364865740,309731286
20230509,博報堂DYメディアパートナーズ,営業統括,第一営業部,開発課,2023,202305,1Q,100002,売上原価,S003,調整,411881598,323788514
20240718,博報堂DYメディアパートナーズ,クリエイティブ統括,総務部,開発課,2024,202407,2Q,100003,売上総利益,S004,見込,368557528,399177333
20250215,大広,クリエイティブ統括,財務経理部,第三課,2024,202502,4Q,400002,制作収入,S005,確定,280324991,307434968
20231214,博報堂,デジタル統括,総務部,開発課,2023,202312,3Q,500001,広告主負担金,S005,確定,25738357,33109353
20230827,読売広告社,クリエイティブ統括,総務部,推進課,2023,202308,2Q,400003,コンサルティング収入,S002,特別,28879528,39072556
20240527,博報堂プロダクツ,メディア統括,デジタルマーケティング部,開発課,2024,202405,1Q,300001,営業利益,S002,特別,189280516,138426493
20231004,博報堂,管理統括,人事部,第三課,2023,202310,3Q,100001,売上高,S002,特別,49682262,70500979
20230713,読売広告社,メディア統括,経営企画部,開発課,2023,202307,2Q,200003,減価償却費,S002,特別,141455402,117920799
20240706,大広,営業統括,総務部,第二課,2024,202407,2Q,200001,人件費,S004,見込,290731919,289630090
20230616,博報堂DYメディアパートナーズ,デジタル統括,デジタルマーケティング部,運用課,2023,202306,1Q,100001,売上高,S005,確定,10153721,11796950
20241026,博報堂プロダクツ,クリエイティブ統括,総務部,第三課,2024,202410,3Q,200003,減価償却費,S005,確定,50394109,57306766
20230718,博報堂,営業統括,クリエイティブ部,開発課,2023,202307,2Q,200001,人件費,S004,見込,84469804,130363821
20230602,博報堂プロダクツ,メディア統括,総務部,開発課,2023,202306,1Q,500002,媒体社リベート,S002,特別,243354351,331824021
20230523,博報堂プロダクツ,クリエイティブ統括,メディアプランニング部,運用課,2023,202305,1Q,200002,経費,S005,確定,242092838,347066099
20250123,博報堂,デジタル統括,人事部,第一課,2024,202501,4Q,300001,営業利益,S001,通常,318629962,311230531
20240913,博報堂,管理統括,財務経理部,第一課,2024,202409,2Q,200002,経費,S005,確定,464913250,446062294
20241215,大広,管理統括,人事部,管理課,2024,202412,3Q,200003,減価償却費,S002,特別,195810309,167913111
20240809,博報堂,管理統括,第一営業部,開発課,2024,202408,2Q,300002,経常利益,S002,特別,590647232,489814489
20241124,読売広告社,営業統括,制作部,開発課,2024,202411,3Q,300001,営業利益,S003,調整,198184860,276174429
20240711,大広,メディア統括,財務経理部,第三課,2024,202407,2Q,400001,媒体手数料収入,S005,確定,349983941,405990491
20240511,博報堂プロダクツ,デジタル統括,経営企画部,第二課,2024,202405,1Q,300001,営業利益,S004,見込,120548600,118468914
20230721,博報堂,クリエイティブ統括,第一営業部,第二課,2023,202307,2Q,500002,媒体社リベート,S002,特別,405338234,402137175
20230623,博報堂DYメディアパートナーズ,管理統括,財務経理部,開発課,2023,202306,1Q,100001,売上高,S005,確定,398202593,365205959
20250318,読売広告社,管理統括,クリエイティブ部,運用課,2024,202503,4Q,100001,売上高,S001,通常,407140843,479068674
20240303,読売広告社,メディア統括,第一営業部,第三課,2023,202403,4Q,500001,広告主負担金,S001,通常,49602115,37299991
20241218,博報堂プロダクツ,デジタル統括,デジタルマーケティング部,第一課,2024,202412,3Q,100001,売上高,S002,特別,2555527,2465215
20230814,博報堂DYメディアパートナーズ,管理統括,第二営業部,第一課,2023,202308,2Q,400002,制作収入,S002,特別,600823773,459614876
20250214,大広,メディア統括,クリエイティブ部,企画課,2024,202502,4Q,200001,人件費,S005,確定,210867271,158709606
20240113,博報堂,メディア統括,メディアプランニング部,推進課,2023,202401,4Q,400001,媒体手数料収入,S003,調整,31822989,37424202
20240309,読売広告社,デジタル統括,メディアプランニング部,開発課,2023,202403,4Q,200003,減価償却費,S002,特別,133624338,197505877
20250225,読売広告社,管理統括,第一営業部,第一課,2024,202502,4Q,100003,売上総利益,S004,見込,176212801,233557951
20250322,読売広告社,管理統括,制作部,第一課,2024,202503,4Q,300001,営業利益,S002,特別,152051945,151027196
20231121,読売広告社,営業統括,メディアプランニング部,運用課,2023,202311,3Q,400001,媒体手数料収入,S005,確定,289033401,320179860
20240113,大広,メディア統括,人事部,第二課,2023,202401,4Q,300001,営業利益,S004,見込,441317054,449724713
20231021,博報堂プロダクツ,営業統括,メディアプランニング部,企画課,2023,202310,3Q,500001,広告主負担金,S004,見込,337191802,481858546
20240420,大広,管理統括,第一営業部,推進課,2024,202404,1Q,100002,売上原価,S005,確定,497915802,381024272
20240415,博報堂プロダクツ,メディア統括,総務部,企画課,2024,202404,1Q,400003,コンサルティング収入,S001,通常,331837845,325242688
20230405,博報堂DYメディアパートナーズ,メディア統括,第一営業部,運用課,2023,202304,1Q,200003,減価償却費,S001,通常,91169073,67942564
20230708,博報堂,デジタル統括,経営企画部,第二課,2023,202307,2Q,400003,コンサルティング収入,S003,調整,153143655,152382150
20250317,博報堂,メディア統括,総務部,第二課,2024,202503,4Q,400003,コンサルティング収入,S002,特別,121056698,171627510
20230825,博報堂DYメディアパートナーズ,デジタル統括,総務部,第一課,2023,202308,2Q,200003,減価償却費,S005,確定,272477148,227421775
20240925,大広,営業統括,人事部,推進課,2024,202409,2Q,400003,コンサルティング収入,S003,調整,1666073,1941498
20241206,読売広告社,デジタル統括,デジタルマーケティング部,推進課,2024,202412,3Q,400002,制作収入,S003,調整,84668634,75160309
20230507,大広,管理統括,人事部,運用課,2023,202305,1Q,400001,媒体手数料収入,S003,調整,235487537,284526142
20240528,博報堂プロダクツ,営業統括,第二営業部,運用課,2024,202405,1Q,300001,営業利益,S002,特別,67717154,66893965
20240521,博報堂DYメディアパートナーズ,メディア統括,メディアプランニング部,第二課,2024,202405,1Q,200002,経費,S004,見込,107761429,106574940
20230517,大広,クリエイティブ統括,人事部,第一課,2023,202305,1Q,400003,コンサルティング収入,S003,調整,122748617,166736702
20240511,博報堂,デジタル統括,総務部,企画課,2024,202405,1Q,400002,制作収入,S004,見込,116450695,125138005
20230503,読売広告社,メディア統括,総務部,推進課,2023,202305,1Q,400003,コンサルティング収入,S003,調整,166266404,150972489
20231116,博報堂,クリエイティブ統括,クリエイティブ部,開発課,2023,202311,3Q,100003,売上総利益,S004,見込,414402715,309763380
20250118,大広,メディア統括,財務経理部,第二課,2024,202501,4Q,300001,営業利益,S005,確定,38235414,35131686
20240706,博報堂プロダクツ,メディア統括,メディアプランニング部,推進課,2024,202407,2Q,400001,媒体手数料収入,S003,調整,415619349,456671961
20230515,博報堂,クリエイティブ統括,総務部,企画課,2023,202305,1Q,100001,売上高,S001,通常,607320309,438094740
20240426,大広,デジタル統括,第二営業部,第一課,2024,202404,1Q,200003,減価償却費,S003,調整,14957692,14059140
20231112,博報堂プロダクツ,デジタル統括,人事部,第三課,2023,202311,3Q,400003,コンサルティング収入,S001,通常,70697551,112860977
20230603,博報堂,クリエイティブ統括,経営企画部,企画課,2023,202306,1Q,200003,減価償却費,S001,通常,472981335,410988248
20231014,博報堂,クリエイティブ統括,第一営業部,運用課,2023,202310,3Q,100003,売上総利益,S003,調整,299504565,320889404
20240805,博報堂DYメディアパートナーズ,管理統括,経営企画部,推進課,2024,202408,2Q,500002,媒体社リベート,S004,見込,37729983,43555545
20231025,博報堂,営業統括,経営企画部,推進課,2023,202310,3Q,200003,減価償却費,S003,調整,52391370,80629091
20230709,博報堂DYメディアパートナーズ,メディア統括,経営企画部,開発課,2023,202307,2Q,100002,売上原価,S005,確定,341321666,306742359
20230517,大広,クリエイティブ統括,財務経理部,推進課,2023,202305,1Q,300001,営業利益,S002,特別,400382261,421464157
20240126,博報堂,営業統括,メディアプランニング部,第三課,2023,202401,4Q,300002,経常利益,S005,確定,201189625,265774273
20231123,読売広告社,クリエイティブ統括,総務部,第二課,2023,202311,3Q,400001,媒体手数料収入,S005,確定,155894814,140557579
20241026,博報堂DYメディアパートナーズ,メディア統括,総務部,開発課,2024,202410,3Q,200002,経費,S001,通常,10048290,14811194
20250311,読売広告社,営業統括,財務経理部,第三課,2024,202503,4Q,500001,広告主負担金,S003,調整,279505876,222302126
20240222,博報堂プロダクツ,営業統括,第一営業部,第一課,2023,202402,4Q,200003,減価償却費,S004,見込,73146796,109360723
20230802,大広,デジタル統括,第一営業部,開発課,2023,202308,2Q,400001,媒体手数料収入,S003,調整,278635163,249082021
20250202,読売広告社,営業統括,クリエイティブ部,推進課,2024,202502,4Q,300002,経常利益,S004,見込,122802950,189312848
20241020,博報堂DYメディアパートナーズ,営業統括,クリエイティブ部,第一課,2024,202410,3Q,100002,売上原価,S002,特別,580583871,429309337
20231210,大広,メディア統括,メディアプランニング部,第三課,2023,202312,3Q,400001,媒体手数料収入,S001,通常,190453161,210303001
20230609,博報堂DYメディアパートナーズ,管理統括,経営企画部,運用課,2023,202306,1Q,300001,営業利益,S001,通常,441179895,387462860
20241112,博報堂プロダクツ,メディア統括,クリエイティブ部,第一課,2024,202411,3Q,200002,経費,S005,確定,209521536,232966982
20231226,博報堂プロダクツ,メディア統括,総務部,開発課,2023,202312,3Q,300002,経常利益,S001,通常,318309666,335192797
20231101,博報堂プロダクツ,クリエイティブ統括,メディアプランニング部,第一課,2023,202311,3Q,500001,広告主負担金,S004,見込,348412766,365587945
20231119,博報堂プロダクツ,デジタル統括,財務経理部,第二課,2023,202311,3Q,400001,媒体手数料収入,S003,調整,433967146,324867103
20240625,博報堂プロダクツ,デジタル統括,人事部,第三課,2024,202406,1Q,100003,売上総利益,S003,調整,559750711,411151264
20241113,博報堂,営業統括,制作部,管理課,2024,202411,3Q,500001,広告主負担金,S001,通常,66586525,75041688
20250327,読売広告社,管理統括,第二営業部,第二課,2024,202503,4Q,400003,コンサルティング収入,S003,調整,61706176,69553875
20240220,博報堂DYメディアパートナーズ,クリエイティブ統括,第二営業部,第三課,2023,202402,4Q,500001,広告主負担金,S003,調整,134147415,105697268
20230925,大広,クリエイティブ統括,制作部,推進課,2023,202309,2Q,400001,媒体手数料収入,S005,確定,344357806,247115633
20230706,博報堂,管理統括,第二営業部,企画課,2023,202307,2Q,300002,経常利益,S003,調整,56943094,60769659
20230705,博報堂,メディア統括,人事部,開発課,2023,202307,2Q,300001,営業利益,S002,特別,143975139,224344672
20241010,読売広告社,クリエイティブ統括,人事部,第三課,2024,202410,3Q,100001,売上高,S002,特別,444086911,470178021
20240716,博報堂,管理統括,制作部,管理課,2024,202407,2Q,100003,売上総利益,S003,調整,101037588,91202853
20231113,読売広告社,クリエイティブ統括,クリエイティブ部,運用課,2023,202311,3Q,200002,経費,S002,特別,104348327,76132431
20230423,博報堂DYメディアパートナーズ,メディア統括,経営企画部,推進課,2023,202304,1Q,500001,広告主負担金,S001,通常,413186001,404443709
20231109,読売広告社,デジタル統括,経営企画部,管理課,2023,202311,3Q,300001,営業利益,S004,見込,135784196,106815475
20230720,大広,クリエイティブ統括,財務経理部,開発課,2023,202307,2Q,200001,人件費,S002,特別,416714754,324417964
20230623,博報堂,営業統括,総務部,第三課,2023,202306,1Q,500001,広告主負担金,S002,特別,15972695,14799442
20240125,博報堂DYメディアパートナーズ,営業統括,第二営業部,開発課,2023,202401,4Q,100001,売上高,S004,見込,127113062,123905713
20240217,博報堂DYメディアパートナーズ,営業統括,クリエイティブ部,管理課,2023,202402,4Q,400001,媒体手数料収入,S003,調整,517519254,478400633
20230528,大広,クリエイティブ統括,経営企画部,第一課,2023,202305,1Q,400003,コンサルティング収入,S005,確定,129617160,215111175
20240524,大広,営業統括,人事部,開発課,2024,202405,1Q,400002,制作収入,S002,特別,101937512,84107949
20240917,大広,デジタル統括,デジタルマーケティング部,開発課,2024,202409,2Q,200002,経費,S001,通常,138236856,126362840
20240617,大広,営業統括,メディアプランニング部,運用課,2024,202406,1Q,200001,人件費,S005,確定,249695652,412463295
20240509,大広,デジタル統括,クリエイティブ部,開発課,2024,202405,1Q,300002,経常利益,S004,見込,154799637,239697419
20230510,博報堂DYメディアパートナーズ,営業統括,経営企画部,第三課,2023,202305,1Q,100001,売上高,S003,調整,380391969,275859929
20231217,博報堂,管理統括,経営企画部,企画課,2023,202312,3Q,200003,減価償却費,S004,見込,493230015,489380627
20250316,博報堂プロダクツ,営業統括,人事部,管理課,2024,202503,4Q,100003,売上総利益,S002,特別,10798549,11316794
20240826,大広,管理統括,制作部,企画課,2024,202408,2Q,500001,広告主負担金,S003,調整,98827032,120063052
20240105,博報堂プロダクツ,メディア統括,制作部,企画課,2023,202401,4Q,400001,媒体手数料収入,S003,調整,403248134,421355403
20241228,大広,メディア統括,デジタルマーケティング部,第一課,2024,202412,3Q,200001,人件費,S005,確定,305192651,229273922
20240804,博報堂DYメディアパートナーズ,デジタル統括,第二営業部,第二課,2024,202408,2Q,300001,営業利益,S003,調整,477311267,457608140
20240113,博報堂プロダクツ,クリエイティブ統括,総務部,管理課,2023,202401,4Q,200003,減価償却費,S005,確定,293559112,342702317
20240414,読売広告社,デジタル統括,制作部,管理課,2024,202404,1Q,400001,媒体手数料収入,S003,調整,225628444,309808088
20240509,大広,営業統括,第一営業部,第一課,2024,202405,1Q,400002,制作収入,S001,通常,513348609,444415805
20240727,大広,クリエイティブ統括,総務部,企画課,2024,202407,2Q,100002,売上原価,S005,確定,289275486,291570357
20230913,博報堂DYメディアパートナーズ,クリエイティブ統括,財務経理部,推進課,2023,202309,2Q,300001,営業利益,S001,通常,569610291,445877072
20230905,博報堂プロダクツ,メディア統括,財務経理部,企画課,2023,202309,2Q,100001,売上高,S002,特別,480981596,372039461
20240224,大広,管理統括,メディアプランニング部,推進課,2023,202402,4Q,400003,コンサルティング収入,S003,調整,183141286,170184471
20231211,読売広告社,管理統括,第二営業部,第三課,2023,202312,3Q,100001,売上高,S001,通常,244997759,185752417
20231001,博報堂プロダクツ,メディア統括,第一営業部,開発課,2023,202310,3Q,300001,営業利益,S002,特別,19289973,31999314
20240503,博報堂DYメディアパートナーズ,メディア統括,総務部,第一課,2024,202405,1Q,100002,売上原価,S001,通常,46216852,48753596
20240916,博報堂DYメディアパートナーズ,デジタル統括,財務経理部,第二課,2024,202409,2Q,200003,減価償却費,S001,通常,33650686,24462826
20250317,博報堂,管理統括,経営企画部,第一課,2024,202503,4Q,100003,売上総利益,S005,確定,18779525,13905645
20240501,博報堂,デジタル統括,財務経理部,第二課,2024,202405,1Q,400002,制作収入,S002,特別,322101434,239333442
20240821,博報堂DYメディアパートナーズ,管理統括,経営企画部,第三課,2024,202408,2Q,400002,制作収入,S004,見込,393280541,381436741
20230508,博報堂DYメディアパートナーズ,営業統括,経営企画部,管理課,2023,202305,1Q,100001,売上高,S005,確定,102808004,138963156
20231014,読売広告社,営業統括,人事部,第一課,2023,202310,3Q,400003,コンサルティング収入,S004,見込,505595940,368658233
20230423,博報堂,営業統括,総務部,第二課,2023,202304,1Q,400002,制作収入,S002,特別,149111391,131962538
20231201,博報堂,デジタル統括,人事部,第三課,2023,202312,3Q,400003,コンサルティング収入,S003,調整,76293222,104574128
20250322,博報堂DYメディアパートナーズ,メディア統括,制作部,企画課,2024,202503,4Q,100003,売上総利益,S004,見込,280008706,381212194
20241024,博報堂プロダクツ,管理統括,デジタルマーケティング部,企画課,2024,202410,3Q,400003,コンサルティング収入,S002,特別,481290765,453358439
20230728,博報堂プロダクツ,クリエイティブ統括,制作部,企画課,2023,202307,2Q,200001,人件費,S004,見込,368441054,464306759
20230809,博報堂,デジタル統括,クリエイティブ部,企画課,2023,202308,2Q,200003,減価償却費,S004,見込,87724920,77366064
20240621,読売広告社,クリエイティブ統括,第二営業部,推進課,2024,202406,1Q,500001,広告主負担金,S003,調整,287546568,231589058
20240704,読売広告社,メディア統括,メディアプランニング部,企画課,2024,202407,2Q,400003,コンサルティング収入,S003,調整,118181822,171127108
20240402,読売広告社,クリエイティブ統括,経営企画部,第二課,2024,202404,1Q,200001,人件費,S001,通常,48661165,67125919
20250101,読売広告社,デジタル統括,クリエイティブ部,推進課,2024,202501,4Q,300001,営業利益,S002,特別,149275883,242877139
20231119,大広,管理統括,デジタルマーケティング部,運用課,2023,202311,3Q,400002,制作収入,S005,確定,209632530,186670074
20230719,博報堂DYメディアパートナーズ,営業統括,第一営業部,開発課,2023,202307,2Q,300001,営業利益,S005,確定,96339434,91549513
20241119,大広,クリエイティブ統括,制作部,運用課,2024,202411,3Q,300002,経常利益,S001,通常,80048238,68506294
20241214,博報堂,クリエイティブ統括,人事部,管理課,2024,202412,3Q,400002,制作収入,S003,調整,33024045,35725169
20230428,博報堂DYメディアパートナーズ,営業統括,クリエイティブ部,第二課,2023,202304,1Q,200001,人件費,S001,通常,104648404,106855760
20250214,読売広告社,営業統括,人事部,第一課,2024,202502,4Q,300001,営業利益,S001,通常,106235677,123052240
20250326,読売広告社,営業統括,クリエイティブ部,推進課,2024,202503,4Q,400002,制作収入,S003,調整,299870801,326100478
20240528,博報堂DYメディアパートナーズ,メディア統括,メディアプランニング部,企画課,2024,202405,1Q,500001,広告主負担金,S004,見込,159512870,198982053
20240308,博報堂プロダクツ,営業統括,第二営業部,管理課,2023,202403,4Q,100003,売上総利益,S002,特別,104671490,81348766
20240224,大広,営業統括,人事部,運用課,2023,202402,4Q,200002,経費,S005,確定,424502006,399746726
20231102,博報堂プロダクツ,メディア統括,クリエイティブ部,企画課,2023,202311,3Q,300002,経常利益,S004,見込,5078115,7429578
20240527,博報堂DYメディアパートナーズ,管理統括,第一営業部,推進課,2024,202405,1Q,400002,制作収入,S003,調整,421429178,354468274
20240608,読売広告社,メディア統括,人事部,推進課,2024,202406,1Q,100003,売上総利益,S004,見込,400598480,482791379
20250318,博報堂,メディア統括,デジタルマーケティング部,管理課,2024,202503,4Q,400003,コンサルティング収入,S002,特別,420570999,383735825
20240804,博報堂DYメディアパートナーズ,メディア統括,第一営業部,第一課,2024,202408,2Q,100003,売上総利益,S003,調整,94831732,139116755
20250113,大広,クリエイティブ統括,総務部,第二課,2024,202501,4Q,500001,広告主負担金,S001,通常,321886935,239263928
20241102,大広,デジタル統括,第二営業部,第二課,2024,202411,3Q,300002,経常利益,S004,見込,42331006,44061873
20241218,博報堂DYメディアパートナーズ,営業統括,第二営業部,第三課,2024,202412,3Q,100003,売上総利益,S005,確定,40940733,62117842
20231007,大広,クリエイティブ統括,第一営業部,管理課,2023,202310,3Q,100003,売上総利益,S001,通常,275462506,237702046
20230911,博報堂,管理統括,第一営業部,第三課,2023,202309,2Q,500002,媒体社リベート,S003,調整,402626525,337111133
20231010,読売広告社,管理統括,財務経理部,開発課,2023,202310,3Q,200003,減価償却費,S002,特別,422043398,499326950
20240306,博報堂プロダクツ,管理統括,メディアプランニング部,推進課,2023,202403,4Q,400003,コンサルティング収入,S002,特別,350928594,264371398
20240814,博報堂,メディア統括,メディアプランニング部,第二課,2024,202408,2Q,200002,経費,S005,確定,243410425,265020176
20240405,読売広告社,営業統括,メディアプランニング部,開発課,2024,202404,1Q,300002,経常利益,S005,確定,265892550,356038364
20241010,博報堂プロダクツ,デジタル統括,総務部,企画課,2024,202410,3Q,200003,減価償却費,S004,見込,203636470,154286657
20231020,大広,メディア統括,制作部,管理課,2023,202310,3Q,200003,減価償却費,S005,確定,150096250,203191268
20240817,博報堂DYメディアパートナーズ,メディア統括,クリエイティブ部,第一課,2024,202408,2Q,400002,制作収入,S001,通常,232952792,196136209
20241103,博報堂,営業統括,人事部,第一課,2024,202411,3Q,300001,営業利益,S002,特別,20787882,23036538
20231104,博報堂DYメディアパートナーズ,クリエイティブ統括,第一営業部,推進課,2023,202311,3Q,400002,制作収入,S005,確定,85194581,122454505
20250322,読売広告社,メディア統括,制作部,第三課,2024,202503,4Q,200001,人件費,S002,特別,81545957,61976072
20240214,大広,クリエイティブ統括,デジタルマーケティング部,推進課,2023,202402,4Q,500002,媒体社リベート,S005,確定,610461275,469014063
20230922,博報堂プロダクツ,営業統括,第二営業部,管理課,2023,202309,2Q,500001,広告主負担金,S003,調整,324348206,405630826
20231213,博報堂DYメディアパートナーズ,管理統括,第二営業部,第三課,2023,202312,3Q,400001,媒体手数料収入,S003,調整,81848107,73715541
20240808,大広,営業統括,経営企画部,第一課,2024,202408,2Q,100002,売上原価,S001,通常,646467961,476542049
20230618,博報堂DYメディアパートナーズ,管理統括,財務経理部,第三課,2023,202306,1Q,200003,減価償却費,S005,確定,311399686,255335990
20250217,博報堂DYメディアパートナーズ,クリエイティブ統括,経営企画部,第一課,2024,202502,4Q,400001,媒体手数料収入,S004,見込,48914264,37110463
20230517,博報堂,管理統括,メディアプランニング部,運用課,2023,202305,1Q,200002,経費,S003,調整,137139963,130754717
20240521,博報堂,営業統括,デジタルマーケティング部,管理課,2024,202405,1Q,400002,制作収入,S003,調整,138449395,202397913
20230704,読売広告社,デジタル統括,経営企画部,第二課,2023,202307,2Q,400001,媒体手数料収入,S003,調整,247585278,251173916
20241102,博報堂プロダクツ,営業統括,第二営業部,第二課,2024,202411,3Q,100001,売上高,S002,特別,368880652,333543949
20240216,読売広告社,デジタル統括,メディアプランニング部,管理課,2023,202402,4Q,200003,減価償却費,S003,調整,21400578,29923867
20241004,読売広告社,メディア統括,財務経理部,第三課,2024,202410,3Q,400001,媒体手数料収入,S004,見込,585307013,422276438
20231212,博報堂プロダクツ,営業統括,制作部,企画課,2023,202312,3Q,200003,減価償却費,S004,見込,180280795,154680866
20230521,大広,クリエイティブ統括,財務経理部,第二課,2023,202305,1Q,400002,制作収入,S003,調整,346003476,313221698
20230414,大広,営業統括,経営企画部,運用課,2023,202304,1Q,400003,コンサルティング収入,S003,調整,315344817,322570491
20250321,大広,メディア統括,第一営業部,運用課,2024,202503,4Q,300002,経常利益,S004,見込,138436910,129749949
20240118,博報堂DYメディアパートナーズ,デジタル統括,財務経理部,推進課,2023,202401,4Q,100001,売上高,S005,確定,369614976,431329444
20240204,博報堂プロダクツ,クリエイティブ統括,経営企画部,第二課,2023,202402,4Q,100001,売上高,S005,確定,190474273,182431889
20230610,博報堂DYメディアパートナーズ,クリエイティブ統括,総務部,管理課,2023,202306,1Q,400001,媒体手数料収入,S003,調整,510151043,391548399
20230404,博報堂DYメディアパートナーズ,管理統括,第一営業部,推進課,2023,202304,1Q,300002,経常利益,S002,特別,148642023,219528942
20240823,博報堂プロダクツ,管理統括,第二営業部,推進課,2024,202408,2Q,400003,コンサルティング収入,S004,見込,86854246,140055121
20241007,読売広告社,クリエイティブ統括,経営企画部,運用課,2024,202410,3Q,100001,売上高,S002,特別,70327827,70491494
20250122,博報堂,営業統括,総務部,管理課,2024,202501,4Q,500001,広告主負担金,S001,通常,503336160,382925481
20241225,大広,メディア統括,メディアプランニング部,管理課,2024,202412,3Q,100003,売上総利益,S004,見込,245555272,209542327
20231105,博報堂プロダクツ,デジタル統括,デジタルマーケティング部,管理課,2023,202311,3Q,200003,減価償却費,S003,調整,339326016,353736724
20240705,博報堂,メディア統括,制作部,開発課,2024,202407,2Q,100001,売上高,S003,調整,316463587,308316422
20250210,博報堂,デジタル統括,制作部,推進課,2024,202502,4Q,400003,コンサルティング収入,S001,通常,83049045,76176810
20250126,博報堂プロダクツ,メディア統括,経営企画部,管理課,2024,202501,4Q,300001,営業利益,S005,確定,13798932,16761185
20240613,大広,営業統括,人事部,第二課,2024,202406,1Q,200002,経費,S001,通常,429389025,424475143
20230515,大広,メディア統括,制作部,第三課,2023,202305,1Q,300002,経常利益,S003,調整,246573050,312111566
20230805,大広,営業統括,第二営業部,第二課,2023,202308,2Q,200001,人件費,S003,調整,168156916,219366148
20250102,読売広告社,デジタル統括,経営企画部,開発課,2024,202501,4Q,200003,減価償却費,S004,見込,117268138,178617246
20240801,博報堂プロダクツ,クリエイティブ統括,クリエイティブ部,第三課,2024,202408,2Q,100003,売上総利益,S005,確定,178826405,231158239
20230427,博報堂,営業統括,財務経理部,開発課,2023,202304,1Q,200002,経費,S001,通常,454403114,495061174
20230915,博報堂DYメディアパートナーズ,クリエイティブ統括,経営企画部,推進課,2023,202309,2Q,100003,売上総利益,S003,調整,83497567,68687842
20230707,読売広告社,メディア統括,人事部,推進課,2023,202307,2Q,200001,人件費,S001,通常,90767928,74394381
20240511,読売広告社,クリエイティブ統括,人事部,運用課,2024,202405,1Q,200002,経費,S002,特別,213261226,185475062
20240326,博報堂,管理統括,第一営業部,第一課,2023,202403,4Q,400002,制作収入,S002,特別,26293810,20401038
20240126,博報堂プロダクツ,管理統括,第二営業部,企画課,2023,202401,4Q,300001,営業利益,S001,通常,96701966,84805139
20240821,読売広告社,メディア統括,デジタルマーケティング部,推進課,2024,202408,2Q,200003,減価償却費,S005,確定,275341545,227015340
20240213,博報堂,管理統括,総務部,第二課,2023,202402,4Q,500001,広告主負担金,S001,通常,536636425,471597287
20240701,読売広告社,管理統括,財務経理部,運用課,2024,202407,2Q,200001,人件費,S001,通常,235521625,191997868
20250117,博報堂DYメディアパートナーズ,営業統括,デジタルマーケティング部,運用課,2024,202501,4Q,100003,売上総利益,S005,確定,275312894,234025492
20240801,博報堂プロダクツ,デジタル統括,デジタルマーケティング部,第三課,2024,202408,2Q,200003,減価償却費,S004,見込,218169906,280429892
20240828,読売広告社,デジタル統括,経営企画部,開発課,2024,202408,2Q,200001,人件費,S002,特別,95051453,90836914
20240108,博報堂,クリエイティブ統括,第一営業部,運用課,2023,202401,4Q,400003,コンサルティング収入,S005,確定,267777401,259298910
20230805,大広,デジタル統括,人事部,第三課,2023,202308,2Q,300001,営業利益,S001,通常,487116120,368256156
20230821,博報堂プロダクツ,営業統括,第一営業部,企画課,2023,202308,2Q,200002,経費,S005,確定,332168323,365585402
20230615,博報堂,クリエイティブ統括,総務部,運用課,2023,202306,1Q,200003,減価償却費,S003,調整,527677664,408900295
20240119,大広,管理統括,経営企画部,管理課,2023,202401,4Q,200001,人件費,S002,特別,367492428,376827178
20240708,大広,メディア統括,人事部,企画課,2024,202407,2Q,400002,制作収入,S003,調整,536231036,426245358
20231009,大広,クリエイティブ統括,財務経理部,開発課,2023,202310,3Q,500002,媒体社リベート,S001,通常,178695262,158984133
20240404,博報堂DYメディアパートナーズ,メディア統括,経営企画部,開発課,2024,202404,1Q,400001,媒体手数料収入,S003,調整,357286200,278136117
20240414,博報堂,メディア統括,デジタルマーケティング部,第三課,2024,202404,1Q,500001,広告主負担金,S005,確定,287915888,223330983
20231020,博報堂DYメディアパートナーズ,営業統括,第一営業部,推進課,2023,202310,3Q,300001,営業利益,S004,見込,77571273,114451481
20230613,博報堂,メディア統括,総務部,第三課,2023,202306,1Q,200003,減価償却費,S003,調整,45120262,37398805
20230926,博報堂DYメディアパートナーズ,営業統括,第二営業部,第三課,2023,202309,2Q,300002,経常利益,S005,確定,306151680,449775796
20240419,博報堂プロダクツ,クリエイティブ統括,制作部,運用課,2024,202404,1Q,100002,売上原価,S002,特別,161230599,248345035
20250115,博報堂プロダクツ,メディア統括,第二営業部,企画課,2024,202501,4Q,400003,コンサルティング収入,S001,通常,597124697,426765777
20241127,大広,デジタル統括,総務部,第二課,2024,202411,3Q,300001,営業利益,S004,見込,194021360,177476238
20250123,博報堂,クリエイティブ統括,クリエイティブ部,開発課,2024,202501,4Q,500002,媒体社リベート,S005,確定,218467098,269493052
20231208,大広,管理統括,第一営業部,企画課,2023,202312,3Q,500001,広告主負担金,S003,調整,415639332,465928641
20240818,博報堂,クリエイティブ統括,メディアプランニング部,第三課,2024,202408,2Q,300001,営業利益,S005,確定,15490900,24659129
20240407,博報堂プロダクツ,クリエイティブ統括,経営企画部,第一課,2024,202404,1Q,200001,人件費,S005,確定,451198968,461087443
20240418,読売広告社,クリエイティブ統括,第二営業部,開発課,2024,202404,1Q,400001,媒体手数料収入,S005,確定,516484977,374100549
20241111,大広,営業統括,人事部,推進課,2024,202411,3Q,200001,人件費,S005,確定,439009776,479306835
20241021,博報堂DYメディアパートナーズ,管理統括,第二営業部,第一課,2024,202410,3Q,100001,売上高,S004,見込,292058201,316078145
20240505,博報堂,メディア統括,第二営業部,管理課,2024,202405,1Q,200001,人件費,S002,特別,561764858,432831522
20230726,読売広告社,営業統括,制作部,第一課,2023,202307,2Q,300001,営業利益,S003,調整,121390463,94364185
20230505,読売広告社,クリエイティブ統括,制作部,管理課,2023,202305,1Q,100002,売上原価,S001,通常,310141915,302327564
20230725,博報堂プロダクツ,営業統括,人事部,第一課,2023,202307,2Q,300001,営業利益,S005,確定,243922361,210213271
20230924,大広,メディア統括,人事部,第三課,2023,202309,2Q,100002,売上原価,S005,確定,260772165,265916551
20231003,博報堂,クリエイティブ統括,人事部,運用課,2023,202310,3Q,100001,売上高,S002,特別,484010687,413669889
20241215,博報堂DYメディアパートナーズ,デジタル統括,総務部,第一課,2024,202412,3Q,200003,減価償却費,S005,確定,96236757,154610269
20240520,読売広告社,管理統括,人事部,運用課,2024,202405,1Q,400003,コンサルティング収入,S002,特別,82451396,131029648
20240608,博報堂DYメディアパートナーズ,メディア統括,第一営業部,第二課,2024,202406,1Q,500002,媒体社リベート,S002,特別,121529539,153600023
20240812,博報堂DYメディアパートナーズ,クリエイティブ統括,メディアプランニング部,運用課,2024,202408,2Q,200003,減価償却費,S005,確定,61988885,74448641
20240807,読売広告社,クリエイティブ統括,財務経理部,第二課,2024,202408,2Q,500001,広告主負担金,S002,特別,250206282,180512439
20240814,博報堂プロダクツ,メディア統括,総務部,開発課,2024,202408,2Q,500002,媒体社リベート,S005,確定,192323065,180445490
20230713,博報堂プロダクツ,デジタル統括,制作部,第一課,2023,202307,2Q,200001,人件費,S004,見込,35652230,48662358
20231009,博報堂プロダクツ,メディア統括,第二営業部,第二課,2023,202310,3Q,400001,媒体手数料収入,S004,見込,237167443,273920963
20240209,大広,営業統括,メディアプランニング部,第二課,2023,202402,4Q,100003,売上総利益,S001,通常,574241318,498266558
20231211,博報堂DYメディアパートナーズ,管理統括,人事部,運用課,2023,202312,3Q,400003,コンサルティング収入,S004,見込,203357066,321676757
20240508,博報堂プロダクツ,管理統括,制作部,推進課,2024,202405,1Q,300001,営業利益,S001,通常,94703312,82251180
20240505,博報堂,クリエイティブ統括,クリエイティブ部,第三課,2024,202405,1Q,200003,減価償却費,S004,見込,168322480,153074100
20250220,読売広告社,クリエイティブ統括,クリエイティブ部,管理課,2024,202502,4Q,400001,媒体手数料収入,S001,通常,105860002,129444719
20230902,博報堂DYメディアパートナーズ,クリエイティブ統括,制作部,推進課,2023,202309,2Q,500002,媒体社リベート,S004,見込,303085418,368805790
20250101,博報堂,メディア統括,第一営業部,第二課,2024,202501,4Q,100001,売上高,S003,調整,264408617,318485545
20240814,大広,営業統括,制作部,第二課,2024,202408,2Q,200003,減価償却費,S005,確定,335719535,367171557
20240805,博報堂,クリエイティブ統括,総務部,第三課,2024,202408,2Q,400001,媒体手数料収入,S001,通常,576675183,439653218
20240525,大広,管理統括,メディアプランニング部,第二課,2024,202405,1Q,300001,営業利益,S001,通常,63408289,66769866
20250310,大広,管理統括,クリエイティブ部,第二課,2024,202503,4Q,200002,経費,S002,特別,36863932,42630273
20230405,読売広告社,クリエイティブ統括,人事部,第一課,2023,202304,1Q,200003,減価償却費,S004,見込,82008013,105029836
20240124,博報堂プロダクツ,営業統括,経営企画部,第一課,2023,202401,4Q,400002,制作収入,S001,通常,200028692,156585732
20240228,大広,デジタル統括,総務部,第一課,2023,202402,4Q,200003,減価償却費,S001,通常,100430150,102681278
20230507,博報堂プロダクツ,デジタル統括,メディアプランニング部,開発課,2023,202305,1Q,200003,減価償却費,S002,特別,292147902,395821002
20231016,博報堂プロダクツ,クリエイティブ統括,制作部,企画課,2023,202310,3Q,100001,売上高,S001,通常,39583774,50584457
20230908,大広,営業統括,財務経理部,第三課,2023,202309,2Q,400003,コンサルティング収入,S004,見込,59235248,67809558
20230625,読売広告社,管理統括,第一営業部,第二課,2023,202306,1Q,400001,媒体手数料収入,S002,特別,226640835,168877463
20240412,大広,クリエイティブ統括,財務経理部,第二課,2024,202404,1Q,300002,経常利益,S001,通常,204595264,244725953
20240127,読売広告社,メディア統括,メディアプランニング部,第二課,2023,202401,4Q,100002,売上原価,S001,通常,194914187,189541735
20240507,博報堂DYメディアパートナーズ,営業統括,デジタルマーケティング部,管理課,2024,202405,1Q,200001,人件費,S003,調整,32791303,30764752
20240411,博報堂DYメディアパートナーズ,営業統括,人事部,推進課,2024,202404,1Q,200002,経費,S002,特別,535495219,402961219
20240218,大広,デジタル統括,制作部,第二課,2023,202402,4Q,200001,人件費,S003,調整,307548811,483380992
20230710,博報堂,デジタル統括,総務部,企画課,2023,202307,2Q,400001,媒体手数料収入,S004,見込,177180993,208823089
20240125,博報堂,デジタル統括,総務部,推進課,2023,202401,4Q,500001,広告主負担金,S001,通常,75459086,54365444
20240907,博報堂DYメディアパートナーズ,管理統括,メディアプランニング部,開発課,2024,202409,2Q,500001,広告主負担金,S005,確定,163600912,245832971
20230714,博報堂DYメディアパートナーズ,デジタル統括,クリエイティブ部,管理課,2023,202307,2Q,200001,人件費,S003,調整,239201642,205315366
20240508,博報堂DYメディアパートナーズ,クリエイティブ統括,デジタルマーケティング部,推進課,2024,202405,1Q,100001,売上高,S003,調整,616751989,445695798
20230811,博報堂DYメディアパートナーズ,メディア統括,デジタルマーケティング部,開発課,2023,202308,2Q,400003,コンサルティング収入,S003,調整,596516136,493785008
20231206,読売広告社,デジタル統括,第二営業部,第二課,2023,202312,3Q,400002,制作収入,S002,特別,208355740,323391886
20230814,博報堂DYメディアパートナーズ,デジタル統括,クリエイティブ部,第一課,2023,202308,2Q,400002,制作収入,S002,特別,233497253,207220139
20231023,博報堂DYメディアパートナーズ,管理統括,制作部,運用課,2023,202310,3Q,100003,売上総利益,S002,特別,377507685,279301893
20231202,大広,管理統括,第一営業部,第三課,2023,202312,3Q,300002,経常利益,S003,調整,172871516,204626060
20230918,大広,営業統括,クリエイティブ部,開発課,2023,202309,2Q,500001,広告主負担金,S002,特別,14064458,21454623
20230405,大広,クリエイティブ統括,経営企画部,運用課,2023,202304,1Q,100002,売上原価,S005,確定,90170787,112761940
20240621,博報堂DYメディアパートナーズ,管理統括,第一営業部,運用課,2024,202406,1Q,500001,広告主負担金,S004,見込,350053282,463725669
20250201,読売広告社,管理統括,人事部,運用課,2024,202502,4Q,400002,制作収入,S003,調整,509282113,370503805
20241104,博報堂DYメディアパートナーズ,デジタル統括,財務経理部,第三課,2024,202411,3Q,400003,コンサルティング収入,S001,通常,164824722,191100810
20240324,博報堂DYメディアパートナーズ,メディア統括,第二営業部,運用課,2023,202403,4Q,300001,営業利益,S001,通常,85922459,68539244
20240303,博報堂,メディア統括,メディアプランニング部,運用課,2023,202403,4Q,400003,コンサルティング収入,S002,特別,410174252,312145897
20240614,博報堂DYメディアパートナーズ,クリエイティブ統括,総務部,運用課,2024,202406,1Q,300002,経常利益,S003,調整,470698982,482634766
20230811,読売広告社,営業統括,第二営業部,推進課,2023,202308,2Q,100002,売上原価,S002,特別,105143608,101665242
20240417,大広,デジタル統括,人事部,第二課,2024,202404,1Q,100001,売上高,S004,見込,233674567,252050287
20240805,博報堂,メディア統括,制作部,運用課,2024,202408,2Q,100001,売上高,S002,特別,523201670,383746899
20231128,博報堂,メディア統括,人事部,推進課,2023,202311,3Q,500001,広告主負担金,S003,調整,22698934,19596557
20250313,博報堂プロダクツ,クリエイティブ統括,第二営業部,運用課,2024,202503,4Q,400001,媒体手数料収入,S003,調整,344166154,439703812
20241113,博報堂DYメディアパートナーズ,デジタル統括,第一営業部,第二課,2024,202411,3Q,400002,制作収入,S004,見込,126101074,98574320
20241008,博報堂DYメディアパートナーズ,メディア統括,総務部,第一課,2024,202410,3Q,400003,コンサルティング収入,S002,特別,635117022,496283529
20230904,読売広告社,営業統括,制作部,開発課,2023,202309,2Q,300001,営業利益,S005,確定,18339174,22006194
20230906,博報堂DYメディアパートナーズ,クリエイティブ統括,メディアプランニング部,第一課,2023,202309,2Q,200001,人件費,S003,調整,649109263,479414448
20241018,大広,営業統括,デジタルマーケティング部,第三課,2024,202410,3Q,100003,売上総利益,S003,調整,167346764,130802815
20240513,読売広告社,メディア統括,第一営業部,第二課,2024,202405,1Q,200001,人件費,S004,見込,267533608,321170420
20240823,博報堂プロダクツ,クリエイティブ統括,デジタルマーケティング部,開発課,2024,202408,2Q,100002,売上原価,S002,特別,69056279,54684671
20231028,博報堂DYメディアパートナーズ,管理統括,第一営業部,企画課,2023,202310,3Q,300001,営業利益,S004,見込,453543113,394747632
20240817,博報堂,管理統括,人事部,開発課,2024,202408,2Q,400002,制作収入,S002,特別,547402136,406394849
20240728,博報堂プロダクツ,クリエイティブ統括,総務部,第三課,2024,202407,2Q,500001,広告主負担金,S002,特別,435897797,432393203
20241003,読売広告社,管理統括,クリエイティブ部,第二課,2024,202410,3Q,400003,コンサルティング収入,S004,見込,298452903,297788345
20231102,博報堂DYメディアパートナーズ,営業統括,デジタルマーケティング部,第一課,2023,202311,3Q,200002,経費,S005,確定,227621112,211433626
20240613,博報堂,デジタル統括,人事部,第二課,2024,202406,1Q,200002,経費,S002,特別,50304718,80527428
20230620,博報堂プロダクツ,管理統括,第一営業部,開発課,2023,202306,1Q,100001,売上高,S002,特別,75726735,85005840
20250117,博報堂,クリエイティブ統括,第一営業部,第一課,2024,202501,4Q,500002,媒体社リベート,S003,調整,346895906,402542551
20240409,大広,管理統括,第二営業部,第一課,2024,202404,1Q,100003,売上総利益,S004,見込,192422432,254786584
20230827,大広,メディア統括,制作部,第一課,2023,202308,2Q,500001,広告主負担金,S001,通常,320393843,240607496
20240518,博報堂DYメディアパートナーズ,メディア統括,制作部,第一課,2024,202405,1Q,200002,経費,S003,調整,130045417,198811395
20240726,博報堂,管理統括,第一営業部,企画課,2024,202407,2Q,400003,コンサルティング収入,S001,通常,21662344,31727705
20240711,博報堂DYメディアパートナーズ,メディア統括,財務経理部,開発課,2024,202407,2Q,100003,売上総利益,S002,特別,224853037,320438845
20241106,博報堂プロダクツ,営業統括,経営企画部,開発課,2024,202411,3Q,200002,経費,S003,調整,122714779,155806652
20230512,博報堂DYメディアパートナーズ,デジタル統括,総務部,推進課,2023,202305,1Q,200003,減価償却費,S005,確定,45202542,34882419
20231026,博報堂プロダクツ,営業統括,財務経理部,第三課,2023,202310,3Q,300002,経常利益,S002,特別,334404361,401791281
20240701,読売広告社,営業統括,クリエイティブ部,第一課,2024,202407,2Q,500002,媒体社リベート,S001,通常,139832049,127724811
20231028,読売広告社,管理統括,経営企画部,開発課,2023,202310,3Q,400003,コンサルティング収入,S005,確定,98718160,76631643
20241219,読売広告社,デジタル統括,第一営業部,運用課,2024,202412,3Q,300001,営業利益,S005,確定,268397523,360544519
20241202,博報堂DYメディアパートナーズ,デジタル統括,総務部,開発課,2024,202412,3Q,500001,広告主負担金,S003,調整,31831952,39817297
20231222,博報堂DYメディアパートナーズ,営業統括,経営企画部,第三課,2023,202312,3Q,200002,経費,S004,見込,282291136,294687094
20240203,大広,営業統括,経営企画部,第二課,2023,202402,4Q,500001,広告主負担金,S002,特別,133075858,95107010
20230708,読売広告社,管理統括,人事部,開発課,2023,202307,2Q,200002,経費,S003,調整,3264847,5075988
20231213,博報堂DYメディアパートナーズ,クリエイティブ統括,クリエイティブ部,第一課,2023,202312,3Q,400003,コンサルティング収入,S003,調整,65729571,68215158
20240102,読売広告社,管理統括,財務経理部,推進課,2023,202401,4Q,100002,売上原価,S003,調整,174332539,258957237
20230523,読売広告社,メディア統括,制作部,企画課,2023,202305,1Q,200003,減価償却費,S002,特別,243793109,240495199
20230618,博報堂DYメディアパートナーズ,管理統括,財務経理部,第三課,2023,202306,1Q,100002,売上原価,S002,特別,224863933,262923501
20250113,大広,メディア統括,クリエイティブ部,開発課,2024,202501,4Q,100001,売上高,S002,特別,219139855,348842933
20230819,博報堂,クリエイティブ統括,総務部,開発課,2023,202308,2Q,200001,人件費,S004,見込,283527537,369316148
20230422,読売広告社,デジタル統括,経営企画部,開発課,2023,202304,1Q,500002,媒体社リベート,S004,見込,177765405,280361459
20241110,博報堂プロダクツ,営業統括,メディアプランニング部,管理課,2024,202411,3Q,100002,売上原価,S005,確定,124883234,184527199
20231012,大広,メディア統括,人事部,第二課,2023,202310,3Q,400003,コンサルティング収入,S004,見込,253988996,202752894
20230821,博報堂,メディア統括,デジタルマーケティング部,管理課,2023,202308,2Q,100002,売上原価,S003,調整,603834129,495214511
20241101,博報堂,営業統括,総務部,運用課,2024,202411,3Q,200001,人件費,S001,通常,38103145,31188303
20241226,読売広告社,デジタル統括,第二営業部,第一課,2024,202412,3Q,200003,減価償却費,S001,通常,74729806,103812561
20240901,読売広告社,営業統括,メディアプランニング部,管理課,2024,202409,2Q,100002,売上原価,S002,特別,300301449,217039942
20230523,読売広告社,管理統括,制作部,第三課,2023,202305,1Q,200001,人件費,S004,見込,45881816,52705745
20231205,博報堂プロダクツ,クリエイティブ統括,メディアプランニング部,第二課,2023,202312,3Q,200002,経費,S001,通常,93891176,107873149
20240626,大広,営業統括,制作部,推進課,2024,202406,1Q,100002,売上原価,S001,通常,338128326,334091601
20240416,博報堂,クリエイティブ統括,経営企画部,運用課,2024,202404,1Q,300002,経常利益,S001,通常,219286307,265636912
20230421,読売広告社,デジタル統括,第二営業部,第二課,2023,202304,1Q,100002,売上原価,S003,調整,389679462,291270241
20240703,博報堂DYメディアパートナーズ,デジタル統括,人事部,開発課,2024,202407,2Q,500001,広告主負担金,S005,確定,360377987,349496382
20240218,大広,デジタル統括,財務経理部,第二課,2023,202402,4Q,400001,媒体手数料収入,S005,確定,13434248,17506236
20240507,博報堂,クリエイティブ統括,総務部,運用課,2024,202405,1Q,300002,経常利益,S002,特別,371631343,404407680
20240421,博報堂DYメディアパートナーズ,メディア統括,デジタルマーケティング部,第三課,2024,202404,1Q,200002,経費,S001,通常,373038839,474106112
20230607,博報堂DYメディアパートナーズ,管理統括,第一営業部,企画課,2023,202306,1Q,400002,制作収入,S004,見込,230244833,208882480
20241112,博報堂DYメディアパートナーズ,デジタル統括,デジタルマーケティング部,第三課,2024,202411,3Q,200001,人件費,S004,見込,73530981,87628481
20241203,大広,デジタル統括,第二営業部,第三課,2024,202412,3Q,200001,人件費,S005,確定,88730309,83486739
20240827,読売広告社,デジタル統括,第二営業部,第一課,2024,202408,2Q,300001,営業利益,S005,確定,353100545,301568107
20241123,博報堂プロダクツ,メディア統括,制作部,管理課,2024,202411,3Q,100001,売上高,S001,通常,533748563,409861718
20230915,博報堂,クリエイティブ統括,クリエイティブ部,第二課,2023,202309,2Q,500001,広告主負担金,S003,調整,318655412,485108812
20240316,博報堂,クリエイティブ統括,人事部,開発課,2023,202403,4Q,200001,人件費,S001,通常,313710135,386199301
20230822,大広,営業統括,第二営業部,管理課,2023,202308,2Q,400002,制作収入,S001,通常,286638679,402293070
20230714,読売広告社,管理統括,メディアプランニング部,第三課,2023,202307,2Q,300001,営業利益,S002,特別,596685255,491155011
20230526,博報堂,デジタル統括,デジタルマーケティング部,第一課,2023,202305,1Q,500001,広告主負担金,S003,調整,340469480,291591796
20240324,博報堂プロダクツ,クリエイティブ統括,第一営業部,運用課,2023,202403,4Q,500002,媒体社リベート,S001,通常,119545483,177232044
20250205,博報堂プロダクツ,営業統括,デジタルマーケティング部,第二課,2024,202502,4Q,400002,制作収入,S002,特別,48076262,34410026
20231126,博報堂,管理統括,第一営業部,推進課,2023,202311,3Q,200003,減価償却費,S001,通常,201504292,257980793
20240116,博報堂DYメディアパートナーズ,クリエイティブ統括,人事部,企画課,2023,202401,4Q,500002,媒体社リベート,S004,見込,288650971,238402361
20241005,大広,営業統括,制作部,運用課,2024,202410,3Q,100001,売上高,S004,見込,54920199,39781801
20250308,読売広告社,デジタル統括,経営企画部,企画課,2024,202503,4Q,400003,コンサルティング収入,S002,特別,281853840,267395298
20240320,読売広告社,管理統括,制作部,第二課,2023,202403,4Q,400003,コンサルティング収入,S005,確定,454137026,334499909
20231222,博報堂DYメディアパートナーズ,メディア統括,第一営業部,企画課,2023,202312,3Q,100002,売上原価,S002,特別,394035114,466641407
20250305,博報堂プロダクツ,管理統括,デジタルマーケティング部,第三課,2024,202503,4Q,300001,営業利益,S001,通常,387062254,352956424
20231021,博報堂プロダクツ,メディア統括,デジタルマーケティング部,第二課,2023,202310,3Q,400003,コンサルティング収入,S001,通常,105386099,98454753
20231128,博報堂,管理統括,財務経理部,企画課,2023,202311,3Q,300002,経常利益,S003,調整,461958458,361233027
20230609,博報堂プロダクツ,クリエイティブ統括,メディアプランニング部,推進課,2023,202306,1Q,200001,人件費,S005,確定,364574290,337787502
20241226,博報堂DYメディアパートナーズ,デジタル統括,メディアプランニング部,管理課,2024,202412,3Q,200003,減価償却費,S003,調整,392411659,398982623
20250109,博報堂プロダクツ,メディア統括,第一営業部,推進課,2024,202501,4Q,300001,営業利益,S004,見込,221352354,193988820
20240705,博報堂DYメディアパートナーズ,メディア統括,メディアプランニング部,第一課,2024,202407,2Q,300001,営業利益,S001,通常,396132891,307773200
20240112,博報堂DYメディアパートナーズ,クリエイティブ統括,クリエイティブ部,第二課,2023,202401,4Q,400001,媒体手数料収入,S004,見込,267289269,286921770
20231117,博報堂プロダクツ,デジタル統括,財務経理部,第一課,2023,202311,3Q,400002,制作収入,S005,確定,24582368,25333697
20231025,読売広告社,営業統括,第一営業部,開発課,2023,202310,3Q,100001,売上高,S002,特別,24762366,40920445
20241125,博報堂,営業統括,メディアプランニング部,第二課,2024,202411,3Q,100001,売上高,S003,調整,272320452,235005601
20241013,博報堂,デジタル統括,制作部,第一課,2024,202410,3Q,500001,広告主負担金,S005,確定,253490430,386604537
20230601,博報堂,クリエイティブ統括,人事部,開発課,2023,202306,1Q,300001,営業利益,S003,調整,181427848,215601382
20241217,博報堂,営業統括,総務部,企画課,2024,202412,3Q,400003,コンサルティング収入,S002,特別,317696829,468992451
20230909,博報堂,デジタル統括,財務経理部,推進課,2023,202309,2Q,200001,人件費,S001,通常,566216250,404610335
20231002,博報堂プロダクツ,営業統括,第一営業部,第二課,2023,202310,3Q,200003,減価償却費,S005,確定,99281436,81611854
20230811,博報堂プロダクツ,デジタル統括,人事部,推進課,2023,202308,2Q,100002,売上原価,S003,調整,56067613,77628152
20240701,博報堂DYメディアパートナーズ,デジタル統括,総務部,第一課,2024,202407,2Q,200001,人件費,S003,調整,308716598,383758638
20250221,博報堂プロダクツ,メディア統括,メディアプランニング部,第三課,2024,202502,4Q,400002,制作収入,S004,見込,166222864,174222965
20240407,読売広告社,デジタル統括,デジタルマーケティング部,企画課,2024,202404,1Q,400001,媒体手数料収入,S002,特別,139455842,127265714
20250224,博報堂プロダクツ,管理統括,人事部,第一課,2024,202502,4Q,300001,営業利益,S005,確定,127395537,160004377
20250216,博報堂DYメディアパートナーズ,管理統括,クリエイティブ部,第二課,2024,202502,4Q,300001,営業利益,S004,見込,250944141,216192794
20231202,読売広告社,管理統括,財務経理部,第三課,2023,202312,3Q,100002,売上原価,S005,確定,559909448,449417881
20250310,読売広告社,デジタル統括,制作部,推進課,2024,202503,4Q,400003,コンサルティング収入,S004,見込,404366894,492531847
20240907,博報堂,メディア統括,第二営業部,第二課,2024,202409,2Q,400003,コンサルティング収入,S001,通常,521814346,414429718
20230616,読売広告社,メディア統括,メディアプランニング部,運用課,2023,202306,1Q,200002,経費,S002,特別,467580173,343477198
20240902,読売広告社,メディア統括,メディアプランニング部,第三課,2024,202409,2Q,500001,広告主負担金,S005,確定,58890105,93182531
20231118,博報堂,営業統括,第二営業部,開発課,2023,202311,3Q,300001,営業利益,S001,通常,3818491,2751817
20240611,博報堂,デジタル統括,クリエイティブ部,第三課,2024,202406,1Q,300001,営業利益,S003,調整,67113074,50157527
20250108,読売広告社,管理統括,制作部,推進課,2024,202501,4Q,200003,減価償却費,S002,特別,352092140,355686629
20230426,博報堂,デジタル統括,人事部,管理課,2023,202304,1Q,300001,営業利益,S002,特別,210313306,230939131
20240327,博報堂プロダクツ,デジタル統括,財務経理部,推進課,2023,202403,4Q,200003,減価償却費,S003,調整,92605260,152240539
20230618,大広,デジタル統括,デジタルマーケティング部,第一課,2023,202306,1Q,300001,営業利益,S003,調整,124424795,162224878
20231211,読売広告社,メディア統括,人事部,開発課,2023,202312,3Q,300002,経常利益,S001,通常,54910524,41915382
20230419,博報堂DYメディアパートナーズ,メディア統括,メディアプランニング部,第一課,2023,202304,1Q,100002,売上原価,S002,特別,320011804,310583511
20231023,博報堂DYメディアパートナーズ,営業統括,第一営業部,運用課,2023,202310,3Q,200002,経費,S005,確定,206197642,178258848
20241219,博報堂DYメディアパートナーズ,デジタル統括,第一営業部,第一課,2024,202412,3Q,500001,広告主負担金,S003,調整,383997409,289817530
20250124,読売広告社,営業統括,総務部,第三課,2024,202501,4Q,100001,売上高,S005,確定,562536633,423443839
20240125,読売広告社,営業統括,デジタルマーケティング部,第一課,2023,202401,4Q,400001,媒体手数料収入,S001,通常,326749914,434353850
20250223,読売広告社,メディア統括,第一営業部,管理課,2024,202502,4Q,400003,コンサルティング収入,S001,通常,214951288,194392389
20250115,博報堂DYメディアパートナーズ,デジタル統括,デジタルマーケティング部,運用課,2024,202501,4Q,500002,媒体社リベート,S004,見込,102556457,99197786
20240908,博報堂DYメディアパートナーズ,クリエイティブ統括,制作部,推進課,2024,202409,2Q,500002,媒体社リベート,S004,見込,129728800,128423036
20240803,読売広告社,メディア統括,経営企画部,第二課,2024,202408,2Q,200001,人件費,S005,確定,298612869,483088644
20240116,博報堂,管理統括,メディアプランニング部,運用課,2023,202401,4Q,500002,媒体社リベート,S003,調整,204447549,187426406
20230507,大広,デジタル統括,デジタルマーケティング部,企画課,2023,202305,1Q,100001,売上高,S005,確定,342346775,346971714
20240310,博報堂DYメディアパートナーズ,管理統括,メディアプランニング部,第二課,2023,202403,4Q,200002,経費,S001,通常,294469586,357291819
20250203,大広,デジタル統括,経営企画部,開発課,2024,202502,4Q,300002,経常利益,S005,確定,54671726,60943665
20240801,博報堂DYメディアパートナーズ,メディア統括,第一営業部,第二課,2024,202408,2Q,400003,コンサルティング収入,S002,特別,205657742,245139758
20230908,博報堂DYメディアパートナーズ,管理統括,人事部,管理課,2023,202309,2Q,400001,媒体手数料収入,S005,確定,239151760,289657842
20240520,博報堂,営業統括,総務部,第三課,2024,202405,1Q,100001,売上高,S003,調整,22235165,16077766
20250203,博報堂,管理統括,メディアプランニング部,管理課,2024,202502,4Q,200002,経費,S002,特別,255017324,344379256
20230522,博報堂プロダクツ,メディア統括,制作部,開発課,2023,202305,1Q,100001,売上高,S005,確定,16892575,19439687
20240106,大広,営業統括,クリエイティブ部,管理課,2023,202401,4Q,200002,経費,S001,通常,326632695,438283149
20230724,博報堂DYメディアパートナーズ,クリエイティブ統括,クリエイティブ部,開発課,2023,202307,2Q,100003,売上総利益,S002,特別,12007480,20004602
20240426,博報堂プロダクツ,クリエイティブ統括,第二営業部,開発課,2024,202404,1Q,100001,売上高,S001,通常,508326615,464829264
20240624,大広,管理統括,総務部,第三課,2024,202406,1Q,500001,広告主負担金,S001,通常,447173927,465987773
20230406,博報堂,管理統括,総務部,推進課,2023,202304,1Q,200003,減価償却費,S005,確定,259489444,391727406
20240712,読売広告社,メディア統括,第一営業部,管理課,2024,202407,2Q,500002,媒体社リベート,S001,通常,86714452,73759041
20250213,読売広告社,メディア統括,財務経理部,第三課,2024,202502,4Q,500002,媒体社リベート,S005,確定,100898521,133936339
20240616,大広,クリエイティブ統括,第一営業部,第三課,2024,202406,1Q,200003,減価償却費,S004,見込,26402174,27260183
20250128,大広,管理統括,人事部,運用課,2024,202501,4Q,200001,人件費,S005,確定,236129661,251127791
20240826,博報堂DYメディアパートナーズ,営業統括,財務経理部,第二課,2024,202408,2Q,300001,営業利益,S005,確定,141351444,188772304
20241207,読売広告社,デジタル統括,デジタルマーケティング部,第三課,2024,202412,3Q,100001,売上高,S004,見込,166130252,164793914
20250319,博報堂DYメディアパートナーズ,クリエイティブ統括,人事部,管理課,2024,202503,4Q,400002,制作収入,S004,見込,502914756,399087283
20240816,博報堂,クリエイティブ統括,人事部,企画課,2024,202408,2Q,400001,媒体手数料収入,S005,確定,401075448,457260529
20230614,博報堂,管理統括,メディアプランニング部,企画課,2023,202306,1Q,200003,減価償却費,S001,通常,203140613,182808937
20240408,博報堂プロダクツ,管理統括,財務経理部,管理課,2024,202404,1Q,500001,広告主負担金,S004,見込,440697343,413791995
20231210,博報堂DYメディアパートナーズ,メディア統括,第一営業部,第三課,2023,202312,3Q,400002,制作収入,S005,確定,39704198,44369239
20250112,博報堂プロダクツ,営業統括,人事部,第一課,2024,202501,4Q,500001,広告主負担金,S004,見込,412534395,432093640
20250327,博報堂,クリエイティブ統括,クリエイティブ部,推進課,2024,202503,4Q,400001,媒体手数料収入,S004,見込,278015292,284163989
20241109,博報堂DYメディアパートナーズ,メディア統括,メディアプランニング部,第二課,2024,202411,3Q,500002,媒体社リベート,S004,見込,605270700,433504924
20240722,読売広告社,営業統括,財務経理部,開発課,2024,202407,2Q,300001,営業利益,S003,調整,651687901,485704139
20250213,博報堂プロダクツ,営業統括,制作部,推進課,2024,202502,4Q,100003,売上総利益,S002,特別,29221848,47841355
20240802,読売広告社,メディア統括,財務経理部,開発課,2024,202408,2Q,400001,媒体手数料収入,S002,特別,510479517,418347059
20240623,大広,営業統括,経営企画部,開発課,2024,202406,1Q,100002,売上原価,S001,通常,263044823,285653673
20230403,大広,管理統括,メディアプランニング部,推進課,2023,202304,1Q,500002,媒体社リベート,S004,見込,148817743,233926620
20240102,大広,クリエイティブ統括,第二営業部,第二課,2023,202401,4Q,200003,減価償却費,S001,通常,385455038,455273147
20240622,読売広告社,メディア統括,第二営業部,管理課,2024,202406,1Q,300001,営業利益,S003,調整,310111815,298670427
20230401,読売広告社,メディア統括,財務経理部,開発課,2023,202304,1Q,500002,媒体社リベート,S002,特別,107139856,137782625
20240225,読売広告社,管理統括,デジタルマーケティング部,第一課,2023,202402,4Q,200003,減価償却費,S004,見込,77481153,87319696
20240918,読売広告社,管理統括,クリエイティブ部,第三課,2024,202409,2Q,500001,広告主負担金,S002,特別,384514970,393634960
20230924,大広,メディア統括,総務部,開発課,2023,202309,2Q,300001,営業利益,S003,調整,77686323,123195581
20230613,読売広告社,管理統括,デジタルマーケティング部,第三課,2023,202306,1Q,400001,媒体手数料収入,S004,見込,181450177,276265824
20240905,読売広告社,営業統括,総務部,開発課,2024,202409,2Q,100001,売上高,S005,確定,239888073,173530679
20240401,博報堂プロダクツ,営業統括,メディアプランニング部,第三課,2024,202404,1Q,100003,売上総利益,S004,見込,404009414,348009059
20250307,大広,メディア統括,制作部,運用課,2024,202503,4Q,200001,人件費,S004,見込,595165698,483564293
20240608,博報堂プロダクツ,メディア統括,第一営業部,第二課,2024,202406,1Q,400003,コンサルティング収入,S002,特別,19103079,14565244
20240715,博報堂DYメディアパートナーズ,管理統括,クリエイティブ部,第二課,2024,202407,2Q,200003,減価償却費,S003,調整,165589587,140750119
20230720,大広,営業統括,第二営業部,管理課,2023,202307,2Q,400003,コンサルティング収入,S001,通常,106045743,174946231
20240303,博報堂DYメディアパートナーズ,営業統括,第二営業部,管理課,2023,202403,4Q,100001,売上高,S001,通常,368495087,356099186
20241001,読売広告社,営業統括,メディアプランニング部,開発課,2024,202410,3Q,100001,売上高,S002,特別,129461273,138269256
20240706,大広,クリエイティブ統括,デジタルマーケティング部,第三課,2024,202407,2Q,400001,媒体手数料収入,S001,通常,656306249,473613886
20240209,博報堂,営業統括,経営企画部,第三課,2023,202402,4Q,100003,売上総利益,S005,確定,206373721,196396660
20240727,博報堂DYメディアパートナーズ,管理統括,第二営業部,運用課,2024,202407,2Q,200002,経費,S005,確定,331473486,307813535
20240711,博報堂DYメディアパートナーズ,営業統括,人事部,推進課,2024,202407,2Q,100001,売上高,S002,特別,427124984,365890850
20250305,読売広告社,メディア統括,第一営業部,開発課,2024,202503,4Q,100001,売上高,S003,調整,3533480,3133673
20230603,博報堂,営業統括,財務経理部,開発課,2023,202306,1Q,200001,人件費,S003,調整,54182667,49486576
20230919,博報堂DYメディアパートナーズ,管理統括,第二営業部,第一課,2023,202309,2Q,400001,媒体手数料収入,S004,見込,272219509,217408582
20231016,博報堂,メディア統括,クリエイティブ部,企画課,2023,202310,3Q,200003,減価償却費,S005,確定,136391995,130226007
20241213,博報堂プロダクツ,メディア統括,第一営業部,第一課,2024,202412,3Q,400002,制作収入,S002,特別,284647329,252659846
20240624,読売広告社,営業統括,制作部,推進課,2024,202406,1Q,400003,コンサルティング収入,S004,見込,235318651,316294649
20231015,博報堂,管理統括,メディアプランニング部,開発課,2023,202310,3Q,400003,コンサルティング収入,S002,特別,119630075,193107626
20240724,大広,管理統括,財務経理部,第一課,2024,202407,2Q,200001,人件費,S003,調整,172476942,184067966
20240812,博報堂プロダクツ,営業統括,デジタルマーケティング部,企画課,2024,202408,2Q,500002,媒体社リベート,S003,調整,343297546,436151197
20230917,読売広告社,メディア統括,第二営業部,第三課,2023,202309,2Q,100003,売上総利益,S005,確定,19505544,20338035
20230409,博報堂,メディア統括,クリエイティブ部,第三課,2023,202304,1Q,500001,広告主負担金,S003,調整,346665972,455318743
20250301,大広,クリエイティブ統括,経営企画部,運用課,2024,202503,4Q,200001,人件費,S003,調整,3147081,4445116
20240805,大広,営業統括,メディアプランニング部,第二課,2024,202408,2Q,400002,制作収入,S002,特別,65884183,88177865
20230613,大広,管理統括,総務部,第二課,2023,202306,1Q,200002,経費,S001,通常,266242312,258271971
20240323,博報堂,営業統括,経営企画部,開発課,2023,202403,4Q,100002,売上原価,S002,特別,416629544,374025577
20240418,博報堂プロダクツ,デジタル統括,経営企画部,第二課,2024,202404,1Q,100001,売上高,S004,見込,219417469,258695392
20240903,博報堂DYメディアパートナーズ,営業統括,経営企画部,管理課,2024,202409,2Q,100002,売上原価,S003,調整,97947707,86061627
20241214,博報堂,営業統括,総務部,開発課,2024,202412,3Q,100003,売上総利益,S003,調整,168975400,214390631
20231014,博報堂プロダクツ,クリエイティブ統括,メディアプランニング部,運用課,2023,202310,3Q,400003,コンサルティング収入,S005,確定,261497766,250788936
20241107,博報堂,デジタル統括,メディアプランニング部,第三課,2024,202411,3Q,400002,制作収入,S001,通常,356394121,468418622
20241217,博報堂DYメディアパートナーズ,クリエイティブ統括,デジタルマーケティング部,運用課,2024,202412,3Q,400001,媒体手数料収入,S005,確定,316420058,448096871
20241223,博報堂DYメディアパートナーズ,管理統括,財務経理部,運用課,2024,202412,3Q,300001,営業利益,S001,通常,385150813,493543410
20240705,博報堂DYメディアパートナーズ,管理統括,経営企画部,運用課,2024,202407,2Q,100002,売上原価,S002,特別,394041942,372834986
20230727,博報堂DYメディアパートナーズ,デジタル統括,経営企画部,第二課,2023,202307,2Q,500002,媒体社リベート,S004,見込,281315679,350585833
20240710,大広,クリエイティブ統括,デジタルマーケティング部,企画課,2024,202407,2Q,100003,売上総利益,S005,確定,336700036,361378190
20230916,博報堂,営業統括,クリエイティブ部,管理課,2023,202309,2Q,400002,制作収入,S005,確定,333545317,414740828
20240820,読売広告社,メディア統括,クリエイティブ部,推進課,2024,202408,2Q,200003,減価償却費,S001,通常,297449686,480118964
20240616,博報堂プロダクツ,デジタル統括,制作部,管理課,2024,202406,1Q,400002,制作収入,S001,通常,251583976,229119163
20231113,博報堂プロダクツ,メディア統括,デジタルマーケティング部,第一課,2023,202311,3Q,400001,媒体手数料収入,S004,見込,105326061,136755801
20250223,大広,管理統括,第一営業部,運用課,2024,202502,4Q,500002,媒体社リベート,S002,特別,264766137,422353421
20241228,博報堂プロダクツ,管理統括,人事部,管理課,2024,202412,3Q,300001,営業利益,S003,調整,120110203,180903664
20250120,博報堂,管理統括,クリエイティブ部,第三課,2024,202501,4Q,400003,コンサルティング収入,S002,特別,92035662,90842833
20241110,読売広告社,メディア統括,人事部,第三課,2024,202411,3Q,100003,売上総利益,S004,見込,321477624,252043031
20240209,博報堂,クリエイティブ統括,財務経理部,第一課,2023,202402,4Q,300002,経常利益,S005,確定,476573724,353918460
20230605,博報堂プロダクツ,営業統括,制作部,管理課,2023,202306,1Q,400001,媒体手数料収入,S004,見込,131442393,111424341
20230921,大広,メディア統括,総務部,第一課,2023,202309,2Q,100001,売上高,S002,特別,192057828,139109979
20240812,博報堂プロダクツ,管理統括,デジタルマーケティング部,第二課,2024,202408,2Q,200002,経費,S004,見込,365542028,455977398
20240824,読売広告社,メディア統括,経営企画部,第一課,2024,202408,2Q,100002,売上原価,S002,特別,322358083,454184894
20250216,博報堂プロダクツ,デジタル統括,総務部,運用課,2024,202502,4Q,200002,経費,S005,確定,394945740,299136759
20230702,読売広告社,デジタル統括,メディアプランニング部,推進課,2023,202307,2Q,500002,媒体社リベート,S005,確定,123610977,116632924
20240902,読売広告社,クリエイティブ統括,メディアプランニング部,推進課,2024,202409,2Q,400003,コンサルティング収入,S005,確定,15318316,12276494
20240817,博報堂DYメディアパートナーズ,営業統括,経営企画部,運用課,2024,202408,2Q,100003,売上総利益,S004,見込,38338342,40739509
20230719,博報堂,メディア統括,経営企画部,推進課,2023,202307,2Q,200001,人件費,S002,特別,198152455,282681768
20240302,読売広告社,メディア統括,財務経理部,第三課,2023,202403,4Q,200001,人件費,S001,通常,163053852,197691216
20250323,大広,メディア統括,経営企画部,企画課,2024,202503,4Q,300001,営業利益,S004,見込,238266990,293210911
20230721,大広,デジタル統括,人事部,第一課,2023,202307,2Q,300001,営業利益,S005,確定,5521619,5680773
20231217,博報堂プロダクツ,クリエイティブ統括,人事部,第二課,2023,202312,3Q,400002,制作収入,S004,見込,297904134,281695889
20230802,博報堂DYメディアパートナーズ,クリエイティブ統括,制作部,開発課,2023,202308,2Q,200001,人件費,S003,調整,177481063,294010882
20240807,読売広告社,メディア統括,クリエイティブ部,管理課,2024,202408,2Q,100003,売上総利益,S003,調整,483008682,396775105
20230923,読売広告社,メディア統括,総務部,管理課,2023,202309,2Q,300001,営業利益,S005,確定,289582872,410673571
20230925,博報堂プロダクツ,管理統括,メディアプランニング部,開発課,2023,202309,2Q,200001,人件費,S005,確定,333449243,263442820
20241005,大広,営業統括,総務部,第一課,2024,202410,3Q,400003,コンサルティング収入,S005,確定,557450629,472438016
20250227,博報堂プロダクツ,メディア統括,経営企画部,運用課,2024,202502,4Q,400002,制作収入,S002,特別,266755466,284275976
20231212,博報堂DYメディアパートナーズ,デジタル統括,第一営業部,開発課,2023,202312,3Q,400003,コンサルティング収入,S005,確定,15158883,21319395
20250307,読売広告社,メディア統括,デジタルマーケティング部,開発課,2024,202503,4Q,200003,減価償却費,S004,見込,161094476,159407395
20231116,博報堂プロダクツ,営業統括,デジタルマーケティング部,第二課,2023,202311,3Q,100003,売上総利益,S005,確定,226644011,190781793
20250118,博報堂,営業統括,経営企画部,第一課,2024,202501,4Q,400003,コンサルティング収入,S003,調整,205562916,336061087
20240102,博報堂,クリエイティブ統括,デジタルマーケティング部,開発課,2023,202401,4Q,200002,経費,S001,通常,157387118,123156259
20230905,博報堂プロダクツ,メディア統括,クリエイティブ部,第二課,2023,202309,2Q,200001,人件費,S001,通常,16550504,16306074
20240424,博報堂プロダクツ,デジタル統括,第一営業部,開発課,2024,202404,1Q,500002,媒体社リベート,S001,通常,275968777,256077864
20241220,読売広告社,メディア統括,財務経理部,第一課,2024,202412,3Q,200002,経費,S003,調整,111530975,182766443
20230410,博報堂,メディア統括,人事部,運用課,2023,202304,1Q,200002,経費,S003,調整,195615057,176599005
20240524,博報堂DYメディアパートナーズ,メディア統括,第一営業部,第二課,2024,202405,1Q,200001,人件費,S004,見込,440844438,439565297
20240609,大広,営業統括,第二営業部,開発課,2024,202406,1Q,400002,制作収入,S002,特別,28715799,21756070
20231115,大広,デジタル統括,総務部,推進課,2023,202311,3Q,200002,経費,S004,見込,51868571,47949447
20241126,博報堂DYメディアパートナーズ,クリエイティブ統括,制作部,管理課,2024,202411,3Q,400002,制作収入,S003,調整,213861214,255154930
20240723,博報堂,メディア統括,クリエイティブ部,推進課,2024,202407,2Q,300002,経常利益,S001,通常,326201594,259262370
20240611,博報堂,メディア統括,制作部,推進課,2024,202406,1Q,100002,売上原価,S002,特別,397299111,469125459
20231215,大広,クリエイティブ統括,制作部,企画課,2023,202312,3Q,100002,売上原価,S003,調整,378575539,357811761
20230603,大広,クリエイティブ統括,クリエイティブ部,第一課,2023,202306,1Q,100001,売上高,S005,確定,347829716,476282591
20241202,博報堂DYメディアパートナーズ,営業統括,クリエイティブ部,推進課,2024,202412,3Q,500001,広告主負担金,S001,通常,143600488,173301957
20231128,博報堂プロダクツ,クリエイティブ統括,財務経理部,企画課,2023,202311,3Q,400002,制作収入,S003,調整,120570936,126381517
20240816,博報堂DYメディアパートナーズ,メディア統括,デジタルマーケティング部,企画課,2024,202408,2Q,200001,人件費,S001,通常,264578298,400862490
20240319,大広,デジタル統括,クリエイティブ部,第一課,2023,202403,4Q,200003,減価償却費,S004,見込,92684106,105340380
20240902,大広,営業統括,制作部,管理課,2024,202409,2Q,500001,広告主負担金,S003,調整,115623166,101121851
20231225,読売広告社,メディア統括,クリエイティブ部,第三課,2023,202312,3Q,400003,コンサルティング収入,S003,調整,447352227,406579874
20240308,大広,営業統括,メディアプランニング部,企画課,2023,202403,4Q,300001,営業利益,S002,特別,238817764,265784346
20231008,博報堂プロダクツ,デジタル統括,第二営業部,企画課,2023,202310,3Q,200003,減価償却費,S003,調整,208104771,325150224
20250325,読売広告社,営業統括,クリエイティブ部,開発課,2024,202503,4Q,200001,人件費,S004,見込,257175274,256442339
20241019,博報堂DYメディアパートナーズ,デジタル統括,デジタルマーケティング部,第二課,2024,202410,3Q,100003,売上総利益,S003,調整,232523590,255291938
20241202,大広,営業統括,経営企画部,企画課,2024,202412,3Q,200002,経費,S005,確定,284579903,331490925
20240323,博報堂DYメディアパートナーズ,メディア統括,第二営業部,管理課,2023,202403,4Q,400003,コンサルティング収入,S004,見込,97449926,98002967
20231126,博報堂DYメディアパートナーズ,営業統括,総務部,第一課,2023,202311,3Q,100001,売上高,S003,調整,314957130,496784378
20250313,博報堂DYメディアパートナーズ,メディア統括,デジタルマーケティング部,第二課,2024,202503,4Q,100001,売上高,S005,確定,15603525,15520417
20240127,博報堂プロダクツ,デジタル統括,クリエイティブ部,管理課,2023,202401,4Q,500002,媒体社リベート,S003,調整,148347543,139330277
20250201,博報堂,メディア統括,総務部,第一課,2024,202502,4Q,200003,減価償却費,S004,見込,199137698,169496667
20240102,読売広告社,管理統括,第二営業部,第三課,2023,202401,4Q,300002,経常利益,S001,通常,393920859,489586796
20240125,大広,管理統括,人事部,第二課,2023,202401,4Q,200001,人件費,S003,調整,250587131,333620822
20230724,博報堂プロダクツ,クリエイティブ統括,デジタルマーケティング部,開発課,2023,202307,2Q,400001,媒体手数料収入,S002,特別,112845447,111120308
20230414,博報堂DYメディアパートナーズ,クリエイティブ統括,クリエイティブ部,企画課,2023,202304,1Q,100003,売上総利益,S005,確定,153202123,113636707
20241111,博報堂DYメディアパートナーズ,メディア統括,クリエイティブ部,第一課,2024,202411,3Q,100003,売上総利益,S002,特別,609165228,489322066
20240924,大広,クリエイティブ統括,デジタルマーケティング部,推進課,2024,202409,2Q,400003,コンサルティング収入,S002,特別,65838203,95553722
20230815,博報堂プロダクツ,メディア統括,人事部,運用課,2023,202308,2Q,500001,広告主負担金,S003,調整,309341312,471416055
20250210,博報堂プロダクツ,営業統括,制作部,第二課,2024,202502,4Q,100001,売上高,S005,確定,336645030,264960300
20240308,読売広告社,管理統括,財務経理部,推進課,2023,202403,4Q,200002,経費,S001,通常,118447620,131737564
20231218,博報堂プロダクツ,メディア統括,第一営業部,企画課,2023,202312,3Q,300002,経常利益,S001,通常,225430506,226439753
20240310,博報堂,営業統括,第一営業部,第二課,2023,202403,4Q,200001,人件費,S003,調整,89526202,73694608
20231205,読売広告社,営業統括,第二営業部,運用課,2023,202312,3Q,100003,売上総利益,S002,特別,217280693,184989245
20240602,博報堂プロダクツ,クリエイティブ統括,第二営業部,運用課,2024,202406,1Q,200003,減価償却費,S004,見込,228488790,280062896
20231119,博報堂,デジタル統括,財務経理部,開発課,2023,202311,3Q,400003,コンサルティング収入,S005,確定,117009435,184878431
20241207,博報堂,デジタル統括,第二営業部,推進課,2024,202412,3Q,400003,コンサルティング収入,S003,調整,76727007,77155591
20250125,博報堂,クリエイティブ統括,人事部,開発課,2024,202501,4Q,200002,経費,S004,見込,49546066,52930238
20240703,博報堂,管理統括,総務部,第一課,2024,202407,2Q,200001,人件費,S005,確定,446004988,444006168
20241224,博報堂プロダクツ,営業統括,総務部,第二課,2024,202412,3Q,300001,営業利益,S001,通常,27184141,31894838
20241117,博報堂DYメディアパートナーズ,営業統括,財務経理部,企画課,2024,202411,3Q,100002,売上原価,S001,通常,1028061,1231390
20250112,読売広告社,営業統括,第二営業部,企画課,2024,202501,4Q,300001,営業利益,S004,見込,253828514,272981693
20230808,博報堂プロダクツ,営業統括,制作部,管理課,2023,202308,2Q,400001,媒体手数料収入,S005,確定,339863666,474542981
20250309,博報堂プロダクツ,管理統括,制作部,推進課,2024,202503,4Q,200002,経費,S001,通常,135818131,142298335
20240317,博報堂DYメディアパートナーズ,営業統括,デジタルマーケティング部,第二課,2023,202403,4Q,100003,売上総利益,S004,見込,112149374,183705446
20250307,博報堂DYメディアパートナーズ,メディア統括,制作部,企画課,2024,202503,4Q,400001,媒体手数料収入,S002,特別,242807618,223853829
20250219,博報堂,クリエイティブ統括,制作部,第一課,2024,202502,4Q,200002,経費,S004,見込,89622741,78612893
20250225,大広,営業統括,クリエイティブ部,企画課,2024,202502,4Q,100002,売上原価,S004,見込,137182064,121826186
20241013,読売広告社,メディア統括,財務経理部,開発課,2024,202410,3Q,400002,制作収入,S001,通常,410814741,340497080
20240827,博報堂プロダクツ,クリエイティブ統括,経営企画部,推進課,2024,202408,2Q,400003,コンサルティング収入,S002,特別,484443986,479948532
20231002,読売広告社,営業統括,メディアプランニング部,開発課,2023,202310,3Q,500002,媒体社リベート,S005,確定,53261486,59150867
20250318,博報堂,メディア統括,人事部,推進課,2024,202503,4Q,200001,人件費,S004,見込,118709505,111738823
20231012,博報堂プロダクツ,営業統括,財務経理部,第一課,2023,202310,3Q,300001,営業利益,S003,調整,203321750,193572470
20230917,博報堂,クリエイティブ統括,経営企画部,推進課,2023,202309,2Q,200002,経費,S002,特別,638058774,463504958
20231120,博報堂,クリエイティブ統括,デジタルマーケティング部,第一課,2023,202311,3Q,300002,経常利益,S003,調整,272045180,250620182
20240214,博報堂プロダクツ,管理統括,財務経理部,企画課,2023,202402,4Q,300001,営業利益,S002,特別,20018292,22264208
20240718,読売広告社,デジタル統括,制作部,第三課,2024,202407,2Q,200001,人件費,S002,特別,167322925,248924133
20240402,読売広告社,クリエイティブ統括,デジタルマーケティング部,第三課,2024,202404,1Q,500002,媒体社リベート,S004,見込,20074247,21177374
20240713,大広,管理統括,第二営業部,第二課,2024,202407,2Q,200001,人件費,S003,調整,353738582,273991716
20240317,博報堂,管理統括,総務部,管理課,2023,202403,4Q,300002,経常利益,S005,確定,340704921,460613436
20250108,博報堂プロダクツ,クリエイティブ統括,デジタルマーケティング部,第二課,2024,202501,4Q,400001,媒体手数料収入,S003,調整,455168029,445921170
20240316,読売広告社,デジタル統括,第一営業部,第三課,2023,202403,4Q,400002,制作収入,S001,通常,244880877,350719674
20241108,読売広告社,管理統括,財務経理部,第二課,2024,202411,3Q,200002,経費,S002,特別,199313021,230911454
20230604,博報堂プロダクツ,営業統括,総務部,第二課,2023,202306,1Q,100003,売上総利益,S005,確定,426310815,337905473
20230617,博報堂,営業統括,財務経理部,運用課,2023,202306,1Q,100001,売上高,S004,見込,506641840,456365444
20240501,博報堂DYメディアパートナーズ,管理統括,クリエイティブ部,管理課,2024,202405,1Q,400003,コンサルティング収入,S004,見込,407077772,316232264
20230427,博報堂DYメディアパートナーズ,メディア統括,財務経理部,第一課,2023,202304,1Q,400002,制作収入,S001,通常,559763538,480743647
20231103,大広,メディア統括,経営企画部,企画課,2023,202311,3Q,100001,売上高,S002,特別,46009331,49012630
20240315,大広,クリエイティブ統括,第一営業部,開発課,2023,202403,4Q,100003,売上総利益,S004,見込,501211319,430952545
20230614,博報堂プロダクツ,クリエイティブ統括,人事部,第三課,2023,202306,1Q,400001,媒体手数料収入,S002,特別,162903667,183720896
20250101,博報堂,メディア統括,経営企画部,第二課,2024,202501,4Q,100001,売上高,S005,確定,227500178,253694717
20231028,博報堂,管理統括,第二営業部,第一課,2023,202310,3Q,200001,人件費,S002,特別,6014334,9947521
20231205,読売広告社,デジタル統括,総務部,企画課,2023,202312,3Q,300002,経常利益,S005,確定,321268947,266754994
20230907,博報堂,デジタル統括,総務部,開発課,2023,202309,2Q,300001,営業利益,S005,確定,106235896,79916643
20250216,読売広告社,管理統括,第一営業部,第一課,2024,202502,4Q,500001,広告主負担金,S001,通常,83060683,101249408
20230626,博報堂,管理統括,人事部,管理課,2023,202306,1Q,500001,広告主負担金,S003,調整,257081806,239819667
20241116,大広,管理統括,メディアプランニング部,第一課,2024,202411,3Q,500002,媒体社リベート,S002,特別,251779852,273873845
20230401,博報堂,デジタル統括,第二営業部,第二課,2023,202304,1Q,400001,媒体手数料収入,S002,特別,382269541,407693425
20230704,大広,営業統括,経営企画部,運用課,2023,202307,2Q,500001,広告主負担金,S001,通常,123054705,135637821
20230710,読売広告社,メディア統括,クリエイティブ部,推進課,2023,202307,2Q,100002,売上原価,S002,特別,124646991,100713048
20240903,読売広告社,デジタル統括,第一営業部,第三課,2024,202409,2Q,400001,媒体手数料収入,S004,見込,218723081,340043060
20230914,博報堂,クリエイティブ統括,デジタルマーケティング部,管理課,2023,202309,2Q,300002,経常利益,S002,特別,390584257,406754498
20240827,博報堂,管理統括,経営企画部,運用課,2024,202408,2Q,400003,コンサルティング収入,S004,見込,71478105,103024869
20230921,読売広告社,管理統括,メディアプランニング部,開発課,2023,202309,2Q,400001,媒体手数料収入,S003,調整,410967871,422600917
20241020,博報堂プロダクツ,デジタル統括,財務経理部,第二課,2024,202410,3Q,300002,経常利益,S003,調整,335167491,365345431
20240201,読売広告社,メディア統括,第一営業部,運用課,2023,202402,4Q,500002,媒体社リベート,S001,通常,200000981,258445166
20230727,博報堂,クリエイティブ統括,制作部,運用課,2023,202307,2Q,100002,売上原価,S002,特別,533231343,485037226
20250304,博報堂,クリエイティブ統括,総務部,管理課,2024,202503,4Q,100002,売上原価,S003,調整,239239153,264897125
20241123,博報堂DYメディアパートナーズ,デジタル統括,メディアプランニング部,推進課,2024,202411,3Q,500001,広告主負担金,S001,通常,85243609,99150255
20230825,博報堂プロダクツ,クリエイティブ統括,第一営業部,運用課,2023,202308,2Q,200002,経費,S005,確定,231306017,348884398
20240318,博報堂DYメディアパートナーズ,デジタル統括,第一営業部,推進課,2023,202403,4Q,100002,売上原価,S004,見込,423749534,457613437
20250323,読売広告社,管理統括,クリエイティブ部,開発課,2024,202503,4Q,200002,経費,S001,通常,472740175,368132958
20241006,博報堂,デジタル統括,経営企画部,第三課,2024,202410,3Q,300002,経常利益,S002,特別,393197263,427686089
20230520,博報堂DYメディアパートナーズ,クリエイティブ統括,制作部,運用課,2023,202305,1Q,100001,売上高,S005,確定,19803838,21158593
20241023,大広,クリエイティブ統括,デジタルマーケティング部,第三課,2024,202410,3Q,100002,売上原価,S003,調整,254768626,353496785
20240610,博報堂プロダクツ,クリエイティブ統括,制作部,管理課,2024,202406,1Q,100002,売上原価,S004,見込,103751604,144567279
20230527,博報堂プロダクツ,営業統括,財務経理部,企画課,2023,202305,1Q,300002,経常利益,S005,確定,627908458,489859042
20230609,大広,営業統括,第二営業部,推進課,2023,202306,1Q,200003,減価償却費,S005,確定,159329168,180795964
20240905,博報堂,営業統括,制作部,推進課,2024,202409,2Q,200002,経費,S005,確定,404938741,305941995
20231117,博報堂DYメディアパートナーズ,クリエイティブ統括,第一営業部,推進課,2023,202311,3Q,100002,売上原価,S002,特別,472306778,465683997
20240903,博報堂DYメディアパートナーズ,デジタル統括,人事部,運用課,2024,202409,2Q,500001,広告主負担金,S001,通常,18719508,18065518
20241123,読売広告社,管理統括,総務部,運用課,2024,202411,3Q,400001,媒体手数料収入,S002,特別,316925194,482715594
20230620,大広,営業統括,第一営業部,企画課,2023,202306,1Q,100003,売上総利益,S004,見込,42599051,32326441
20231227,博報堂,管理統括,財務経理部,運用課,2023,202312,3Q,400003,コンサルティング収入,S004,見込,542142220,413136599
20230916,大広,管理統括,第二営業部,管理課,2023,202309,2Q,300001,営業利益,S001,通常,498522421,358404705
20240802,博報堂DYメディアパートナーズ,営業統括,第一営業部,運用課,2024,202408,2Q,300001,営業利益,S003,調整,478562565,470426995
20241216,博報堂プロダクツ,営業統括,メディアプランニング部,第二課,2024,202412,3Q,500001,広告主負担金,S001,通常,128626233,92900567
20231015,大広,デジタル統括,財務経理部,開発課,2023,202310,3Q,500001,広告主負担金,S001,通常,575722021,456163295
20240828,読売広告社,管理統括,人事部,第一課,2024,202408,2Q,200001,人件費,S004,見込,233040493,183726311
20230608,読売広告社,デジタル統括,経営企画部,企画課,2023,202306,1Q,200001,人件費,S001,通常,69697985,96122474
20230920,大広,管理統括,第一営業部,運用課,2023,202309,2Q,300002,経常利益,S005,確定,293869309,443556475
20250302,博報堂DYメディアパートナーズ,デジタル統括,クリエイティブ部,第三課,2024,202503,4Q,200001,人件費,S004,見込,101153538,123474174
20240301,読売広告社,管理統括,財務経理部,第三課,2023,202403,4Q,400003,コンサルティング収入,S004,見込,249331704,219196571
20240106,博報堂プロダクツ,管理統括,第二営業部,管理課,2023,202401,4Q,200002,経費,S003,調整,441378679,425441733
20241226,博報堂プロダクツ,営業統括,制作部,企画課,2024,202412,3Q,200001,人件費,S003,調整,140993417,149991701
20230813,読売広告社,営業統括,財務経理部,管理課,2023,202308,2Q,300001,営業利益,S005,確定,219017506,165654891
20241227,読売広告社,デジタル統括,財務経理部,第一課,2024,202412,3Q,200003,減価償却費,S005,確定,309697529,327003572
20250308,博報堂DYメディアパートナーズ,管理統括,メディアプランニング部,第一課,2024,202503,4Q,300002,経常利益,S004,見込,310019535,390135936
20240707,博報堂DYメディアパートナーズ,メディア統括,経営企画部,第三課,2024,202407,2Q,400003,コンサルティング収入,S001,通常,313940525,234781472
20240821,読売広告社,メディア統括,人事部,管理課,2024,202408,2Q,200001,人件費,S005,確定,202939215,241555369
20240627,大広,営業統括,総務部,企画課,2024,202406,1Q,100003,売上総利益,S001,通常,469792657,359405165
20240301,博報堂プロダクツ,管理統括,第一営業部,企画課,2023,202403,4Q,300002,経常利益,S001,通常,35346860,47474688
20230404,博報堂,メディア統括,人事部,第三課,2023,202304,1Q,200001,人件費,S004,見込,199727957,312867938
20230727,博報堂,メディア統括,総務部,管理課,2023,202307,2Q,100001,売上高,S003,調整,19042663,29693946
20241026,読売広告社,デジタル統括,デジタルマーケティング部,企画課,2024,202410,3Q,400001,媒体手数料収入,S002,特別,573284721,469696370
20241115,読売広告社,メディア統括,総務部,第一課,2024,202411,3Q,200003,減価償却費,S004,見込,163518910,225733482
20241219,博報堂,メディア統括,人事部,管理課,2024,202412,3Q,100003,売上総利益,S005,確定,171340468,198919942
20240101,読売広告社,デジタル統括,人事部,企画課,2023,202401,4Q,300001,営業利益,S004,見込,13779812,20660601
20250201,博報堂,営業統括,人事部,第二課,2024,202502,4Q,200002,経費,S004,見込,387317590,477309664
20240721,博報堂プロダクツ,デジタル統括,総務部,開発課,2024,202407,2Q,400002,制作収入,S005,確定,88531105,77417565
20240106,博報堂プロダクツ,管理統括,第二営業部,第二課,2023,202401,4Q,100001,売上高,S001,通常,139381867,109990800
20230616,博報堂プロダクツ,デジタル統括,クリエイティブ部,開発課,2023,202306,1Q,100002,売上原価,S002,特別,68892241,50324829
20250109,博報堂プロダクツ,管理統括,総務部,開発課,2024,202501,4Q,200003,減価償却費,S001,通常,115326164,179775314
20240608,博報堂DYメディアパートナーズ,デジタル統括,総務部,管理課,2024,202406,1Q,400002,制作収入,S003,調整,107341162,93592150
20241004,大広,クリエイティブ統括,総務部,第二課,2024,202410,3Q,200002,経費,S002,特別,79693213,115921278
20241101,大広,営業統括,財務経理部,運用課,2024,202411,3Q,100002,売上原価,S001,通常,85965391,84330813
20230616,博報堂プロダクツ,デジタル統括,財務経理部,運用課,2023,202306,1Q,100001,売上高,S004,見込,335689380,361507981
20240625,博報堂,クリエイティブ統括,財務経理部,第三課,2024,202406,1Q,100003,売上総利益,S004,見込,2114044,3376036
20231101,読売広告社,管理統括,総務部,第三課,2023,202311,3Q,400002,制作収入,S001,通常,328910378,269784152
20230503,博報堂DYメディアパートナーズ,メディア統括,経営企画部,開発課,2023,202305,1Q,100001,売上高,S005,確定,352245210,346482498
20230708,大広,営業統括,クリエイティブ部,第三課,2023,202307,2Q,400003,コンサルティング収入,S002,特別,141326226,118506645
20240523,大広,メディア統括,クリエイティブ部,第一課,2024,202405,1Q,500001,広告主負担金,S004,見込,219566504,320209956
20240823,博報堂,デジタル統括,総務部,運用課,2024,202408,2Q,400003,コンサルティング収入,S001,通常,81461437,62994974
20230516,読売広告社,デジタル統括,財務経理部,管理課,2023,202305,1Q,300002,経常利益,S005,確定,272434547,293725540
20240210,博報堂DYメディアパートナーズ,メディア統括,財務経理部,管理課,2023,202402,4Q,100001,売上高,S003,調整,611472721,484454685
20230727,博報堂DYメディアパートナーズ,管理統括,総務部,第二課,2023,202307,2Q,300002,経常利益,S002,特別,48811958,35673136
20230818,大広,営業統括,第二営業部,第二課,2023,202308,2Q,100003,売上総利益,S004,見込,304053995,222246782
20240821,博報堂プロダクツ,クリエイティブ統括,クリエイティブ部,第三課,2024,202408,2Q,100002,売上原価,S005,確定,204826618,164465795
20241120,博報堂,管理統括,クリエイティブ部,運用課,2024,202411,3Q,400001,媒体手数料収入,S005,確定,336490340,296875759
20230508,博報堂プロダクツ,クリエイティブ統括,総務部,第一課,2023,202305,1Q,400003,コンサルティング収入,S003,調整,361933703,340585166
20240601,博報堂DYメディアパートナーズ,デジタル統括,人事部,開発課,2024,202406,1Q,200001,人件費,S002,特別,30651106,41785479
20240525,博報堂DYメディアパートナーズ,メディア統括,制作部,第一課,2024,202405,1Q,100001,売上高,S001,通常,335585502,321611380
20241226,大広,営業統括,デジタルマーケティング部,第一課,2024,202412,3Q,500001,広告主負担金,S005,確定,88149293,63465208
20231203,博報堂DYメディアパートナーズ,クリエイティブ統括,人事部,第一課,2023,202312,3Q,200002,経費,S002,特別,226420332,253804274
20250228,博報堂DYメディアパートナーズ,メディア統括,人事部,運用課,2024,202502,4Q,100003,売上総利益,S003,調整,101642058,109499376
20240203,大広,クリエイティブ統括,人事部,第三課,2023,202402,4Q,100001,売上高,S003,調整,207883006,172007143
20240619,博報堂DYメディアパートナーズ,管理統括,経営企画部,管理課,2024,202406,1Q,400003,コンサルティング収入,S002,特別,302872877,473152773
20241115,大広,メディア統括,総務部,運用課,2024,202411,3Q,500002,媒体社リベート,S002,特別,13388029,13628943
20240911,読売広告社,メディア統括,人事部,第一課,2024,202409,2Q,300001,営業利益,S002,特別,141924454,115332090
20240301,大広,デジタル統括,人事部,運用課,2023,202403,4Q,400002,制作収入,S003,調整,304571699,271885250
20240125,博報堂,営業統括,第二営業部,第三課,2023,202401,4Q,500002,媒体社リベート,S002,特別,107240874,120831949
20240422,大広,営業統括,経営企画部,管理課,2024,202404,1Q,500001,広告主負担金,S003,調整,135796956,135253595
20240319,博報堂DYメディアパートナーズ,営業統括,経営企画部,管理課,2023,202403,4Q,300002,経常利益,S003,調整,64072181,58884014
20230902,大広,管理統括,第二営業部,開発課,2023,202309,2Q,500001,広告主負担金,S003,調整,264307406,198594437
20241221,博報堂DYメディアパートナーズ,デジタル統括,経営企画部,企画課,2024,202412,3Q,300002,経常利益,S003,調整,115633372,102526315
20250326,博報堂,管理統括,人事部,推進課,2024,202503,4Q,500002,媒体社リベート,S001,通常,301703006,332847731
20250219,博報堂DYメディアパートナーズ,管理統括,第一営業部,開発課,2024,202502,4Q,500001,広告主負担金,S002,特別,116795584,177205143
20250308,読売広告社,メディア統括,メディアプランニング部,推進課,2024,202503,4Q,400001,媒体手数料収入,S004,見込,328865935,294667533
20231111,博報堂,デジタル統括,人事部,企画課,2023,202311,3Q,400001,媒体手数料収入,S004,見込,308552656,275258960
20240924,大広,デジタル統括,総務部,企画課,2024,202409,2Q,400002,制作収入,S004,見込,186961574,169796150
20240903,大広,営業統括,経営企画部,管理課,2024,202409,2Q,100003,売上総利益,S005,確定,308906097,249901755
20240926,博報堂プロダクツ,デジタル統括,メディアプランニング部,企画課,2024,202409,2Q,300002,経常利益,S004,見込,219281726,269887848
20230823,読売広告社,クリエイティブ統括,人事部,第一課,2023,202308,2Q,100002,売上原価,S005,確定,497109811,449697701
20250215,読売広告社,営業統括,総務部,第二課,2024,202502,4Q,500001,広告主負担金,S005,確定,415949020,304594817
20241223,大広,メディア統括,第一営業部,第三課,2024,202412,3Q,400001,媒体手数料収入,S005,確定,343478747,449328419
20231213,博報堂,営業統括,第二営業部,第二課,2023,202312,3Q,400001,媒体手数料収入,S002,特別,546531755,465549479
20240327,博報堂,営業統括,デジタルマーケティング部,管理課,2023,202403,4Q,200002,経費,S003,調整,38423070,49376707
20230804,博報堂プロダクツ,営業統括,デジタルマーケティング部,第二課,2023,202308,2Q,300002,経常利益,S004,見込,170052364,212626042
20240509,大広,営業統括,デジタルマーケティング部,企画課,2024,202405,1Q,200001,人件費,S002,特別,97319844,81158810
20240602,博報堂プロダクツ,管理統括,クリエイティブ部,推進課,2024,202406,1Q,100001,売上高,S005,確定,94405187,71361400
20230919,大広,クリエイティブ統括,経営企画部,運用課,2023,202309,2Q,100001,売上高,S003,調整,24010721,19525393
20230917,博報堂,デジタル統括,制作部,管理課,2023,202309,2Q,400001,媒体手数料収入,S002,特別,156339873,145253162
20250109,博報堂DYメディアパートナーズ,営業統括,第二営業部,管理課,2024,202501,4Q,400002,制作収入,S002,特別,410510424,439171221
20240920,博報堂プロダクツ,クリエイティブ統括,メディアプランニング部,運用課,2024,202409,2Q,100003,売上総利益,S002,特別,222051659,212812443
20240402,博報堂DYメディアパートナーズ,管理統括,第一営業部,推進課,2024,202404,1Q,100001,売上高,S005,確定,105463298,82270400
20241104,読売広告社,メディア統括,クリエイティブ部,第一課,2024,202411,3Q,200002,経費,S002,特別,449835668,443681513
20231006,博報堂DYメディアパートナーズ,営業統括,第二営業部,運用課,2023,202310,3Q,400001,媒体手数料収入,S005,確定,225997502,171544626
20230817,読売広告社,営業統括,経営企画部,運用課,2023,202308,2Q,300002,経常利益,S001,通常,537367427,434790356
20250213,大広,デジタル統括,財務経理部,運用課,2024,202502,4Q,400003,コンサルティング収入,S005,確定,384612483,419513703
20250309,博報堂,管理統括,第二営業部,開発課,2024,202503,4Q,300002,経常利益,S002,特別,50353481,61223991
20230801,博報堂プロダクツ,デジタル統括,経営企画部,第二課,2023,202308,2Q,400002,制作収入,S002,特別,202006481,154792978
20231006,博報堂DYメディアパートナーズ,デジタル統括,メディアプランニング部,開発課,2023,202310,3Q,300002,経常利益,S003,調整,156485578,144698713
20240510,博報堂DYメディアパートナーズ,メディア統括,制作部,第二課,2024,202405,1Q,100003,売上総利益,S002,特別,151395850,201463164
20240718,大広,管理統括,クリエイティブ部,推進課,2024,202407,2Q,400003,コンサルティング収入,S005,確定,323309650,357285083
20250218,博報堂,クリエイティブ統括,人事部,推進課,2024,202502,4Q,400001,媒体手数料収入,S002,特別,115581024,132914936
20230921,博報堂プロダクツ,管理統括,第一営業部,第二課,2023,202309,2Q,500001,広告主負担金,S002,特別,257765868,378312384
20240407,大広,管理統括,人事部,運用課,2024,202404,1Q,400002,制作収入,S005,確定,621455631,472394067
20241103,大広,管理統括,クリエイティブ部,運用課,2024,202411,3Q,200003,減価償却費,S004,見込,643169847,475366558
20240620,大広,クリエイティブ統括,第二営業部,第二課,2024,202406,1Q,200001,人件費,S004,見込,158808271,163175778
20241015,博報堂DYメディアパートナーズ,営業統括,メディアプランニング部,開発課,2024,202410,3Q,200003,減価償却費,S005,確定,594868857,449995735
20240302,読売広告社,クリエイティブ統括,クリエイティブ部,第一課,2023,202403,4Q,400003,コンサルティング収入,S004,見込,176217815,231605253
20240203,読売広告社,クリエイティブ統括,人事部,第一課,2023,202402,4Q,100003,売上総利益,S004,見込,598517851,457467281
20230617,博報堂プロダクツ,管理統括,デジタルマーケティング部,第二課,2023,202306,1Q,300001,営業利益,S003,調整,14295607,21972522
20240815,博報堂DYメディアパートナーズ,管理統括,制作部,運用課,2024,202408,2Q,400003,コンサルティング収入,S003,調整,111943168,82931705
20240228,博報堂プロダクツ,メディア統括,メディアプランニング部,開発課,2023,202402,4Q,300002,経常利益,S001,通常,237784503,196662294
20250221,読売広告社,デジタル統括,デジタルマーケティング部,第二課,2024,202502,4Q,100002,売上原価,S001,通常,212891334,219202099
20241116,博報堂,営業統括,メディアプランニング部,開発課,2024,202411,3Q,500002,媒体社リベート,S003,調整,554883049,404087127
20250124,博報堂プロダクツ,クリエイティブ統括,クリエイティブ部,開発課,2024,202501,4Q,200003,減価償却費,S001,通常,236847309,183199950
20240112,博報堂DYメディアパートナーズ,管理統括,第一営業部,運用課,2023,202401,4Q,500001,広告主負担金,S003,調整,354809090,326974576
20250308,読売広告社,管理統括,経営企画部,第三課,2024,202503,4Q,500001,広告主負担金,S002,特別,342689196,323045334
20241119,博報堂プロダクツ,メディア統括,人事部,管理課,2024,202411,3Q,400001,媒体手数料収入,S001,通常,148452352,115067628
20240115,大広,メディア統括,人事部,開発課,2023,202401,4Q,500002,媒体社リベート,S004,見込,91871901,70770785
20250125,博報堂,メディア統括,第二営業部,運用課,2024,202501,4Q,300002,経常利益,S003,調整,445111367,437271328
20240522,博報堂DYメディアパートナーズ,管理統括,経営企画部,企画課,2024,202405,1Q,100001,売上高,S004,見込,106044250,130803169
20230622,博報堂,メディア統括,制作部,第二課,2023,202306,1Q,200001,人件費,S001,通常,114626378,126160047
20240220,博報堂,営業統括,経営企画部,第三課,2023,202402,4Q,100001,売上高,S005,確定,304903927,281354511
20240702,博報堂プロダクツ,管理統括,財務経理部,開発課,2024,202407,2Q,400002,制作収入,S003,調整,349080799,436390565
20231025,大広,営業統括,制作部,第二課,2023,202310,3Q,500001,広告主負担金,S003,調整,288193951,385977219
20241117,大広,管理統括,第二営業部,管理課,2024,202411,3Q,500001,広告主負担金,S004,見込,244236596,392977143
20230703,大広,メディア統括,第二営業部,企画課,2023,202307,2Q,200001,人件費,S003,調整,365713683,425923221
20250320,読売広告社,メディア統括,人事部,運用課,2024,202503,4Q,100001,売上高,S005,確定,147271803,208210865
20241007,読売広告社,デジタル統括,クリエイティブ部,企画課,2024,202410,3Q,500002,媒体社リベート,S004,見込,130236988,203957843
20240622,博報堂DYメディアパートナーズ,クリエイティブ統括,財務経理部,第一課,2024,202406,1Q,500002,媒体社リベート,S003,調整,179561755,258492991
20240806,読売広告社,営業統括,第二営業部,企画課,2024,202408,2Q,500002,媒体社リベート,S002,特別,375751726,296741889
20240325,大広,メディア統括,制作部,第二課,2023,202403,4Q,400001,媒体手数料収入,S003,調整,169069149,233514703
20230704,博報堂DYメディアパートナーズ,クリエイティブ統括,総務部,管理課,2023,202307,2Q,300001,営業利益,S005,確定,200084844,186697698
20240117,大広,デジタル統括,制作部,企画課,2023,202401,4Q,300001,営業利益,S003,調整,38336650,33953606
20240507,読売広告社,営業統括,デジタルマーケティング部,運用課,2024,202405,1Q,100002,売上原価,S004,見込,75471108,54665832
20230813,博報堂,営業統括,第一営業部,管理課,2023,202308,2Q,400003,コンサルティング収入,S004,見込,86934929,141781237
20231113,読売広告社,クリエイティブ統括,デジタルマーケティング部,第二課,2023,202311,3Q,400001,媒体手数料収入,S004,見込,257627515,264525954
20240414,博報堂プロダクツ,営業統括,総務部,第三課,2024,202404,1Q,200003,減価償却費,S003,調整,484800375,385349895
20231125,博報堂,営業統括,総務部,開発課,2023,202311,3Q,100001,売上高,S001,通常,47212438,41052033
20240507,大広,営業統括,財務経理部,第二課,2024,202405,1Q,400002,制作収入,S001,通常,214732907,326187028
20240405,読売広告社,デジタル統括,メディアプランニング部,運用課,2024,202404,1Q,200002,経費,S005,確定,352231995,418930502
20240405,博報堂プロダクツ,クリエイティブ統括,デジタルマーケティング部,第二課,2024,202404,1Q,200001,人件費,S002,特別,439209349,392284464
20241219,博報堂プロダクツ,管理統括,クリエイティブ部,開発課,2024,202412,3Q,400001,媒体手数料収入,S004,見込,23968606,27909536
20240722,大広,管理統括,総務部,企画課,2024,202407,2Q,300002,経常利益,S005,確定,281147835,366987717
20240510,大広,デジタル統括,クリエイティブ部,第二課,2024,202405,1Q,400002,制作収入,S003,調整,180164243,183345529
20230703,博報堂プロダクツ,営業統括,メディアプランニング部,運用課,2023,202307,2Q,500002,媒体社リベート,S001,通常,155297902,245980112
20241026,読売広告社,クリエイティブ統括,財務経理部,企画課,2024,202410,3Q,200003,減価償却費,S004,見込,107788265,115194451
20250113,博報堂プロダクツ,管理統括,人事部,運用課,2024,202501,4Q,100003,売上総利益,S004,見込,100132918,116254036
20230506,大広,営業統括,財務経理部,推進課,2023,202305,1Q,200003,減価償却費,S003,調整,40279824,47041220
20230910,博報堂プロダクツ,メディア統括,経営企画部,推進課,2023,202309,2Q,400001,媒体手数料収入,S004,見込,605311369,464787748
20240412,読売広告社,営業統括,人事部,第三課,2024,202404,1Q,300002,経常利益,S002,特別,253477470,260124848
20240418,読売広告社,メディア統括,デジタルマーケティング部,第二課,2024,202404,1Q,500002,媒体社リベート,S004,見込,393611321,358955368
20240710,読売広告社,営業統括,クリエイティブ部,推進課,2024,202407,2Q,400002,制作収入,S005,確定,269715782,326852918
20250110,博報堂プロダクツ,メディア統括,総務部,第二課,2024,202501,4Q,300002,経常利益,S005,確定,289049065,211110929
20240828,読売広告社,管理統括,人事部,開発課,2024,202408,2Q,100003,売上総利益,S005,確定,133680941,129895849
20240508,読売広告社,デジタル統括,第一営業部,第三課,2024,202405,1Q,100003,売上総利益,S005,確定,464697168,455216177
20241005,博報堂プロダクツ,メディア統括,制作部,企画課,2024,202410,3Q,400001,媒体手数料収入,S005,確定,50031450,44829158
20250323,読売広告社,営業統括,第二営業部,第一課,2024,202503,4Q,200003,減価償却費,S004,見込,219972387,294163779
20241120,博報堂DYメディアパートナーズ,管理統括,財務経理部,推進課,2024,202411,3Q,400003,コンサルティング収入,S005,確定,177723310,183796294
20231209,読売広告社,営業統括,メディアプランニング部,第一課,2023,202312,3Q,100001,売上高,S004,見込,482570156,385457214
20240814,博報堂DYメディアパートナーズ,メディア統括,デジタルマーケティング部,第一課,2024,202408,2Q,400001,媒体手数料収入,S004,見込,108190819,117831648
20250225,博報堂DYメディアパートナーズ,クリエイティブ統括,制作部,開発課,2024,202502,4Q,400003,コンサルティング収入,S003,調整,86604626,63107723
20230908,大広,メディア統括,第二営業部,管理課,2023,202309,2Q,100002,売上原価,S003,調整,38147878,59277886
20240116,大広,クリエイティブ統括,第二営業部,推進課,2023,202401,4Q,400003,コンサルティング収入,S003,調整,155226138,113401791
20240315,読売広告社,クリエイティブ統括,人事部,企画課,2023,202403,4Q,100003,売上総利益,S003,調整,349367220,385857437
20240701,読売広告社,管理統括,メディアプランニング部,第一課,2024,202407,2Q,400001,媒体手数料収入,S005,確定,292935003,241208378
20230522,読売広告社,営業統括,メディアプランニング部,第一課,2023,202305,1Q,100002,売上原価,S002,特別,390543741,402947442
20241006,大広,デジタル統括,人事部,開発課,2024,202410,3Q,400001,媒体手数料収入,S002,特別,65414018,83739579
20240424,博報堂,管理統括,クリエイティブ部,管理課,2024,202404,1Q,300002,経常利益,S001,通常,350854786,283176492
20240210,博報堂プロダクツ,メディア統括,財務経理部,第二課,2023,202402,4Q,200002,経費,S005,確定,154015549,194059870
20231207,大広,クリエイティブ統括,クリエイティブ部,運用課,2023,202312,3Q,200003,減価償却費,S003,調整,258429133,328695096
20230703,博報堂プロダクツ,メディア統括,人事部,管理課,2023,202307,2Q,500001,広告主負担金,S002,特別,432852269,408059454
20230618,読売広告社,メディア統括,経営企画部,第二課,2023,202306,1Q,400001,媒体手数料収入,S001,通常,605445255,494772419
20230518,読売広告社,営業統括,クリエイティブ部,推進課,2023,202305,1Q,300001,営業利益,S001,通常,164262407,255947015
20250105,博報堂,デジタル統括,第二営業部,第一課,2024,202501,4Q,500001,広告主負担金,S001,通常,270693854,283765536
20241205,博報堂プロダクツ,メディア統括,第二営業部,企画課,2024,202412,3Q,400002,制作収入,S002,特別,102001723,109641957
20240728,博報堂,デジタル統括,第一営業部,運用課,2024,202407,2Q,100001,売上高,S005,確定,264523560,202123472
20240509,大広,メディア統括,デジタルマーケティング部,第三課,2024,202405,1Q,100002,売上原価,S004,見込,255152672,220719159
20241024,大広,営業統括,経営企画部,第三課,2024,202410,3Q,100002,売上原価,S002,特別,328788557,253988412
20240427,博報堂プロダクツ,メディア統括,メディアプランニング部,第三課,2024,202404,1Q,400002,制作収入,S002,特別,306368080,447789281
20250220,博報堂プロダクツ,クリエイティブ統括,人事部,運用課,2024,202502,4Q,200002,経費,S003,調整,13346196,22115535
20240218,博報堂,デジタル統括,メディアプランニング部,第二課,2023,202402,4Q,400001,媒体手数料収入,S002,特別,103839060,75997428
20240224,大広,クリエイティブ統括,総務部,運用課,2023,202402,4Q,100002,売上原価,S003,調整,296699460,283586309
20230706,博報堂,管理統括,デジタルマーケティング部,推進課,2023,202307,2Q,500002,媒体社リベート,S001,通常,334885252,390627754
20240214,博報堂,クリエイティブ統括,第一営業部,第二課,2023,202402,4Q,200003,減価償却費,S003,調整,147093156,153405962
20230413,大広,クリエイティブ統括,メディアプランニング部,第一課,2023,202304,1Q,200003,減価償却費,S005,確定,478193248,362713761
20240822,博報堂,クリエイティブ統括,メディアプランニング部,開発課,2024,202408,2Q,300001,営業利益,S005,確定,580962149,457173014
20241102,博報堂,管理統括,人事部,開発課,2024,202411,3Q,500002,媒体社リベート,S002,特別,108247575,88293634
20250303,大広,管理統括,制作部,第二課,2024,202503,4Q,100002,売上原価,S005,確定,92777532,153627054
20230821,大広,クリエイティブ統括,第一営業部,開発課,2023,202308,2Q,200002,経費,S002,特別,139536706,115276235
20230702,大広,管理統括,第二営業部,第二課,2023,202307,2Q,400001,媒体手数料収入,S003,調整,422672349,446463331
20240201,大広,クリエイティブ統括,第二営業部,第二課,2023,202402,4Q,300001,営業利益,S001,通常,113831227,90817872
20240513,博報堂プロダクツ,管理統括,クリエイティブ部,開発課,2024,202405,1Q,200003,減価償却費,S003,調整,249390669,202491193
20241205,大広,営業統括,クリエイティブ部,第一課,2024,202412,3Q,500002,媒体社リベート,S005,確定,396639521,481814407
20250215,博報堂DYメディアパートナーズ,営業統括,第二営業部,管理課,2024,202502,4Q,100003,売上総利益,S004,見込,225009813,241159763
20240228,大広,管理統括,経営企画部,管理課,2023,202402,4Q,400001,媒体手数料収入,S001,通常,251511493,246206738
20240616,博報堂プロダクツ,メディア統括,デジタルマーケティング部,第一課,2024,202406,1Q,400001,媒体手数料収入,S003,調整,435518405,427748033
20240325,博報堂DYメディアパートナーズ,管理統括,第一営業部,運用課,2023,202403,4Q,100003,売上総利益,S003,調整,25398410,40659148
20240721,大広,クリエイティブ統括,クリエイティブ部,開発課,2024,202407,2Q,500001,広告主負担金,S005,確定,270879497,196935085
20250227,博報堂,営業統括,総務部,管理課,2024,202502,4Q,200002,経費,S001,通常,272699166,280905953
20241204,博報堂プロダクツ,営業統括,経営企画部,第三課,2024,202412,3Q,200003,減価償却費,S001,通常,177519566,210726581
20240101,大広,管理統括,財務経理部,管理課,2023,202401,4Q,100003,売上総利益,S005,確定,297166539,322620874
20230721,博報堂プロダクツ,クリエイティブ統括,経営企画部,推進課,2023,202307,2Q,400001,媒体手数料収入,S001,通常,311042235,287262367
20240226,大広,メディア統括,制作部,第三課,2023,202402,4Q,400001,媒体手数料収入,S002,特別,98796627,145173895
20240315,博報堂DYメディアパートナーズ,管理統括,財務経理部,推進課,2023,202403,4Q,300002,経常利益,S004,見込,256673775,230269238
20240808,博報堂DYメディアパートナーズ,営業統括,総務部,第一課,2024,202408,2Q,100002,売上原価,S002,特別,412196068,388175667
20240522,博報堂プロダクツ,メディア統括,第二営業部,企画課,2024,202405,1Q,100002,売上原価,S004,見込,212901950,277050830
20240310,博報堂,クリエイティブ統括,クリエイティブ部,第二課,2023,202403,4Q,100003,売上総利益,S003,調整,96051624,82107358
20230903,博報堂DYメディアパートナーズ,デジタル統括,財務経理部,管理課,2023,202309,2Q,100001,売上高,S004,見込,181008318,135434767
20230915,博報堂DYメディアパートナーズ,クリエイティブ統括,クリエイティブ部,推進課,2023,202309,2Q,100003,売上総利益,S002,特別,80115730,60696927
20231204,読売広告社,管理統括,財務経理部,第三課,2023,202312,3Q,400001,媒体手数料収入,S002,特別,502240009,430803677
20241002,博報堂DYメディアパートナーズ,メディア統括,経営企画部,管理課,2024,202410,3Q,100001,売上高,S003,調整,400382445,357590224
20230617,大広,メディア統括,第二営業部,第一課,2023,202306,1Q,300001,営業利益,S002,特別,26028290,36806112
20231110,読売広告社,営業統括,デジタルマーケティング部,推進課,2023,202311,3Q,500001,広告主負担金,S004,見込,154203311,195214648
20250224,博報堂プロダクツ,クリエイティブ統括,メディアプランニング部,第三課,2024,202502,4Q,500001,広告主負担金,S004,見込,153630381,153177965
20241002,博報堂プロダクツ,クリエイティブ統括,メディアプランニング部,企画課,2024,202410,3Q,300001,営業利益,S005,確定,227560281,240705427
20240509,大広,営業統括,デジタルマーケティング部,第二課,2024,202405,1Q,200003,減価償却費,S005,確定,390928194,406528836
20250216,博報堂,クリエイティブ統括,人事部,第二課,2024,202502,4Q,300002,経常利益,S005,確定,284586501,251575659
20240102,博報堂プロダクツ,デジタル統括,デジタルマーケティング部,第三課,2023,202401,4Q,400003,コンサルティング収入,S004,見込,85561014,95700029
20240910,読売広告社,メディア統括,財務経理部,管理課,2024,202409,2Q,400002,制作収入,S004,見込,123178039,106260993
20240417,大広,管理統括,デジタルマーケティング部,運用課,2024,202404,1Q,400002,制作収入,S004,見込,61015634,57169224
20240926,博報堂プロダクツ,クリエイティブ統括,人事部,企画課,2024,202409,2Q,200001,人件費,S002,特別,295814556,491252836
20241015,読売広告社,営業統括,総務部,第一課,2024,202410,3Q,200002,経費,S003,調整,452722215,338597747
20240207,博報堂DYメディアパートナーズ,クリエイティブ統括,経営企画部,管理課,2023,202402,4Q,300002,経常利益,S001,通常,208763951,173675358
20240604,大広,クリエイティブ統括,人事部,推進課,2024,202406,1Q,500002,媒体社リベート,S003,調整,474919265,354795522
20231001,大広,管理統括,デジタルマーケティング部,運用課,2023,202310,3Q,300002,経常利益,S002,特別,8724562,6724600
20240920,博報堂プロダクツ,デジタル統括,第二営業部,推進課,2024,202409,2Q,400003,コンサルティング収入,S002,特別,300134062,364682517
20231010,大広,デジタル統括,制作部,企画課,2023,202310,3Q,400003,コンサルティング収入,S003,調整,246354886,346312815
20231213,博報堂,デジタル統括,経営企画部,開発課,2023,202312,3Q,300002,経常利益,S005,確定,411053064,315485871
20231002,博報堂プロダクツ,営業統括,制作部,推進課,2023,202310,3Q,400001,媒体手数料収入,S002,特別,109200518,178499202
20240818,博報堂,管理統括,クリエイティブ部,管理課,2024,202408,2Q,500001,広告主負担金,S001,通常,228243466,284329091
20250105,読売広告社,営業統括,財務経理部,開発課,2024,202501,4Q,500002,媒体社リベート,S004,見込,458397316,384327242
20240616,読売広告社,管理統括,総務部,運用課,2024,202406,1Q,100002,売上原価,S003,調整,435921515,473535550
20230710,大広,管理統括,第一営業部,第一課,2023,202307,2Q,300001,営業利益,S002,特別,427657161,359344228
20240103,博報堂,管理統括,クリエイティブ部,企画課,2023,202401,4Q,200002,経費,S005,確定,421525680,351449979
20250117,読売広告社,デジタル統括,総務部,第三課,2024,202501,4Q,100001,売上高,S003,調整,233118676,175061564
20240204,博報堂プロダクツ,管理統括,メディアプランニング部,開発課,2023,202402,4Q,100003,売上総利益,S001,通常,234550078,198462975
20240512,博報堂,メディア統括,クリエイティブ部,推進課,2024,202405,1Q,300002,経常利益,S001,通常,173414965,142265422
20240715,博報堂DYメディアパートナーズ,営業統括,財務経理部,第三課,2024,202407,2Q,200002,経費,S005,確定,465905444,474069423
20230908,博報堂,デジタル統括,メディアプランニング部,第三課,2023,202309,2Q,100001,売上高,S002,特別,27951576,22023936
20250120,博報堂プロダクツ,管理統括,第一営業部,第二課,2024,202501,4Q,200003,減価償却費,S004,見込,212691966,342041459
20230717,博報堂プロダクツ,メディア統括,経営企画部,第一課,2023,202307,2Q,100003,売上総利益,S005,確定,307342815,246136020
20250124,博報堂DYメディアパートナーズ,営業統括,制作部,推進課,2024,202501,4Q,500001,広告主負担金,S002,特別,74278322,114861662
20230726,読売広告社,管理統括,財務経理部,開発課,2023,202307,2Q,500002,媒体社リベート,S004,見込,68649275,65713453
20240519,読売広告社,管理統括,人事部,運用課,2024,202405,1Q,300002,経常利益,S002,特別,324892648,349514478
20241205,読売広告社,デジタル統括,クリエイティブ部,第三課,2024,202412,3Q,200003,減価償却費,S004,見込,172617714,206714299
20240926,大広,メディア統括,クリエイティブ部,企画課,2024,202409,2Q,200002,経費,S001,通常,221932614,249757236
20240626,博報堂プロダクツ,管理統括,メディアプランニング部,運用課,2024,202406,1Q,200003,減価償却費,S004,見込,295546394,440405518
20231112,博報堂,メディア統括,経営企画部,運用課,2023,202311,3Q,400001,媒体手数料収入,S002,特別,324091220,422887475
20231024,博報堂プロダクツ,デジタル統括,制作部,第三課,2023,202310,3Q,100001,売上高,S003,調整,55404900,77253215
20240721,大広,デジタル統括,財務経理部,管理課,2024,202407,2Q,100001,売上高,S004,見込,12990128,9333967
20230413,博報堂プロダクツ,管理統括,制作部,企画課,2023,202304,1Q,100003,売上総利益,S004,見込,223937694,166532657
20230703,大広,デジタル統括,デジタルマーケティング部,開発課,2023,202307,2Q,100001,売上高,S003,調整,69040511,73833166
20250310,博報堂プロダクツ,管理統括,人事部,運用課,2024,202503,4Q,200003,減価償却費,S005,確定,195061668,312636263
20240317,大広,デジタル統括,第二営業部,運用課,2023,202403,4Q,400001,媒体手数料収入,S002,特別,241990747,360734731
20240528,博報堂プロダクツ,デジタル統括,デジタルマーケティング部,管理課,2024,202405,1Q,200002,経費,S003,調整,351107718,281099054
20240320,博報堂,メディア統括,人事部,開発課,2023,202403,4Q,400003,コンサルティング収入,S003,調整,120414781,112143372
20230417,博報堂,クリエイティブ統括,財務経理部,第一課,2023,202304,1Q,200001,人件費,S005,確定,267317997,279507532
20230719,大広,メディア統括,第二営業部,第一課,2023,202307,2Q,200003,減価償却費,S003,調整,179306978,158733545
20231225,博報堂DYメディアパートナーズ,デジタル統括,経営企画部,第二課,2023,202312,3Q,100002,売上原価,S004,見込,160603238,144791669
20240914,大広,メディア統括,経営企画部,第三課,2024,202409,2Q,400001,媒体手数料収入,S002,特別,224869839,283261674
20230624,博報堂プロダクツ,営業統括,デジタルマーケティング部,開発課,2023,202306,1Q,300002,経常利益,S001,通常,313574231,499808808
20250217,大広,メディア統括,クリエイティブ部,運用課,2024,202502,4Q,100001,売上高,S004,見込,269072931,261727104
20240902,大広,クリエイティブ統括,第二営業部,開発課,2024,202409,2Q,200002,経費,S002,特別,190109777,140365128
20240213,博報堂プロダクツ,デジタル統括,第二営業部,第三課,2023,202402,4Q,300001,営業利益,S003,調整,644436204,499349002
20250325,博報堂,クリエイティブ統括,財務経理部,第一課,2024,202503,4Q,400001,媒体手数料収入,S004,見込,463468586,437816325
20231011,大広,営業統括,クリエイティブ部,管理課,2023,202310,3Q,100001,売上高,S003,調整,334523742,269379847
20250124,博報堂プロダクツ,営業統括,経営企画部,企画課,2024,202501,4Q,400003,コンサルティング収入,S001,通常,65188164,52317057
20230810,大広,メディア統括,メディアプランニング部,企画課,2023,202308,2Q,100001,売上高,S001,通常,153794367,151665993
20240210,博報堂,メディア統括,人事部,運用課,2023,202402,4Q,400002,制作収入,S002,特別,173104666,211711506
20240420,博報堂プロダクツ,クリエイティブ統括,第二営業部,推進課,2024,202404,1Q,500002,媒体社リベート,S005,確定,403294126,344138408
20241114,博報堂プロダクツ,管理統括,メディアプランニング部,第二課,2024,202411,3Q,400003,コンサルティング収入,S005,確定,314328629,382178173
20250120,博報堂プロダクツ,クリエイティブ統括,人事部,運用課,2024,202501,4Q,200001,人件費,S004,見込,306620119,267023029
20231105,読売広告社,管理統括,第二営業部,推進課,2023,202311,3Q,300002,経常利益,S003,調整,423396319,471130234
20240906,博報堂DYメディアパートナーズ,管理統括,財務経理部,第三課,2024,202409,2Q,100002,売上原価,S001,通常,37169982,36198777
20241224,読売広告社,管理統括,経営企画部,運用課,2024,202412,3Q,300002,経常利益,S002,特別,280795215,221418613
20240607,博報堂,管理統括,クリエイティブ部,開発課,2024,202406,1Q,200001,人件費,S003,調整,293192867,391239101
20240921,博報堂,メディア統括,第二営業部,第三課,2024,202409,2Q,400003,コンサルティング収入,S005,確定,141367151,129908100
20250125,博報堂プロダクツ,クリエイティブ統括,クリエイティブ部,開発課,2024,202501,4Q,500002,媒体社リベート,S003,調整,239411428,208314622
20230527,博報堂DYメディアパートナーズ,クリエイティブ統括,人事部,開発課,2023,202305,1Q,200002,経費,S001,通常,500843210,417734597
20240210,読売広告社,管理統括,クリエイティブ部,第二課,2023,202402,4Q,400002,制作収入,S005,確定,459607021,460980905
20241126,博報堂DYメディアパートナーズ,営業統括,第二営業部,運用課,2024,202411,3Q,500002,媒体社リベート,S005,確定,131837722,147521228
20230621,博報堂,管理統括,第二営業部,第二課,2023,202306,1Q,200002,経費,S003,調整,46169412,37673221
20240608,大広,クリエイティブ統括,総務部,第三課,2024,202406,1Q,500001,広告主負担金,S004,見込,559011233,428786795
20240419,博報堂プロダクツ,管理統括,クリエイティブ部,第一課,2024,202404,1Q,400003,コンサルティング収入,S003,調整,562834246,423076581
20241013,読売広告社,営業統括,制作部,第三課,2024,202410,3Q,100002,売上原価,S004,見込,601608450,463774086
20250128,博報堂プロダクツ,メディア統括,デジタルマーケティング部,第一課,2024,202501,4Q,100001,売上高,S002,特別,129150314,120530733
20231210,博報堂プロダクツ,管理統括,第二営業部,第三課,2023,202312,3Q,500001,広告主負担金,S003,調整,92510654,153449573
20240317,読売広告社,メディア統括,メディアプランニング部,運用課,2023,202403,4Q,100003,売上総利益,S001,通常,604060758,435967512
20241220,博報堂プロダクツ,営業統括,制作部,開発課,2024,202412,3Q,400003,コンサルティング収入,S003,調整,372936950,384805439
20240610,博報堂プロダクツ,クリエイティブ統括,経営企画部,管理課,2024,202406,1Q,300002,経常利益,S001,通常,339335824,433313102
20230712,博報堂DYメディアパートナーズ,デジタル統括,第二営業部,推進課,2023,202307,2Q,100003,売上総利益,S005,確定,267365772,290479398
20231205,大広,メディア統括,第一営業部,推進課,2023,202312,3Q,400003,コンサルティング収入,S004,見込,119160537,88567168
20250223,博報堂DYメディアパートナーズ,クリエイティブ統括,メディアプランニング部,第三課,2024,202502,4Q,200003,減価償却費,S003,調整,336543535,449359564
20231103,博報堂,クリエイティブ統括,第二営業部,第一課,2023,202311,3Q,400003,コンサルティング収入,S003,調整,193958274,231011789
20240706,読売広告社,営業統括,第二営業部,第一課,2024,202407,2Q,100002,売上原価,S004,見込,206901519,227226366
20240118,博報堂DYメディアパートナーズ,営業統括,第一営業部,第三課,2023,202401,4Q,100001,売上高,S004,見込,298097160,326951089
20250228,読売広告社,管理統括,デジタルマーケティング部,管理課,2024,202502,4Q,100002,売上原価,S004,見込,450238708,473847668
20240301,博報堂,クリエイティブ統括,財務経理部,開発課,2023,202403,4Q,100001,売上高,S001,通常,344544188,441351902
20230901,博報堂プロダクツ,メディア統括,人事部,第二課,2023,202309,2Q,200001,人件費,S004,見込,131622296,151199579
20230604,博報堂DYメディアパートナーズ,管理統括,総務部,第三課,2023,202306,1Q,400003,コンサルティング収入,S004,見込,333535864,296025530
20241002,博報堂,メディア統括,総務部,企画課,2024,202410,3Q,500002,媒体社リベート,S003,調整,377759246,487376255
20250121,博報堂DYメディアパートナーズ,営業統括,総務部,企画課,2024,202501,4Q,300002,経常利益,S001,通常,74370359,57591019
20230923,博報堂プロダクツ,管理統括,人事部,運用課,2023,202309,2Q,300001,営業利益,S003,調整,243542613,177439990
20240315,読売広告社,クリエイティブ統括,人事部,第三課,2023,202403,4Q,400002,制作収入,S003,調整,126607896,130102180
20241204,博報堂プロダクツ,管理統括,人事部,開発課,2024,202412,3Q,100001,売上高,S001,通常,317794268,250279215
20240321,博報堂,クリエイティブ統括,人事部,開発課,2023,202403,4Q,500002,媒体社リベート,S004,見込,365638139,369133839
20250219,大広,クリエイティブ統括,総務部,管理課,2024,202502,4Q,500001,広告主負担金,S004,見込,70301196,61109049
20231122,博報堂プロダクツ,管理統括,クリエイティブ部,管理課,2023,202311,3Q,200003,減価償却費,S002,特別,243583442,322186754
20230706,大広,メディア統括,クリエイティブ部,第三課,2023,202307,2Q,300002,経常利益,S004,見込,240251675,208400903
20240425,博報堂プロダクツ,営業統括,制作部,管理課,2024,202404,1Q,300002,経常利益,S003,調整,439411690,368453997
20240811,大広,管理統括,経営企画部,第三課,2024,202408,2Q,400002,制作収入,S001,通常,65350999,81765527
20230725,博報堂プロダクツ,管理統括,デジタルマーケティング部,運用課,2023,202307,2Q,400002,制作収入,S001,通常,261745837,429484149
20230618,大広,メディア統括,人事部,運用課,2023,202306,1Q,200001,人件費,S002,特別,280149236,404926173
20240309,博報堂,営業統括,メディアプランニング部,開発課,2023,202403,4Q,400001,媒体手数料収入,S003,調整,364292090,281918775
20231214,博報堂,メディア統括,人事部,管理課,2023,202312,3Q,400003,コンサルティング収入,S004,見込,327818541,414302941
20240718,大広,クリエイティブ統括,第二営業部,第三課,2024,202407,2Q,100002,売上原価,S004,見込,296200696,419419205
20230413,博報堂プロダクツ,管理統括,財務経理部,第一課,2023,202304,1Q,400002,制作収入,S002,特別,218518764,302493553
20240706,博報堂プロダクツ,営業統括,クリエイティブ部,企画課,2024,202407,2Q,500002,媒体社リベート,S002,特別,409632551,439770088
20240416,博報堂DYメディアパートナーズ,デジタル統括,第一営業部,管理課,2024,202404,1Q,100001,売上高,S005,確定,125800717,120277048
20231011,博報堂,デジタル統括,制作部,第一課,2023,202310,3Q,200002,経費,S003,調整,312540918,446446430
20230913,大広,デジタル統括,デジタルマーケティング部,第二課,2023,202309,2Q,300001,営業利益,S005,確定,163194022,120167873
20230425,博報堂DYメディアパートナーズ,営業統括,経営企画部,開発課,2023,202304,1Q,100001,売上高,S005,確定,84898716,84364151
20250106,読売広告社,クリエイティブ統括,デジタルマーケティング部,第三課,2024,202501,4Q,100001,売上高,S004,見込,459213613,331431230
20231111,大広,メディア統括,制作部,運用課,2023,202311,3Q,100001,売上高,S005,確定,313220099,485395585
20241122,博報堂プロダクツ,管理統括,総務部,第二課,2024,202411,3Q,500001,広告主負担金,S003,調整,509319018,463229650
20240920,大広,管理統括,制作部,第二課,2024,202409,2Q,400001,媒体手数料収入,S004,見込,25827950,38010085
20240101,博報堂プロダクツ,クリエイティブ統括,デジタルマーケティング部,第三課,2023,202401,4Q,200003,減価償却費,S005,確定,237277375,292614010
20230816,博報堂,メディア統括,デジタルマーケティング部,第二課,2023,202308,2Q,100003,売上総利益,S002,特別,149312770,221416576
20250128,博報堂DYメディアパートナーズ,デジタル統括,第二営業部,推進課,2024,202501,4Q,100003,売上総利益,S003,調整,397126388,283777332
20230901,大広,デジタル統括,第一営業部,第二課,2023,202309,2Q,500002,媒体社リベート,S002,特別,327530388,297581031
20231020,博報堂プロダクツ,クリエイティブ統括,クリエイティブ部,推進課,2023,202310,3Q,400003,コンサルティング収入,S003,調整,207617576,328680238
20230616,博報堂,クリエイティブ統括,メディアプランニング部,開発課,2023,202306,1Q,300001,営業利益,S005,確定,30128160,26443534
20240315,大広,メディア統括,メディアプランニング部,推進課,2023,202403,4Q,100002,売上原価,S004,見込,405111388,483958492
20240710,読売広告社,メディア統括,第一営業部,推進課,2024,202407,2Q,200001,人件費,S005,確定,372570552,361215402
20230810,博報堂プロダクツ,クリエイティブ統括,デジタルマーケティング部,第一課,2023,202308,2Q,100003,売上総利益,S002,特別,487507820,406228935
20240923,大広,営業統括,財務経理部,開発課,2024,202409,2Q,200002,経費,S002,特別,37100033,32058402
20240701,読売広告社,メディア統括,制作部,推進課,2024,202407,2Q,200002,経費,S001,通常,157011232,124011697
20250220,読売広告社,管理統括,第二営業部,管理課,2024,202502,4Q,500002,媒体社リベート,S004,見込,192251509,266407098
20230701,博報堂プロダクツ,メディア統括,総務部,第三課,2023,202307,2Q,200001,人件費,S005,確定,500891805,393711998
20240824,博報堂,管理統括,クリエイティブ部,推進課,2024,202408,2Q,500001,広告主負担金,S002,特別,160725665,121162524
20240622,大広,管理統括,クリエイティブ部,第一課,2024,202406,1Q,300001,営業利益,S005,確定,315615348,265653858
20230914,読売広告社,デジタル統括,財務経理部,企画課,2023,202309,2Q,200001,人件費,S004,見込,319788713,268839564
20240109,博報堂,営業統括,クリエイティブ部,第一課,2023,202401,4Q,400001,媒体手数料収入,S005,確定,288436191,459712478
20240218,博報堂DYメディアパートナーズ,営業統括,制作部,第二課,2023,202402,4Q,200003,減価償却費,S001,通常,484401982,453739014
20240710,博報堂DYメディアパートナーズ,営業統括,第二営業部,開発課,2024,202407,2Q,300002,経常利益,S005,確定,145346966,212247054
20250310,大広,営業統括,クリエイティブ部,開発課,2024,202503,4Q,100002,売上原価,S002,特別,481696055,380052632
20241109,博報堂プロダクツ,デジタル統括,財務経理部,推進課,2024,202411,3Q,100002,売上原価,S001,通常,45151605,57746889
20241012,読売広告社,クリエイティブ統括,第二営業部,推進課,2024,202410,3Q,500001,広告主負担金,S001,通常,246417980,290919262
20230426,博報堂,メディア統括,デジタルマーケティング部,管理課,2023,202304,1Q,400003,コンサルティング収入,S001,通常,97221494,111610455
20241005,博報堂プロダクツ,メディア統括,メディアプランニング部,推進課,2024,202410,3Q,200001,人件費,S004,見込,250366663,183283181
20240901,博報堂,メディア統括,クリエイティブ部,第一課,2024,202409,2Q,400001,媒体手数料収入,S005,確定,42385139,37641273
20250105,読売広告社,営業統括,総務部,第一課,2024,202501,4Q,500002,媒体社リベート,S001,通常,256054060,211000530
20231012,博報堂,デジタル統括,第二営業部,推進課,2023,202310,3Q,300001,営業利益,S002,特別,53227850,79223567
20241205,読売広告社,クリエイティブ統括,制作部,推進課,2024,202412,3Q,100002,売上原価,S001,通常,312237015,412279783
20240415,大広,クリエイティブ統括,クリエイティブ部,第一課,2024,202404,1Q,100001,売上高,S001,通常,205343698,228397758
20230525,読売広告社,デジタル統括,人事部,企画課,2023,202305,1Q,100003,売上総利益,S005,確定,488842910,398660765
20240804,博報堂DYメディアパートナーズ,デジタル統括,メディアプランニング部,企画課,2024,202408,2Q,300002,経常利益,S005,確定,205356982,150508974
20230809,博報堂,管理統括,第二営業部,第二課,2023,202308,2Q,500001,広告主負担金,S004,見込,286285880,395577748
20241116,大広,管理統括,クリエイティブ部,第二課,2024,202411,3Q,200003,減価償却費,S004,見込,465535196,433803568
20241122,博報堂プロダクツ,メディア統括,制作部,第二課,2024,202411,3Q,100003,売上総利益,S003,調整,574796990,492171824
20240724,大広,管理統括,第一営業部,管理課,2024,202407,2Q,400001,媒体手数料収入,S002,特別,198757454,263224741
20230427,博報堂,営業統括,デジタルマーケティング部,第一課,2023,202304,1Q,300002,経常利益,S004,見込,77139412,62862917
20230510,読売広告社,管理統括,経営企画部,第一課,2023,202305,1Q,300001,営業利益,S005,確定,40566082,46010639
20240403,読売広告社,営業統括,経営企画部,開発課,2024,202404,1Q,400002,制作収入,S002,特別,258496269,380013201
20230628,読売広告社,メディア統括,財務経理部,推進課,2023,202306,1Q,200002,経費,S002,特別,253629990,267942712
20230609,博報堂DYメディアパートナーズ,デジタル統括,第二営業部,企画課,2023,202306,1Q,400003,コンサルティング収入,S004,見込,273937226,287527886
20240501,読売広告社,デジタル統括,制作部,企画課,2024,202405,1Q,400003,コンサルティング収入,S004,見込,583372087,493272692
20240603,博報堂プロダクツ,デジタル統括,経営企画部,第三課,2024,202406,1Q,200001,人件費,S004,見込,547095144,393586370
20231007,博報堂DYメディアパートナーズ,営業統括,第二営業部,管理課,2023,202310,3Q,100001,売上高,S002,特別,290371287,235725154
20231021,博報堂,デジタル統括,クリエイティブ部,運用課,2023,202310,3Q,400001,媒体手数料収入,S005,確定,423880335,341471772
20231015,読売広告社,メディア統括,制作部,開発課,2023,202310,3Q,500002,媒体社リベート,S001,通常,392209983,344034999
20230804,博報堂プロダクツ,管理統括,メディアプランニング部,管理課,2023,202308,2Q,200002,経費,S004,見込,295970390,265281030
20250223,博報堂,営業統括,第一営業部,企画課,2024,202502,4Q,200003,減価償却費,S001,通常,406386406,495600533
20241220,博報堂,営業統括,経営企画部,企画課,2024,202412,3Q,200002,経費,S001,通常,179073578,210590237
20231123,大広,デジタル統括,第一営業部,管理課,2023,202311,3Q,100001,売上高,S002,特別,244935041,300733213
20231122,読売広告社,クリエイティブ統括,経営企画部,運用課,2023,202311,3Q,100003,売上総利益,S001,通常,239007783,247238687
20240723,博報堂,営業統括,人事部,第二課,2024,202407,2Q,400002,制作収入,S002,特別,367088901,457471067
20250122,博報堂プロダクツ,管理統括,第一営業部,運用課,2024,202501,4Q,300002,経常利益,S005,確定,359348219,266643212
20240403,読売広告社,営業統括,経営企画部,開発課,2024,202404,1Q,100001,売上高,S001,通常,251056633,387151454
20240222,博報堂プロダクツ,メディア統括,メディアプランニング部,第一課,2023,202402,4Q,100003,売上総利益,S002,特別,289097772,235942682
20241222,博報堂プロダクツ,メディア統括,制作部,推進課,2024,202412,3Q,500001,広告主負担金,S003,調整,88709418,107322592
20230916,博報堂プロダクツ,クリエイティブ統括,第二営業部,第一課,2023,202309,2Q,300002,経常利益,S005,確定,153650735,254173179
20240328,大広,デジタル統括,メディアプランニング部,企画課,2023,202403,4Q,400003,コンサルティング収入,S002,特別,255043314,190634715
20240323,読売広告社,デジタル統括,財務経理部,第二課,2023,202403,4Q,200003,減価償却費,S004,見込,84192739,64906245
20230820,大広,デジタル統括,財務経理部,開発課,2023,202308,2Q,300002,経常利益,S005,確定,131972872,183286175
20231125,博報堂プロダクツ,デジタル統括,クリエイティブ部,運用課,2023,202311,3Q,200001,人件費,S002,特別,348728689,408149076
20240611,大広,メディア統括,第二営業部,第三課,2024,202406,1Q,100003,売上総利益,S003,調整,193401150,225996333
20240417,博報堂DYメディアパートナーズ,クリエイティブ統括,制作部,管理課,2024,202404,1Q,400003,コンサルティング収入,S005,確定,238673496,313599483
20230716,博報堂,管理統括,第一営業部,第一課,2023,202307,2Q,100001,売上高,S001,通常,269430903,400342592
20241024,大広,営業統括,制作部,第三課,2024,202410,3Q,500001,広告主負担金,S005,確定,267340060,422366213
20230716,博報堂プロダクツ,営業統括,制作部,管理課,2023,202307,2Q,100003,売上総利益,S004,見込,457931700,366612316
