RB処理日,会社,部門G,部門,部署,年度,年月,四半期,管理項目コード,管理項目名称,補助項目コード,補助項目名称,実績,予算
20240522,博報堂,メディア統括,人事部,管理課,2024,202405,1Q,500001,広告主負担金,S002,特別,9581491,7555790
20240216,博報堂,管理統括,経営企画部,推進課,2023,202402,4Q,100002,売上原価,S003,調整,472216078,419544800
20230910,博報堂,営業統括,総務部,第二課,2023,202309,2Q,300002,経常利益,S003,調整,181849190,148706622
20230716,大広,営業統括,デジタルマーケティング部,第二課,2023,202307,2Q,400003,コンサルティング収入,S005,確定,231035153,246770862
20240125,博報堂プロダクツ,クリエイティブ統括,経営企画部,開発課,2023,202401,4Q,400001,媒体手数料収入,S001,通常,215716609,215532035
20240613,読売広告社,メディア統括,デジタルマーケティング部,管理課,2024,202406,1Q,400003,コンサルティング収入,S003,調整,463100227,396021156
20240817,博報堂,クリエイティブ統括,クリエイティブ部,第二課,2024,202408,2Q,400001,媒体手数料収入,S004,見込,312697598,225708798
20230514,読売広告社,管理統括,制作部,推進課,2023,202305,1Q,200003,減価償却費,S004,見込,452530269,474989966
20230611,読売広告社,クリエイティブ統括,デジタルマーケティング部,開発課,2023,202306,1Q,500002,媒体社リベート,S004,見込,467006802,415533639
20240217,大広,営業統括,クリエイティブ部,第二課,2023,202402,4Q,200003,減価償却費,S001,通常,224045787,224210311
20231024,博報堂,営業統括,第二営業部,推進課,2023,202310,3Q,400003,コンサルティング収入,S002,特別,119972692,108790253
20240223,読売広告社,管理統括,第一営業部,第二課,2023,202402,4Q,100003,売上総利益,S003,調整,231356044,336866124
20240409,博報堂プロダクツ,営業統括,デジタルマーケティング部,第一課,2024,202404,1Q,500001,広告主負担金,S004,見込,55826955,48055407
20240813,博報堂プロダクツ,デジタル統括,デジタルマーケティング部,運用課,2024,202408,2Q,200001,人件費,S004,見込,354768210,452119250
20250109,博報堂DYメディアパートナーズ,管理統括,第一営業部,企画課,2024,202501,4Q,100002,売上原価,S004,見込,275390539,342490434
20230907,大広,営業統括,第二営業部,企画課,2023,202309,2Q,200001,人件費,S001,通常,164839885,225326126
20230804,読売広告社,管理統括,第一営業部,企画課,2023,202308,2Q,200001,人件費,S001,通常,432261075,384335895
20230507,読売広告社,クリエイティブ統括,クリエイティブ部,第二課,2023,202305,1Q,400001,媒体手数料収入,S001,通常,317784396,338663367
20240724,博報堂プロダクツ,管理統括,経営企画部,運用課,2024,202407,2Q,100001,売上高,S005,確定,141002595,211305543
20240407,読売広告社,メディア統括,制作部,企画課,2024,202404,1Q,200002,経費,S004,見込,327961248,305166478
20240913,博報堂,管理統括,第一営業部,推進課,2024,202409,2Q,100001,売上高,S001,通常,15169701,15648562
20240704,博報堂DYメディアパートナーズ,管理統括,制作部,開発課,2024,202407,2Q,400002,制作収入,S001,通常,152573400,180145338
20241128,読売広告社,デジタル統括,人事部,第二課,2024,202411,3Q,200001,人件費,S005,確定,151978339,164582225
20230712,博報堂DYメディアパートナーズ,クリエイティブ統括,経営企画部,企画課,2023,202307,2Q,500001,広告主負担金,S001,通常,109600758,146689449
20241025,博報堂,メディア統括,第二営業部,第一課,2024,202410,3Q,200003,減価償却費,S005,確定,86172734,121581709
20230521,読売広告社,メディア統括,財務経理部,第三課,2023,202305,1Q,100003,売上総利益,S004,見込,450578918,456329597
20230501,大広,営業統括,制作部,第三課,2023,202305,1Q,100002,売上原価,S004,見込,290316722,286842175
20240202,大広,管理統括,制作部,推進課,2023,202402,4Q,100002,売上原価,S005,確定,19283792,25776367
20240603,博報堂DYメディアパートナーズ,クリエイティブ統括,総務部,開発課,2024,202406,1Q,300002,経常利益,S005,確定,268755239,325137129
20240222,大広,クリエイティブ統括,第一営業部,企画課,2023,202402,4Q,300002,経常利益,S001,通常,59741497,48767249
20240909,大広,管理統括,人事部,第二課,2024,202409,2Q,200003,減価償却費,S005,確定,153150586,169627686
20240520,大広,クリエイティブ統括,総務部,推進課,2024,202405,1Q,500001,広告主負担金,S004,見込,504636080,487182659
20230519,大広,営業統括,第二営業部,第三課,2023,202305,1Q,500001,広告主負担金,S002,特別,495182159,425835344
20250106,博報堂,営業統括,クリエイティブ部,第一課,2024,202501,4Q,400003,コンサルティング収入,S004,見込,75665727,66848864
20241017,博報堂プロダクツ,クリエイティブ統括,人事部,開発課,2024,202410,3Q,200001,人件費,S001,通常,82224206,114218089
20230401,大広,クリエイティブ統括,経営企画部,第二課,2023,202304,1Q,200003,減価償却費,S004,見込,57333157,53511162
20230428,大広,管理統括,クリエイティブ部,企画課,2023,202304,1Q,200002,経費,S002,特別,271037928,252613250
20250204,博報堂プロダクツ,営業統括,制作部,第一課,2024,202502,4Q,400003,コンサルティング収入,S001,通常,38592295,44789223
20230725,博報堂プロダクツ,クリエイティブ統括,総務部,企画課,2023,202307,2Q,100001,売上高,S004,見込,190555174,307299117
20241219,博報堂,メディア統括,財務経理部,管理課,2024,202412,3Q,500001,広告主負担金,S003,調整,309782238,242363909
20231218,博報堂プロダクツ,管理統括,制作部,開発課,2023,202312,3Q,500001,広告主負担金,S002,特別,171915423,196161811
20231116,大広,管理統括,第二営業部,開発課,2023,202311,3Q,400001,媒体手数料収入,S003,調整,506208451,466841208
20240415,大広,デジタル統括,第二営業部,開発課,2024,202404,1Q,400003,コンサルティング収入,S002,特別,398086773,355483018
20240916,読売広告社,メディア統括,総務部,運用課,2024,202409,2Q,300002,経常利益,S005,確定,212920947,242193175
20230711,博報堂プロダクツ,デジタル統括,第二営業部,企画課,2023,202307,2Q,300002,経常利益,S003,調整,598764738,443824817
20230504,博報堂プロダクツ,クリエイティブ統括,第二営業部,第三課,2023,202305,1Q,100002,売上原価,S004,見込,55486379,88287683
20240402,大広,管理統括,総務部,企画課,2024,202404,1Q,100003,売上総利益,S005,確定,305729298,270017044
20230521,読売広告社,デジタル統括,第二営業部,運用課,2023,202305,1Q,100002,売上原価,S004,見込,156757163,192135258
20250211,博報堂プロダクツ,営業統括,総務部,推進課,2024,202502,4Q,300001,営業利益,S004,見込,96607032,125517993
20240416,読売広告社,営業統括,第一営業部,開発課,2024,202404,1Q,300001,営業利益,S001,通常,627148994,470872651
20231112,大広,クリエイティブ統括,総務部,第一課,2023,202311,3Q,400002,制作収入,S003,調整,181114436,188761378
20240312,大広,メディア統括,デジタルマーケティング部,開発課,2023,202403,4Q,300001,営業利益,S002,特別,145741895,231060104
20231128,博報堂プロダクツ,営業統括,人事部,運用課,2023,202311,3Q,400002,制作収入,S001,通常,259264676,343626775
20230704,大広,管理統括,クリエイティブ部,管理課,2023,202307,2Q,300002,経常利益,S003,調整,82705635,68513873
20241104,博報堂,メディア統括,経営企画部,開発課,2024,202411,3Q,400001,媒体手数料収入,S002,特別,315693730,428149862
20230913,博報堂プロダクツ,クリエイティブ統括,デジタルマーケティング部,管理課,2023,202309,2Q,200003,減価償却費,S005,確定,26661903,26616987
20240123,博報堂DYメディアパートナーズ,管理統括,メディアプランニング部,推進課,2023,202401,4Q,400003,コンサルティング収入,S004,見込,346849567,255817365
20230708,博報堂,管理統括,メディアプランニング部,管理課,2023,202307,2Q,500001,広告主負担金,S003,調整,411414881,304223603
20240607,博報堂,営業統括,制作部,管理課,2024,202406,1Q,400001,媒体手数料収入,S003,調整,524548673,414783702
20231125,大広,メディア統括,制作部,開発課,2023,202311,3Q,300002,経常利益,S003,調整,120357294,93105283
20241205,読売広告社,営業統括,クリエイティブ部,企画課,2024,202412,3Q,300002,経常利益,S005,確定,364248133,357239268
20231219,博報堂DYメディアパートナーズ,管理統括,デジタルマーケティング部,第二課,2023,202312,3Q,200003,減価償却費,S003,調整,97850538,101801067
20240803,博報堂,管理統括,クリエイティブ部,管理課,2024,202408,2Q,100001,売上高,S005,確定,177882414,198163816
20240510,大広,管理統括,第一営業部,管理課,2024,202405,1Q,300001,営業利益,S001,通常,54217230,50974423
20230822,博報堂プロダクツ,営業統括,人事部,企画課,2023,202308,2Q,100003,売上総利益,S004,見込,410224051,423471179
20240716,博報堂DYメディアパートナーズ,管理統括,クリエイティブ部,開発課,2024,202407,2Q,500001,広告主負担金,S003,調整,367466026,292065425
20230905,大広,メディア統括,クリエイティブ部,第一課,2023,202309,2Q,100002,売上原価,S003,調整,139635479,120155281
20240813,博報堂プロダクツ,クリエイティブ統括,人事部,企画課,2024,202408,2Q,100003,売上総利益,S004,見込,151392045,153340113
20250319,博報堂プロダクツ,クリエイティブ統括,第一営業部,第一課,2024,202503,4Q,400001,媒体手数料収入,S001,通常,116304591,92628209
20240513,大広,管理統括,総務部,開発課,2024,202405,1Q,300002,経常利益,S005,確定,305269627,375972409
20230501,博報堂DYメディアパートナーズ,デジタル統括,経営企画部,開発課,2023,202305,1Q,200003,減価償却費,S004,見込,40988781,32080368
20240523,博報堂DYメディアパートナーズ,メディア統括,メディアプランニング部,開発課,2024,202405,1Q,100003,売上総利益,S002,特別,106173346,78415202
20240722,博報堂,デジタル統括,人事部,推進課,2024,202407,2Q,300001,営業利益,S003,調整,292090408,304601850
20230708,博報堂プロダクツ,管理統括,経営企画部,管理課,2023,202307,2Q,500002,媒体社リベート,S004,見込,124098520,123108837
20230725,博報堂DYメディアパートナーズ,メディア統括,経営企画部,第一課,2023,202307,2Q,300001,営業利益,S004,見込,251831654,309360875
20240626,博報堂,デジタル統括,クリエイティブ部,管理課,2024,202406,1Q,300001,営業利益,S003,調整,459003342,453045238
20230614,博報堂プロダクツ,デジタル統括,人事部,第二課,2023,202306,1Q,300001,営業利益,S003,調整,439826710,461838390
20230819,大広,メディア統括,制作部,推進課,2023,202308,2Q,200001,人件費,S001,通常,595251382,492432008
20240817,博報堂,クリエイティブ統括,第二営業部,推進課,2024,202408,2Q,200003,減価償却費,S003,調整,51982103,57629439
20230909,大広,管理統括,財務経理部,企画課,2023,202309,2Q,400001,媒体手数料収入,S001,通常,481890702,377862196
20250108,読売広告社,デジタル統括,人事部,開発課,2024,202501,4Q,400001,媒体手数料収入,S005,確定,100510546,100589117
20240509,博報堂プロダクツ,デジタル統括,デジタルマーケティング部,運用課,2024,202405,1Q,100002,売上原価,S005,確定,337925727,244678407
20241023,読売広告社,デジタル統括,メディアプランニング部,運用課,2024,202410,3Q,100001,売上高,S002,特別,206689702,319574775
20240914,博報堂,メディア統括,メディアプランニング部,開発課,2024,202409,2Q,300001,営業利益,S004,見込,300545047,250176874
20241106,博報堂DYメディアパートナーズ,クリエイティブ統括,総務部,第三課,2024,202411,3Q,500002,媒体社リベート,S002,特別,208288812,257488784
20230813,博報堂,管理統括,第一営業部,第二課,2023,202308,2Q,400002,制作収入,S001,通常,292369820,210964586
20240208,大広,管理統括,第二営業部,開発課,2023,202402,4Q,100003,売上総利益,S001,通常,86997649,105923098
20241107,読売広告社,デジタル統括,財務経理部,推進課,2024,202411,3Q,200002,経費,S004,見込,245439970,254089442
20230819,博報堂DYメディアパートナーズ,管理統括,総務部,第一課,2023,202308,2Q,400003,コンサルティング収入,S002,特別,103176097,132300211
20230817,読売広告社,メディア統括,クリエイティブ部,第一課,2023,202308,2Q,400002,制作収入,S005,確定,624945565,451151319
20240113,読売広告社,メディア統括,財務経理部,第一課,2023,202401,4Q,200003,減価償却費,S004,見込,29966863,41963364
20240926,読売広告社,営業統括,経営企画部,第一課,2024,202409,2Q,500002,媒体社リベート,S004,見込,318698385,368955330
20241118,博報堂,管理統括,総務部,推進課,2024,202411,3Q,200003,減価償却費,S001,通常,400610237,395151496
20230712,博報堂プロダクツ,クリエイティブ統括,制作部,第二課,2023,202307,2Q,100002,売上原価,S002,特別,133282277,108704990
20250321,読売広告社,管理統括,クリエイティブ部,運用課,2024,202503,4Q,100001,売上高,S004,見込,331299637,312627992
20230901,博報堂DYメディアパートナーズ,クリエイティブ統括,総務部,第一課,2023,202309,2Q,500001,広告主負担金,S005,確定,218270854,222950090
20230701,大広,クリエイティブ統括,デジタルマーケティング部,管理課,2023,202307,2Q,300002,経常利益,S004,見込,487228503,416867025
20240924,博報堂,クリエイティブ統括,クリエイティブ部,運用課,2024,202409,2Q,400002,制作収入,S005,確定,360423477,360690339
20230609,博報堂,管理統括,経営企画部,管理課,2023,202306,1Q,100002,売上原価,S003,調整,76429437,59749601
20230425,大広,営業統括,経営企画部,運用課,2023,202304,1Q,100003,売上総利益,S005,確定,231404170,301652948
20240503,読売広告社,クリエイティブ統括,デジタルマーケティング部,第一課,2024,202405,1Q,200003,減価償却費,S004,見込,279183121,212444912
20241116,博報堂プロダクツ,管理統括,クリエイティブ部,管理課,2024,202411,3Q,400003,コンサルティング収入,S001,通常,442993131,474768602
20250101,博報堂DYメディアパートナーズ,メディア統括,経営企画部,開発課,2024,202501,4Q,500002,媒体社リベート,S003,調整,295981127,335521696
20240604,博報堂DYメディアパートナーズ,営業統括,財務経理部,企画課,2024,202406,1Q,500002,媒体社リベート,S003,調整,92844396,85302762
20230813,博報堂プロダクツ,営業統括,デジタルマーケティング部,開発課,2023,202308,2Q,500001,広告主負担金,S005,確定,358875689,401901221
20241020,博報堂,メディア統括,メディアプランニング部,管理課,2024,202410,3Q,300001,営業利益,S004,見込,238197963,188228798
20241213,読売広告社,クリエイティブ統括,制作部,第一課,2024,202412,3Q,200001,人件費,S005,確定,323834854,353236606
20250107,博報堂,メディア統括,クリエイティブ部,推進課,2024,202501,4Q,100002,売上原価,S002,特別,291838137,326557589
20230525,読売広告社,デジタル統括,第一営業部,推進課,2023,202305,1Q,500002,媒体社リベート,S003,調整,118103960,151994043
20250116,博報堂DYメディアパートナーズ,メディア統括,メディアプランニング部,第二課,2024,202501,4Q,400003,コンサルティング収入,S004,見込,319141202,310903840
20230927,博報堂,メディア統括,第二営業部,企画課,2023,202309,2Q,400001,媒体手数料収入,S003,調整,8140004,6166658
20241014,読売広告社,デジタル統括,財務経理部,推進課,2024,202410,3Q,400003,コンサルティング収入,S001,通常,126845282,94737680
20240223,博報堂,クリエイティブ統括,総務部,開発課,2023,202402,4Q,500002,媒体社リベート,S003,調整,85898698,92570059
20241028,博報堂プロダクツ,クリエイティブ統括,第二営業部,管理課,2024,202410,3Q,400001,媒体手数料収入,S002,特別,192724241,207816234
20240715,博報堂,営業統括,総務部,推進課,2024,202407,2Q,100001,売上高,S005,確定,136083765,137452875
20231005,大広,管理統括,経営企画部,第三課,2023,202310,3Q,500001,広告主負担金,S005,確定,470253950,439861292
20230606,博報堂DYメディアパートナーズ,メディア統括,メディアプランニング部,運用課,2023,202306,1Q,200003,減価償却費,S002,特別,82085706,104011623
20230928,読売広告社,管理統括,制作部,開発課,2023,202309,2Q,500002,媒体社リベート,S002,特別,434683710,386527710
20240623,博報堂プロダクツ,管理統括,メディアプランニング部,管理課,2024,202406,1Q,500001,広告主負担金,S005,確定,7978708,8478628
20240207,博報堂,管理統括,財務経理部,第三課,2023,202402,4Q,200002,経費,S005,確定,120290375,116138896
20231110,博報堂DYメディアパートナーズ,メディア統括,総務部,運用課,2023,202311,3Q,200003,減価償却費,S004,見込,160117162,115975739
20230823,博報堂DYメディアパートナーズ,管理統括,総務部,第三課,2023,202308,2Q,400002,制作収入,S002,特別,557287644,475044141
20250124,読売広告社,デジタル統括,クリエイティブ部,運用課,2024,202501,4Q,500002,媒体社リベート,S005,確定,447579052,464179930
20250117,博報堂プロダクツ,管理統括,総務部,管理課,2024,202501,4Q,200002,経費,S001,通常,512337315,461174418
20241108,博報堂プロダクツ,デジタル統括,第二営業部,第二課,2024,202411,3Q,200003,減価償却費,S003,調整,147673120,152904969
20240614,大広,デジタル統括,総務部,運用課,2024,202406,1Q,100001,売上高,S004,見込,251155415,323409142
20230907,大広,管理統括,人事部,管理課,2023,202309,2Q,500001,広告主負担金,S003,調整,25195361,21906304
20240709,博報堂,メディア統括,財務経理部,企画課,2024,202407,2Q,500001,広告主負担金,S003,調整,30347855,34362525
20250103,読売広告社,デジタル統括,メディアプランニング部,第三課,2024,202501,4Q,400001,媒体手数料収入,S001,通常,490612723,432101740
20240915,大広,メディア統括,制作部,第一課,2024,202409,2Q,400003,コンサルティング収入,S002,特別,232251443,238805269
20240416,大広,クリエイティブ統括,メディアプランニング部,第二課,2024,202404,1Q,100002,売上原価,S003,調整,281736719,260615648
20230627,博報堂,営業統括,財務経理部,企画課,2023,202306,1Q,300001,営業利益,S005,確定,101178057,86851764
20231114,博報堂DYメディアパートナーズ,管理統括,メディアプランニング部,第一課,2023,202311,3Q,100002,売上原価,S002,特別,288355086,265533801
20240607,大広,クリエイティブ統括,制作部,第三課,2024,202406,1Q,500001,広告主負担金,S002,特別,34339321,44696243
20240524,博報堂DYメディアパートナーズ,デジタル統括,メディアプランニング部,第三課,2024,202405,1Q,300001,営業利益,S004,見込,53872790,84534076
20231107,博報堂プロダクツ,管理統括,クリエイティブ部,第二課,2023,202311,3Q,300002,経常利益,S003,調整,98139032,97696928
20230716,博報堂DYメディアパートナーズ,デジタル統括,制作部,第一課,2023,202307,2Q,200001,人件費,S002,特別,632019800,491121911
20230410,博報堂,管理統括,人事部,第二課,2023,202304,1Q,400002,制作収入,S004,見込,58344123,62340792
20240427,博報堂プロダクツ,管理統括,メディアプランニング部,企画課,2024,202404,1Q,300001,営業利益,S004,見込,529026779,401111635
20240701,読売広告社,デジタル統括,制作部,運用課,2024,202407,2Q,300001,営業利益,S003,調整,118705771,172154870
20241101,読売広告社,営業統括,第一営業部,第一課,2024,202411,3Q,100002,売上原価,S003,調整,194679468,165341796
20240711,博報堂プロダクツ,管理統括,クリエイティブ部,推進課,2024,202407,2Q,300002,経常利益,S002,特別,168698819,252681498
20250304,読売広告社,管理統括,第二営業部,企画課,2024,202503,4Q,500002,媒体社リベート,S003,調整,461700173,487475134
20241019,博報堂DYメディアパートナーズ,営業統括,第一営業部,推進課,2024,202410,3Q,500002,媒体社リベート,S004,見込,48612370,57907115
20240123,博報堂DYメディアパートナーズ,管理統括,総務部,管理課,2023,202401,4Q,300002,経常利益,S003,調整,73254058,69667167
20231102,読売広告社,営業統括,メディアプランニング部,企画課,2023,202311,3Q,100001,売上高,S001,通常,244200171,295151885
20250111,読売広告社,営業統括,デジタルマーケティング部,運用課,2024,202501,4Q,300002,経常利益,S004,見込,151746317,149353657
20240518,博報堂,営業統括,クリエイティブ部,管理課,2024,202405,1Q,200001,人件費,S001,通常,416942839,480508965
20230710,大広,管理統括,メディアプランニング部,推進課,2023,202307,2Q,200003,減価償却費,S002,特別,465326761,418442865
20231208,大広,デジタル統括,制作部,第一課,2023,202312,3Q,300002,経常利益,S004,見込,209109608,235237236
20250120,博報堂,デジタル統括,制作部,運用課,2024,202501,4Q,400002,制作収入,S002,特別,81241819,61905368
20240516,大広,管理統括,デジタルマーケティング部,企画課,2024,202405,1Q,500001,広告主負担金,S004,見込,163044735,224367667
20230521,博報堂プロダクツ,デジタル統括,第一営業部,推進課,2023,202305,1Q,500002,媒体社リベート,S005,確定,108669370,134183872
20230915,博報堂DYメディアパートナーズ,メディア統括,財務経理部,第一課,2023,202309,2Q,500001,広告主負担金,S001,通常,356736729,432208141
20241028,博報堂DYメディアパートナーズ,管理統括,人事部,推進課,2024,202410,3Q,100003,売上総利益,S004,見込,409882143,484397252
20250116,大広,クリエイティブ統括,デジタルマーケティング部,管理課,2024,202501,4Q,200001,人件費,S003,調整,90263901,81848654
20231101,博報堂プロダクツ,営業統括,デジタルマーケティング部,運用課,2023,202311,3Q,200002,経費,S001,通常,285664492,263394805
20231211,博報堂DYメディアパートナーズ,メディア統括,人事部,開発課,2023,202312,3Q,100003,売上総利益,S005,確定,317439144,329671980
20250220,読売広告社,メディア統括,経営企画部,運用課,2024,202502,4Q,100001,売上高,S002,特別,25425575,26676772
20240510,博報堂,メディア統括,総務部,第三課,2024,202405,1Q,500002,媒体社リベート,S002,特別,386146663,444564977
20250104,博報堂DYメディアパートナーズ,管理統括,制作部,第二課,2024,202501,4Q,400002,制作収入,S003,調整,104405532,75941429
20240206,博報堂プロダクツ,クリエイティブ統括,経営企画部,管理課,2023,202402,4Q,300001,営業利益,S004,見込,434489431,333184451
20230520,読売広告社,メディア統括,人事部,運用課,2023,202305,1Q,400001,媒体手数料収入,S004,見込,273568272,227191557
20240905,博報堂,営業統括,財務経理部,第一課,2024,202409,2Q,300002,経常利益,S003,調整,327740706,378372358
20240117,読売広告社,メディア統括,総務部,管理課,2023,202401,4Q,400003,コンサルティング収入,S001,通常,377366608,322169496
20240409,博報堂,メディア統括,総務部,第二課,2024,202404,1Q,300002,経常利益,S003,調整,72195643,83938237
20240108,読売広告社,営業統括,クリエイティブ部,運用課,2023,202401,4Q,400003,コンサルティング収入,S003,調整,243894388,220348521
20240620,読売広告社,メディア統括,クリエイティブ部,管理課,2024,202406,1Q,300002,経常利益,S003,調整,334033268,374721173
20240704,博報堂プロダクツ,クリエイティブ統括,人事部,第一課,2024,202407,2Q,400002,制作収入,S001,通常,426380734,475464663
20230501,大広,デジタル統括,制作部,企画課,2023,202305,1Q,400003,コンサルティング収入,S001,通常,107959618,86072035
20240527,読売広告社,営業統括,制作部,第二課,2024,202405,1Q,100003,売上総利益,S003,調整,309721672,306045691
20231018,大広,デジタル統括,総務部,第三課,2023,202310,3Q,100001,売上高,S001,通常,125855798,140672635
20250303,博報堂DYメディアパートナーズ,管理統括,メディアプランニング部,第二課,2024,202503,4Q,500002,媒体社リベート,S004,見込,414135155,375715118
20230812,博報堂プロダクツ,管理統括,制作部,推進課,2023,202308,2Q,100002,売上原価,S005,確定,498204222,483264547
20230519,読売広告社,メディア統括,第一営業部,第二課,2023,202305,1Q,200002,経費,S004,見込,185834004,135949433
20241116,博報堂,営業統括,総務部,開発課,2024,202411,3Q,200001,人件費,S005,確定,259422386,312157203
20240703,大広,メディア統括,デジタルマーケティング部,第三課,2024,202407,2Q,200001,人件費,S004,見込,243504764,325282842
20240626,大広,管理統括,メディアプランニング部,企画課,2024,202406,1Q,400003,コンサルティング収入,S004,見込,10109883,9520884
20250327,博報堂DYメディアパートナーズ,デジタル統括,デジタルマーケティング部,開発課,2024,202503,4Q,300002,経常利益,S001,通常,495747130,424709556
20240221,読売広告社,メディア統括,第二営業部,第一課,2023,202402,4Q,100002,売上原価,S001,通常,358093682,276231990
20250326,大広,クリエイティブ統括,デジタルマーケティング部,運用課,2024,202503,4Q,400003,コンサルティング収入,S004,見込,525632810,434689754
20240320,読売広告社,デジタル統括,財務経理部,企画課,2023,202403,4Q,400002,制作収入,S001,通常,175961306,273175128
20230421,読売広告社,メディア統括,制作部,管理課,2023,202304,1Q,400003,コンサルティング収入,S002,特別,143213867,196116137
20241023,大広,クリエイティブ統括,メディアプランニング部,第二課,2024,202410,3Q,100001,売上高,S005,確定,215672873,319082423
20230703,博報堂,メディア統括,経営企画部,運用課,2023,202307,2Q,100001,売上高,S003,調整,52082396,65181994
20250302,大広,営業統括,第二営業部,第三課,2024,202503,4Q,400002,制作収入,S002,特別,35098103,41358069
20240814,博報堂,メディア統括,デジタルマーケティング部,第一課,2024,202408,2Q,100003,売上総利益,S002,特別,242579636,372698424
20240905,博報堂プロダクツ,メディア統括,制作部,第一課,2024,202409,2Q,100003,売上総利益,S005,確定,354774146,402211473
20230602,大広,デジタル統括,メディアプランニング部,推進課,2023,202306,1Q,200002,経費,S002,特別,314639680,415139400
20250213,博報堂プロダクツ,クリエイティブ統括,第二営業部,開発課,2024,202502,4Q,200002,経費,S001,通常,128227914,146401243
20230628,大広,デジタル統括,総務部,推進課,2023,202306,1Q,400002,制作収入,S003,調整,401405450,479275478
20240520,大広,メディア統括,メディアプランニング部,開発課,2024,202405,1Q,300001,営業利益,S004,見込,334978797,416085654
20230702,博報堂プロダクツ,営業統括,総務部,運用課,2023,202307,2Q,500001,広告主負担金,S001,通常,640965326,495247844
20230414,大広,管理統括,経営企画部,第三課,2023,202304,1Q,300001,営業利益,S005,確定,309379178,297420569
20231119,博報堂,クリエイティブ統括,制作部,運用課,2023,202311,3Q,500001,広告主負担金,S004,見込,24178291,39498828
20240404,博報堂DYメディアパートナーズ,デジタル統括,第二営業部,管理課,2024,202404,1Q,500002,媒体社リベート,S004,見込,183014547,164314967
20240415,博報堂DYメディアパートナーズ,クリエイティブ統括,人事部,第三課,2024,202404,1Q,200001,人件費,S004,見込,107148322,93226998
20240920,読売広告社,クリエイティブ統括,総務部,運用課,2024,202409,2Q,200001,人件費,S002,特別,288870773,309582024
20230924,読売広告社,営業統括,財務経理部,第三課,2023,202309,2Q,400003,コンサルティング収入,S002,特別,104964123,90227623
20240417,博報堂,メディア統括,制作部,運用課,2024,202404,1Q,400003,コンサルティング収入,S002,特別,357295486,419399390
20241212,読売広告社,クリエイティブ統括,第二営業部,第三課,2024,202412,3Q,100002,売上原価,S003,調整,144324358,151501875
20230602,博報堂プロダクツ,営業統括,第一営業部,第一課,2023,202306,1Q,200003,減価償却費,S001,通常,35652853,44178145
20231024,読売広告社,メディア統括,経営企画部,開発課,2023,202310,3Q,200002,経費,S004,見込,175368252,237133878
20250107,博報堂DYメディアパートナーズ,管理統括,経営企画部,推進課,2024,202501,4Q,300002,経常利益,S004,見込,202245979,231917468
20230923,大広,管理統括,デジタルマーケティング部,管理課,2023,202309,2Q,100002,売上原価,S003,調整,83011898,76742925
20230405,博報堂DYメディアパートナーズ,管理統括,デジタルマーケティング部,推進課,2023,202304,1Q,400003,コンサルティング収入,S004,見込,84397268,87693260
20240119,読売広告社,営業統括,クリエイティブ部,管理課,2023,202401,4Q,500002,媒体社リベート,S002,特別,371567699,390434196
20240412,大広,管理統括,総務部,管理課,2024,202404,1Q,500001,広告主負担金,S005,確定,287359625,242149037
20230517,博報堂DYメディアパートナーズ,クリエイティブ統括,総務部,管理課,2023,202305,1Q,300002,経常利益,S002,特別,232938034,353295746
20240428,博報堂,メディア統括,クリエイティブ部,開発課,2024,202404,1Q,200002,経費,S001,通常,556753862,472909465
20230422,博報堂,営業統括,第一営業部,第一課,2023,202304,1Q,500002,媒体社リベート,S001,通常,365310343,440458686
20231007,読売広告社,管理統括,第一営業部,企画課,2023,202310,3Q,200003,減価償却費,S003,調整,319506319,233635006
20231011,博報堂,管理統括,人事部,第三課,2023,202310,3Q,200003,減価償却費,S003,調整,2453514,3594601
20240123,読売広告社,メディア統括,人事部,第三課,2023,202401,4Q,500002,媒体社リベート,S003,調整,257970895,252787700
20231005,大広,デジタル統括,クリエイティブ部,第二課,2023,202310,3Q,200002,経費,S005,確定,182520246,155235064
20231202,大広,デジタル統括,経営企画部,第二課,2023,202312,3Q,400002,制作収入,S001,通常,167724465,253548478
20230615,博報堂,デジタル統括,人事部,第一課,2023,202306,1Q,100003,売上総利益,S003,調整,106322767,85353341
20231218,読売広告社,デジタル統括,第一営業部,第三課,2023,202312,3Q,400003,コンサルティング収入,S003,調整,58518845,75314263
20230717,博報堂,デジタル統括,第一営業部,管理課,2023,202307,2Q,400003,コンサルティング収入,S003,調整,229989977,324158720
20250120,大広,デジタル統括,メディアプランニング部,開発課,2024,202501,4Q,500002,媒体社リベート,S002,特別,302629136,335526406
20231209,読売広告社,デジタル統括,経営企画部,第一課,2023,202312,3Q,500002,媒体社リベート,S001,通常,614026086,453441935
20240710,博報堂プロダクツ,クリエイティブ統括,財務経理部,企画課,2024,202407,2Q,400001,媒体手数料収入,S002,特別,476261399,344915670
20240115,博報堂プロダクツ,メディア統括,クリエイティブ部,第三課,2023,202401,4Q,500002,媒体社リベート,S005,確定,321237610,338939810
20230611,博報堂プロダクツ,営業統括,メディアプランニング部,推進課,2023,202306,1Q,400001,媒体手数料収入,S005,確定,23979044,33415718
20230918,博報堂DYメディアパートナーズ,営業統括,第一営業部,開発課,2023,202309,2Q,300001,営業利益,S001,通常,448374111,429210218
20241110,博報堂プロダクツ,管理統括,人事部,企画課,2024,202411,3Q,400003,コンサルティング収入,S003,調整,67443220,112286839
20230402,読売広告社,営業統括,財務経理部,運用課,2023,202304,1Q,400003,コンサルティング収入,S001,通常,74439731,75977402
20241213,大広,デジタル統括,デジタルマーケティング部,推進課,2024,202412,3Q,400002,制作収入,S004,見込,547223395,427056526
20240123,博報堂プロダクツ,クリエイティブ統括,第二営業部,運用課,2023,202401,4Q,200002,経費,S003,調整,327762646,330248911
20240409,博報堂,クリエイティブ統括,第二営業部,第一課,2024,202404,1Q,400002,制作収入,S001,通常,38151454,58769488
20240614,博報堂,管理統括,第二営業部,第一課,2024,202406,1Q,200001,人件費,S003,調整,305420653,440624652
20240625,読売広告社,メディア統括,クリエイティブ部,運用課,2024,202406,1Q,100001,売上高,S002,特別,221179922,174965404
20240409,博報堂DYメディアパートナーズ,メディア統括,メディアプランニング部,管理課,2024,202404,1Q,100003,売上総利益,S005,確定,381409547,494940714
20230716,博報堂DYメディアパートナーズ,クリエイティブ統括,制作部,管理課,2023,202307,2Q,100003,売上総利益,S002,特別,345707785,369764249
20240501,博報堂,クリエイティブ統括,クリエイティブ部,第三課,2024,202405,1Q,200002,経費,S002,特別,647597912,485020884
20241102,博報堂DYメディアパートナーズ,デジタル統括,デジタルマーケティング部,推進課,2024,202411,3Q,300001,営業利益,S001,通常,435542107,408748863
20231207,博報堂,メディア統括,財務経理部,企画課,2023,202312,3Q,500001,広告主負担金,S003,調整,315507953,355611920
20240401,博報堂DYメディアパートナーズ,メディア統括,財務経理部,開発課,2024,202404,1Q,100002,売上原価,S002,特別,221764633,216305399
20230608,博報堂プロダクツ,クリエイティブ統括,メディアプランニング部,推進課,2023,202306,1Q,500002,媒体社リベート,S004,見込,177275489,218518907
20240810,博報堂DYメディアパートナーズ,デジタル統括,第二営業部,運用課,2024,202408,2Q,200003,減価償却費,S002,特別,300683637,342722788
20250326,博報堂DYメディアパートナーズ,デジタル統括,第一営業部,運用課,2024,202503,4Q,100002,売上原価,S003,調整,103920723,108353214
20230904,読売広告社,メディア統括,メディアプランニング部,第三課,2023,202309,2Q,300001,営業利益,S003,調整,134811858,113095908
20231206,大広,メディア統括,制作部,開発課,2023,202312,3Q,500002,媒体社リベート,S005,確定,51984875,68650020
20240219,博報堂,デジタル統括,制作部,管理課,2023,202402,4Q,200002,経費,S001,通常,208755913,199958447
20230503,博報堂プロダクツ,営業統括,第一営業部,開発課,2023,202305,1Q,100002,売上原価,S003,調整,67148072,108558784
20230720,読売広告社,管理統括,経営企画部,第一課,2023,202307,2Q,200003,減価償却費,S002,特別,16511089,14458924
20241018,読売広告社,管理統括,第一営業部,第三課,2024,202410,3Q,400003,コンサルティング収入,S001,通常,369973570,282020399
20240927,博報堂,管理統括,クリエイティブ部,推進課,2024,202409,2Q,400001,媒体手数料収入,S005,確定,289785193,451923339
20230906,読売広告社,営業統括,経営企画部,推進課,2023,202309,2Q,100003,売上総利益,S003,調整,273153240,429472891
20240407,博報堂DYメディアパートナーズ,クリエイティブ統括,制作部,管理課,2024,202404,1Q,400001,媒体手数料収入,S001,通常,43064746,41093891
20230602,博報堂プロダクツ,管理統括,デジタルマーケティング部,推進課,2023,202306,1Q,400001,媒体手数料収入,S001,通常,331174888,333310514
20240421,読売広告社,クリエイティブ統括,デジタルマーケティング部,第二課,2024,202404,1Q,100002,売上原価,S001,通常,88063176,137060846
20240123,博報堂,デジタル統括,クリエイティブ部,第三課,2023,202401,4Q,200002,経費,S003,調整,43637266,61201818
20230626,読売広告社,営業統括,人事部,第三課,2023,202306,1Q,300002,経常利益,S001,通常,198344373,163173867
20250226,大広,管理統括,財務経理部,開発課,2024,202502,4Q,400003,コンサルティング収入,S002,特別,179366188,196746181
20240723,博報堂DYメディアパートナーズ,メディア統括,人事部,第二課,2024,202407,2Q,100001,売上高,S005,確定,381388605,464045436
20241005,大広,メディア統括,クリエイティブ部,管理課,2024,202410,3Q,100002,売上原価,S001,通常,151957145,183060780
20241224,博報堂プロダクツ,営業統括,第一営業部,推進課,2024,202412,3Q,100002,売上原価,S003,調整,344645550,372638688
20240721,大広,メディア統括,デジタルマーケティング部,運用課,2024,202407,2Q,100001,売上高,S005,確定,193695547,217729474
20240313,博報堂プロダクツ,デジタル統括,デジタルマーケティング部,推進課,2023,202403,4Q,100002,売上原価,S003,調整,212543008,219466213
20250311,博報堂プロダクツ,クリエイティブ統括,クリエイティブ部,第二課,2024,202503,4Q,200001,人件費,S002,特別,329267702,274543479
20231120,読売広告社,営業統括,経営企画部,運用課,2023,202311,3Q,300001,営業利益,S003,調整,122414894,103018621
20240910,読売広告社,クリエイティブ統括,第二営業部,推進課,2024,202409,2Q,300002,経常利益,S002,特別,173560600,276280482
20230819,博報堂プロダクツ,営業統括,メディアプランニング部,管理課,2023,202308,2Q,400003,コンサルティング収入,S005,確定,263008536,318460381
20240314,大広,メディア統括,第二営業部,推進課,2023,202403,4Q,400001,媒体手数料収入,S005,確定,568485960,447869509
20240927,博報堂DYメディアパートナーズ,営業統括,総務部,開発課,2024,202409,2Q,400001,媒体手数料収入,S002,特別,394855590,355455020
20240203,読売広告社,デジタル統括,デジタルマーケティング部,第二課,2023,202402,4Q,500002,媒体社リベート,S005,確定,187850360,161040335
20240822,読売広告社,管理統括,制作部,開発課,2024,202408,2Q,500001,広告主負担金,S002,特別,136252658,189765280
20240902,博報堂DYメディアパートナーズ,管理統括,クリエイティブ部,企画課,2024,202409,2Q,100002,売上原価,S004,見込,131800115,190699120
20231214,博報堂DYメディアパートナーズ,メディア統括,第二営業部,第三課,2023,202312,3Q,400003,コンサルティング収入,S004,見込,153439090,191983122
20240317,博報堂プロダクツ,管理統括,メディアプランニング部,第一課,2023,202403,4Q,200003,減価償却費,S005,確定,481881982,406166782
20240223,博報堂プロダクツ,管理統括,人事部,開発課,2023,202402,4Q,100001,売上高,S003,調整,5422730,4439474
20250123,博報堂,メディア統括,クリエイティブ部,管理課,2024,202501,4Q,400001,媒体手数料収入,S004,見込,97379978,125519186
20230708,大広,クリエイティブ統括,人事部,第二課,2023,202307,2Q,200002,経費,S002,特別,274086980,439776549
20240525,博報堂DYメディアパートナーズ,営業統括,人事部,第一課,2024,202405,1Q,500002,媒体社リベート,S004,見込,255638501,299538502
20240515,博報堂,デジタル統括,人事部,第二課,2024,202405,1Q,500002,媒体社リベート,S002,特別,93790687,67026139
20250105,博報堂DYメディアパートナーズ,デジタル統括,第一営業部,第二課,2024,202501,4Q,200002,経費,S003,調整,280839394,298150987
20230716,博報堂DYメディアパートナーズ,クリエイティブ統括,経営企画部,運用課,2023,202307,2Q,200001,人件費,S005,確定,583038914,440291026
20230727,博報堂プロダクツ,メディア統括,制作部,開発課,2023,202307,2Q,100003,売上総利益,S004,見込,318142947,396766307
20241223,大広,メディア統括,クリエイティブ部,管理課,2024,202412,3Q,400001,媒体手数料収入,S001,通常,114661725,87955147
20250222,博報堂プロダクツ,クリエイティブ統括,メディアプランニング部,第三課,2024,202502,4Q,100001,売上高,S001,通常,42474910,59806222
20240919,大広,営業統括,メディアプランニング部,管理課,2024,202409,2Q,500002,媒体社リベート,S004,見込,158297882,170681270
20240819,読売広告社,デジタル統括,デジタルマーケティング部,管理課,2024,202408,2Q,400002,制作収入,S002,特別,296212078,460078242
20250205,博報堂DYメディアパートナーズ,クリエイティブ統括,デジタルマーケティング部,運用課,2024,202502,4Q,300001,営業利益,S003,調整,65501614,75161596
20231114,博報堂プロダクツ,営業統括,財務経理部,第二課,2023,202311,3Q,400001,媒体手数料収入,S002,特別,193116091,217553777
20231016,博報堂プロダクツ,管理統括,第二営業部,管理課,2023,202310,3Q,200003,減価償却費,S002,特別,64864392,52342208
20250321,大広,デジタル統括,財務経理部,開発課,2024,202503,4Q,300002,経常利益,S001,通常,233569513,219180682
20230703,博報堂DYメディアパートナーズ,営業統括,第二営業部,推進課,2023,202307,2Q,400002,制作収入,S001,通常,5945608,6258130
20240909,博報堂,デジタル統括,総務部,第一課,2024,202409,2Q,500001,広告主負担金,S002,特別,356461012,468850111
20240110,読売広告社,管理統括,制作部,第一課,2023,202401,4Q,200002,経費,S002,特別,176623823,186804177
20241108,博報堂DYメディアパートナーズ,管理統括,メディアプランニング部,推進課,2024,202411,3Q,300002,経常利益,S003,調整,315727196,324115797
20241221,博報堂DYメディアパートナーズ,メディア統括,人事部,推進課,2024,202412,3Q,400003,コンサルティング収入,S005,確定,619431956,469141840
20241110,読売広告社,デジタル統括,クリエイティブ部,推進課,2024,202411,3Q,500001,広告主負担金,S005,確定,353378270,252822219
20250120,大広,営業統括,第二営業部,運用課,2024,202501,4Q,100003,売上総利益,S004,見込,640319211,472340465
20240624,博報堂DYメディアパートナーズ,営業統括,メディアプランニング部,企画課,2024,202406,1Q,300001,営業利益,S005,確定,412504523,393588002
20250328,大広,デジタル統括,第一営業部,推進課,2024,202503,4Q,400003,コンサルティング収入,S002,特別,104261337,93992370
20241018,大広,クリエイティブ統括,財務経理部,推進課,2024,202410,3Q,200002,経費,S005,確定,329027466,315180857
20250213,読売広告社,営業統括,人事部,推進課,2024,202502,4Q,500002,媒体社リベート,S003,調整,474807569,381444767
20240907,博報堂DYメディアパートナーズ,クリエイティブ統括,財務経理部,第三課,2024,202409,2Q,300002,経常利益,S004,見込,79494479,119344343
20240621,博報堂,デジタル統括,第二営業部,推進課,2024,202406,1Q,300001,営業利益,S001,通常,329362421,374575619
20240104,大広,デジタル統括,経営企画部,開発課,2023,202401,4Q,400003,コンサルティング収入,S001,通常,93315772,79074629
20240813,読売広告社,クリエイティブ統括,第二営業部,運用課,2024,202408,2Q,200003,減価償却費,S001,通常,13215750,12388247
20230704,博報堂プロダクツ,管理統括,制作部,第二課,2023,202307,2Q,400003,コンサルティング収入,S005,確定,366063854,352355641
20240601,博報堂プロダクツ,管理統括,人事部,推進課,2024,202406,1Q,100001,売上高,S004,見込,400678192,367277938
20240827,読売広告社,メディア統括,第二営業部,推進課,2024,202408,2Q,300002,経常利益,S001,通常,228053975,188408821
20241110,博報堂,営業統括,人事部,第二課,2024,202411,3Q,500001,広告主負担金,S005,確定,23700173,22685198
20250210,博報堂プロダクツ,管理統括,デジタルマーケティング部,運用課,2024,202502,4Q,400001,媒体手数料収入,S002,特別,193107324,138869035
20240624,博報堂DYメディアパートナーズ,管理統括,第二営業部,第一課,2024,202406,1Q,100003,売上総利益,S003,調整,281291038,361286452
20230414,博報堂プロダクツ,デジタル統括,財務経理部,推進課,2023,202304,1Q,100002,売上原価,S003,調整,192348515,177751543
20231127,大広,メディア統括,第二営業部,企画課,2023,202311,3Q,200003,減価償却費,S005,確定,12543228,9365288
20250111,大広,メディア統括,経営企画部,第一課,2024,202501,4Q,100003,売上総利益,S002,特別,380021101,363959899
20240321,博報堂プロダクツ,クリエイティブ統括,メディアプランニング部,第一課,2023,202403,4Q,500002,媒体社リベート,S002,特別,151606943,239218269
20230910,大広,営業統括,人事部,管理課,2023,202309,2Q,400003,コンサルティング収入,S002,特別,202922452,230197617
20230723,読売広告社,管理統括,人事部,開発課,2023,202307,2Q,400002,制作収入,S004,見込,269291485,205290635
20230920,読売広告社,デジタル統括,デジタルマーケティング部,管理課,2023,202309,2Q,100003,売上総利益,S005,確定,115036027,88741683
20241026,大広,営業統括,デジタルマーケティング部,管理課,2024,202410,3Q,200003,減価償却費,S004,見込,20750599,18469087
20230508,大広,営業統括,デジタルマーケティング部,運用課,2023,202305,1Q,400001,媒体手数料収入,S005,確定,466643589,406438317
20250222,読売広告社,メディア統括,総務部,第二課,2024,202502,4Q,100003,売上総利益,S003,調整,104396195,140205892
20250220,大広,営業統括,総務部,運用課,2024,202502,4Q,300001,営業利益,S004,見込,56913734,50258975
20240125,博報堂DYメディアパートナーズ,管理統括,人事部,運用課,2023,202401,4Q,200001,人件費,S003,調整,20736833,28052680
20231203,博報堂,デジタル統括,クリエイティブ部,運用課,2023,202312,3Q,200001,人件費,S005,確定,179785444,146462598
20240127,博報堂,デジタル統括,クリエイティブ部,開発課,2023,202401,4Q,400003,コンサルティング収入,S003,調整,352361111,309199016
20240722,博報堂プロダクツ,営業統括,人事部,第一課,2024,202407,2Q,200001,人件費,S003,調整,80589223,110618539
20230408,読売広告社,管理統括,クリエイティブ部,開発課,2023,202304,1Q,200002,経費,S004,見込,304466913,311478942
20231111,博報堂プロダクツ,営業統括,メディアプランニング部,開発課,2023,202311,3Q,100001,売上高,S001,通常,268231768,350236171
20250306,博報堂,メディア統括,制作部,運用課,2024,202503,4Q,100003,売上総利益,S001,通常,396073082,486158323
20240616,博報堂,メディア統括,デジタルマーケティング部,管理課,2024,202406,1Q,100001,売上高,S005,確定,397176003,404990262
20230527,博報堂DYメディアパートナーズ,管理統括,メディアプランニング部,第一課,2023,202305,1Q,200003,減価償却費,S003,調整,71138907,63408268
20240513,読売広告社,クリエイティブ統括,人事部,開発課,2024,202405,1Q,300002,経常利益,S001,通常,186463248,251398748
20250119,博報堂プロダクツ,管理統括,メディアプランニング部,第一課,2024,202501,4Q,500002,媒体社リベート,S004,見込,33466186,29475166
20231009,大広,営業統括,メディアプランニング部,推進課,2023,202310,3Q,300002,経常利益,S001,通常,232389188,354236573
20240925,読売広告社,メディア統括,デジタルマーケティング部,第三課,2024,202409,2Q,200003,減価償却費,S003,調整,65475505,82098286
20240601,博報堂DYメディアパートナーズ,管理統括,第二営業部,推進課,2024,202406,1Q,300002,経常利益,S005,確定,149506376,171153946
20231220,読売広告社,デジタル統括,第一営業部,推進課,2023,202312,3Q,400001,媒体手数料収入,S005,確定,22328552,36595744
20240519,博報堂,メディア統括,経営企画部,第二課,2024,202405,1Q,100002,売上原価,S001,通常,259431094,333139252
20240502,博報堂DYメディアパートナーズ,メディア統括,人事部,管理課,2024,202405,1Q,400003,コンサルティング収入,S002,特別,322721341,478237207
20230620,大広,メディア統括,制作部,第二課,2023,202306,1Q,400003,コンサルティング収入,S005,確定,332322066,256138134
20241002,博報堂DYメディアパートナーズ,デジタル統括,総務部,推進課,2024,202410,3Q,200002,経費,S005,確定,3703365,4406154
20240321,博報堂DYメディアパートナーズ,デジタル統括,経営企画部,運用課,2023,202403,4Q,500002,媒体社リベート,S002,特別,382257145,424841713
20230606,博報堂,クリエイティブ統括,制作部,第三課,2023,202306,1Q,400003,コンサルティング収入,S005,確定,252788187,232166583
20241102,博報堂DYメディアパートナーズ,営業統括,クリエイティブ部,第三課,2024,202411,3Q,100003,売上総利益,S002,特別,623482557,473799777
20240709,読売広告社,デジタル統括,経営企画部,第一課,2024,202407,2Q,500001,広告主負担金,S003,調整,32049924,43964517
20230916,博報堂DYメディアパートナーズ,デジタル統括,経営企画部,第三課,2023,202309,2Q,300002,経常利益,S002,特別,127514342,141993800
20230503,博報堂プロダクツ,営業統括,クリエイティブ部,開発課,2023,202305,1Q,500001,広告主負担金,S005,確定,316781316,275254607
20230526,大広,クリエイティブ統括,第二営業部,開発課,2023,202305,1Q,200001,人件費,S004,見込,149385856,184718334
20231007,博報堂プロダクツ,営業統括,デジタルマーケティング部,第二課,2023,202310,3Q,100001,売上高,S004,見込,318463409,243142418
20240522,大広,クリエイティブ統括,第二営業部,運用課,2024,202405,1Q,300001,営業利益,S004,見込,346004769,333283077
20240628,読売広告社,メディア統括,総務部,企画課,2024,202406,1Q,200002,経費,S004,見込,355386817,414189945
20250204,大広,デジタル統括,デジタルマーケティング部,管理課,2024,202502,4Q,400002,制作収入,S002,特別,302428463,448002296
20230720,博報堂,営業統括,人事部,第三課,2023,202307,2Q,400003,コンサルティング収入,S005,確定,456000988,412701820
20230608,読売広告社,メディア統括,制作部,推進課,2023,202306,1Q,100003,売上総利益,S003,調整,333243681,443284451
20230725,大広,営業統括,人事部,第一課,2023,202307,2Q,400002,制作収入,S005,確定,552023994,490325098
20231104,大広,営業統括,人事部,運用課,2023,202311,3Q,100002,売上原価,S005,確定,143502428,109883319
20230612,博報堂,メディア統括,メディアプランニング部,推進課,2023,202306,1Q,500001,広告主負担金,S001,通常,91772874,76692889
20241128,大広,クリエイティブ統括,総務部,第一課,2024,202411,3Q,200003,減価償却費,S001,通常,198167969,155602793
20250117,大広,デジタル統括,総務部,開発課,2024,202501,4Q,500002,媒体社リベート,S005,確定,171844375,191150758
20230728,博報堂プロダクツ,管理統括,制作部,第三課,2023,202307,2Q,100003,売上総利益,S001,通常,507022113,405310751
20250213,博報堂,営業統括,経営企画部,第一課,2024,202502,4Q,300002,経常利益,S005,確定,391870381,352118067
20230827,博報堂DYメディアパートナーズ,デジタル統括,第一営業部,運用課,2023,202308,2Q,200001,人件費,S004,見込,366550799,337236297
20231213,博報堂プロダクツ,営業統括,第二営業部,第一課,2023,202312,3Q,200001,人件費,S005,確定,388864262,498079384
20240226,読売広告社,メディア統括,デジタルマーケティング部,管理課,2023,202402,4Q,300002,経常利益,S001,通常,592102728,436138477
20240524,博報堂プロダクツ,管理統括,人事部,推進課,2024,202405,1Q,400002,制作収入,S002,特別,204974741,251056604
20241021,博報堂,管理統括,経営企画部,推進課,2024,202410,3Q,400001,媒体手数料収入,S002,特別,229846182,274039670
20241027,博報堂プロダクツ,管理統括,総務部,第二課,2024,202410,3Q,500002,媒体社リベート,S001,通常,357983591,441933989
20240522,博報堂プロダクツ,営業統括,メディアプランニング部,企画課,2024,202405,1Q,400001,媒体手数料収入,S002,特別,240371191,194406744
20230813,博報堂,デジタル統括,第一営業部,第一課,2023,202308,2Q,400003,コンサルティング収入,S003,調整,239644347,188028219
20230717,博報堂,デジタル統括,経営企画部,運用課,2023,202307,2Q,100002,売上原価,S003,調整,8308458,6254338
20240416,読売広告社,管理統括,メディアプランニング部,第一課,2024,202404,1Q,100001,売上高,S001,通常,552156863,486269587
20240705,博報堂DYメディアパートナーズ,デジタル統括,クリエイティブ部,第二課,2024,202407,2Q,400003,コンサルティング収入,S004,見込,184600156,183489400
20241127,博報堂DYメディアパートナーズ,クリエイティブ統括,第二営業部,管理課,2024,202411,3Q,100002,売上原価,S001,通常,158429276,209700907
20230402,博報堂,デジタル統括,デジタルマーケティング部,推進課,2023,202304,1Q,400002,制作収入,S004,見込,443467889,354125197
20230709,読売広告社,メディア統括,メディアプランニング部,企画課,2023,202307,2Q,100002,売上原価,S002,特別,27780925,21944021
20231226,大広,営業統括,デジタルマーケティング部,第一課,2023,202312,3Q,500001,広告主負担金,S001,通常,359602426,352824488
20240721,博報堂DYメディアパートナーズ,クリエイティブ統括,総務部,運用課,2024,202407,2Q,200001,人件費,S001,通常,369815412,444607353
20230526,博報堂DYメディアパートナーズ,メディア統括,財務経理部,第三課,2023,202305,1Q,500001,広告主負担金,S005,確定,126224169,116348054
20241008,博報堂プロダクツ,クリエイティブ統括,制作部,第三課,2024,202410,3Q,300001,営業利益,S004,見込,425604756,309474173
20241014,博報堂,デジタル統括,第一営業部,開発課,2024,202410,3Q,500002,媒体社リベート,S003,調整,298781263,440864756
20240927,博報堂DYメディアパートナーズ,営業統括,第一営業部,企画課,2024,202409,2Q,200001,人件費,S003,調整,21222927,32397034
20230416,博報堂DYメディアパートナーズ,管理統括,デジタルマーケティング部,推進課,2023,202304,1Q,500002,媒体社リベート,S003,調整,664638860,493433434
20240325,大広,クリエイティブ統括,財務経理部,運用課,2023,202403,4Q,300001,営業利益,S001,通常,291264211,466573805
20250119,博報堂プロダクツ,クリエイティブ統括,人事部,開発課,2024,202501,4Q,500002,媒体社リベート,S003,調整,329478666,454360726
20240607,博報堂DYメディアパートナーズ,デジタル統括,第一営業部,第二課,2024,202406,1Q,300002,経常利益,S001,通常,557435707,442859718
20230915,博報堂,管理統括,経営企画部,第二課,2023,202309,2Q,200002,経費,S001,通常,44932826,44023914
20231111,博報堂DYメディアパートナーズ,デジタル統括,デジタルマーケティング部,第一課,2023,202311,3Q,500001,広告主負担金,S004,見込,184206469,232117634
20240920,博報堂プロダクツ,管理統括,財務経理部,第一課,2024,202409,2Q,300001,営業利益,S005,確定,249775537,210592270
20240701,博報堂DYメディアパートナーズ,営業統括,総務部,第一課,2024,202407,2Q,400002,制作収入,S003,調整,29297244,46896295
20250323,博報堂DYメディアパートナーズ,メディア統括,第二営業部,第三課,2024,202503,4Q,400002,制作収入,S005,確定,100411620,158184361
20240826,読売広告社,デジタル統括,財務経理部,運用課,2024,202408,2Q,100002,売上原価,S001,通常,266039178,201109602
20231215,読売広告社,デジタル統括,第二営業部,第一課,2023,202312,3Q,400001,媒体手数料収入,S001,通常,242242642,295277028
20241016,博報堂DYメディアパートナーズ,メディア統括,第二営業部,運用課,2024,202410,3Q,500002,媒体社リベート,S003,調整,323962810,440640471
20230518,読売広告社,クリエイティブ統括,クリエイティブ部,管理課,2023,202305,1Q,200002,経費,S003,調整,432531993,342401498
20230905,博報堂DYメディアパートナーズ,デジタル統括,制作部,第二課,2023,202309,2Q,100002,売上原価,S005,確定,5306095,4346419
20230507,博報堂,管理統括,第一営業部,企画課,2023,202305,1Q,200002,経費,S001,通常,169365449,210540271
20250112,読売広告社,クリエイティブ統括,総務部,管理課,2024,202501,4Q,100001,売上高,S003,調整,159479302,207804621
20240719,博報堂プロダクツ,デジタル統括,第二営業部,開発課,2024,202407,2Q,500001,広告主負担金,S001,通常,200604001,184490700
20250105,読売広告社,デジタル統括,財務経理部,企画課,2024,202501,4Q,300001,営業利益,S005,確定,137642338,155020953
20230421,読売広告社,デジタル統括,第二営業部,管理課,2023,202304,1Q,100001,売上高,S003,調整,314708437,471023392
20230508,博報堂,営業統括,財務経理部,管理課,2023,202305,1Q,200003,減価償却費,S001,通常,26932810,35048186
20230527,博報堂プロダクツ,管理統括,人事部,第一課,2023,202305,1Q,400002,制作収入,S001,通常,295857218,228239825
20250319,大広,デジタル統括,経営企画部,開発課,2024,202503,4Q,300001,営業利益,S005,確定,93216783,76649909
20230510,大広,クリエイティブ統括,メディアプランニング部,企画課,2023,202305,1Q,500002,媒体社リベート,S004,見込,145646288,170690017
20250308,博報堂DYメディアパートナーズ,管理統括,総務部,開発課,2024,202503,4Q,400001,媒体手数料収入,S003,調整,401667451,287634462
20230901,博報堂DYメディアパートナーズ,営業統括,財務経理部,第二課,2023,202309,2Q,200002,経費,S004,見込,303798322,296677332
20231219,読売広告社,メディア統括,クリエイティブ部,開発課,2023,202312,3Q,500002,媒体社リベート,S005,確定,378996557,436588866
20231002,博報堂DYメディアパートナーズ,管理統括,クリエイティブ部,管理課,2023,202310,3Q,300002,経常利益,S003,調整,22632527,18169012
20250223,読売広告社,デジタル統括,第一営業部,第三課,2024,202502,4Q,200002,経費,S002,特別,294605588,478248403
20230823,博報堂,メディア統括,財務経理部,企画課,2023,202308,2Q,300002,経常利益,S004,見込,231963000,226423586
20240317,博報堂プロダクツ,デジタル統括,第二営業部,第一課,2023,202403,4Q,100003,売上総利益,S004,見込,496039483,488066894
20230820,博報堂プロダクツ,営業統括,総務部,第三課,2023,202308,2Q,400002,制作収入,S003,調整,379554650,313485632
20230923,博報堂プロダクツ,クリエイティブ統括,第一営業部,推進課,2023,202309,2Q,100002,売上原価,S005,確定,483211309,352627265
20240914,大広,クリエイティブ統括,総務部,運用課,2024,202409,2Q,500001,広告主負担金,S003,調整,265277195,294502325
20231007,博報堂,管理統括,経営企画部,第一課,2023,202310,3Q,500001,広告主負担金,S002,特別,24769438,17792818
20250322,博報堂,営業統括,クリエイティブ部,管理課,2024,202503,4Q,100003,売上総利益,S001,通常,431024822,427139327
20241225,博報堂プロダクツ,管理統括,メディアプランニング部,企画課,2024,202412,3Q,300001,営業利益,S004,見込,156110903,230820295
20240209,大広,デジタル統括,財務経理部,運用課,2023,202402,4Q,100003,売上総利益,S002,特別,125833754,109419062
20240117,博報堂DYメディアパートナーズ,デジタル統括,クリエイティブ部,推進課,2023,202401,4Q,100003,売上総利益,S005,確定,310551645,343722229
20240411,博報堂,メディア統括,制作部,企画課,2024,202404,1Q,400002,制作収入,S005,確定,284586682,422061041
20241206,博報堂,営業統括,総務部,第二課,2024,202412,3Q,500001,広告主負担金,S002,特別,274262578,314792494
20240103,博報堂DYメディアパートナーズ,メディア統括,第二営業部,第一課,2023,202401,4Q,100001,売上高,S004,見込,289885227,244405016
20240606,読売広告社,クリエイティブ統括,クリエイティブ部,運用課,2024,202406,1Q,500001,広告主負担金,S002,特別,423301048,487543121
20231016,大広,クリエイティブ統括,制作部,開発課,2023,202310,3Q,500001,広告主負担金,S001,通常,152538475,131207292
20230615,大広,管理統括,デジタルマーケティング部,第一課,2023,202306,1Q,400002,制作収入,S004,見込,296388393,280330372
20230403,博報堂プロダクツ,メディア統括,財務経理部,推進課,2023,202304,1Q,100003,売上総利益,S004,見込,461256409,332615005
20240520,博報堂DYメディアパートナーズ,営業統括,総務部,運用課,2024,202405,1Q,400002,制作収入,S004,見込,291630595,257008650
20240519,博報堂,メディア統括,経営企画部,第一課,2024,202405,1Q,400001,媒体手数料収入,S004,見込,9933188,13618306
20230813,博報堂プロダクツ,管理統括,デジタルマーケティング部,第一課,2023,202308,2Q,400003,コンサルティング収入,S005,確定,147982591,150868350
20241213,博報堂DYメディアパートナーズ,デジタル統括,財務経理部,第二課,2024,202412,3Q,200001,人件費,S003,調整,84466032,82809590
20240414,博報堂,メディア統括,財務経理部,管理課,2024,202404,1Q,300001,営業利益,S003,調整,333765683,389523450
20240601,博報堂プロダクツ,メディア統括,第二営業部,推進課,2024,202406,1Q,200002,経費,S004,見込,322196681,447263726
20231006,大広,営業統括,人事部,開発課,2023,202310,3Q,400001,媒体手数料収入,S003,調整,350036292,459022949
20230716,読売広告社,クリエイティブ統括,経営企画部,開発課,2023,202307,2Q,500001,広告主負担金,S001,通常,201084201,195986926
20230621,博報堂DYメディアパートナーズ,クリエイティブ統括,第一営業部,管理課,2023,202306,1Q,300001,営業利益,S003,調整,520592850,483686755
20230417,博報堂プロダクツ,営業統括,財務経理部,第二課,2023,202304,1Q,200003,減価償却費,S004,見込,74616799,73394222
20240610,博報堂DYメディアパートナーズ,クリエイティブ統括,総務部,管理課,2024,202406,1Q,100002,売上原価,S001,通常,4404518,4380766
20241019,博報堂DYメディアパートナーズ,クリエイティブ統括,財務経理部,開発課,2024,202410,3Q,100002,売上原価,S005,確定,381346500,487271171
20230406,博報堂プロダクツ,管理統括,人事部,第三課,2023,202304,1Q,500002,媒体社リベート,S003,調整,490424914,447854056
20240603,大広,管理統括,第一営業部,企画課,2024,202406,1Q,300001,営業利益,S004,見込,135168100,143103171
20240206,博報堂DYメディアパートナーズ,デジタル統括,クリエイティブ部,第一課,2023,202402,4Q,300001,営業利益,S005,確定,312045973,419380310
20231010,博報堂,営業統括,人事部,企画課,2023,202310,3Q,500002,媒体社リベート,S005,確定,317052296,369186139
20230706,博報堂DYメディアパートナーズ,クリエイティブ統括,人事部,管理課,2023,202307,2Q,400002,制作収入,S003,調整,279861131,214834175
20250122,博報堂プロダクツ,デジタル統括,総務部,運用課,2024,202501,4Q,100003,売上総利益,S001,通常,206949590,276602384
20231028,読売広告社,営業統括,クリエイティブ部,第一課,2023,202310,3Q,400001,媒体手数料収入,S005,確定,260073736,284146866
20231020,博報堂プロダクツ,営業統括,制作部,運用課,2023,202310,3Q,300001,営業利益,S001,通常,385572415,358799681
20230608,大広,クリエイティブ統括,デジタルマーケティング部,管理課,2023,202306,1Q,100002,売上原価,S002,特別,367418437,263018327
20240323,大広,管理統括,経営企画部,開発課,2023,202403,4Q,400002,制作収入,S005,確定,273581875,252821087
20230528,博報堂プロダクツ,メディア統括,経営企画部,推進課,2023,202305,1Q,300001,営業利益,S004,見込,125494086,94641798
20231205,読売広告社,メディア統括,経営企画部,第一課,2023,202312,3Q,200003,減価償却費,S002,特別,228521812,196886215
20241005,博報堂,デジタル統括,デジタルマーケティング部,管理課,2024,202410,3Q,400002,制作収入,S003,調整,303646626,327931098
20240519,博報堂プロダクツ,管理統括,メディアプランニング部,開発課,2024,202405,1Q,100002,売上原価,S001,通常,544325154,401249776
20240721,読売広告社,クリエイティブ統括,メディアプランニング部,第二課,2024,202407,2Q,500001,広告主負担金,S001,通常,530594876,465904251
20240114,博報堂プロダクツ,クリエイティブ統括,第二営業部,企画課,2023,202401,4Q,100001,売上高,S002,特別,80951559,78600743
20240228,読売広告社,デジタル統括,総務部,推進課,2023,202402,4Q,500002,媒体社リベート,S003,調整,128969767,192820063
20240405,博報堂プロダクツ,管理統括,人事部,第一課,2024,202404,1Q,100003,売上総利益,S002,特別,236794528,268236430
20230519,大広,クリエイティブ統括,メディアプランニング部,第二課,2023,202305,1Q,500001,広告主負担金,S004,見込,177438193,187042891
20240323,大広,営業統括,クリエイティブ部,企画課,2023,202403,4Q,200001,人件費,S001,通常,14138919,21623995
20241112,博報堂プロダクツ,メディア統括,第一営業部,企画課,2024,202411,3Q,300002,経常利益,S005,確定,649927770,499021670
20241203,大広,メディア統括,総務部,開発課,2024,202412,3Q,300002,経常利益,S004,見込,61410715,97235592
20231026,博報堂,営業統括,総務部,第二課,2023,202310,3Q,100003,売上総利益,S001,通常,119613828,90202743
20231115,博報堂プロダクツ,営業統括,人事部,推進課,2023,202311,3Q,100002,売上原価,S005,確定,43625771,63462334
20230711,博報堂,デジタル統括,第一営業部,推進課,2023,202307,2Q,200003,減価償却費,S005,確定,227238657,286544570
20240824,博報堂DYメディアパートナーズ,管理統括,クリエイティブ部,企画課,2024,202408,2Q,400003,コンサルティング収入,S004,見込,100871275,103393188
20240417,博報堂DYメディアパートナーズ,デジタル統括,クリエイティブ部,第二課,2024,202404,1Q,500001,広告主負担金,S005,確定,27065881,33460729
20250109,大広,クリエイティブ統括,経営企画部,第三課,2024,202501,4Q,300002,経常利益,S005,確定,286619424,211023315
20230912,大広,営業統括,第二営業部,推進課,2023,202309,2Q,300001,営業利益,S001,通常,523648858,414793375
20240808,大広,クリエイティブ統括,第一営業部,運用課,2024,202408,2Q,200001,人件費,S001,通常,233151434,216381609
20240401,博報堂プロダクツ,デジタル統括,第一営業部,開発課,2024,202404,1Q,300001,営業利益,S003,調整,415290963,374868756
20230925,読売広告社,クリエイティブ統括,財務経理部,推進課,2023,202309,2Q,300002,経常利益,S003,調整,6777668,8128286
20240924,読売広告社,メディア統括,デジタルマーケティング部,管理課,2024,202409,2Q,500001,広告主負担金,S003,調整,297948276,427384624
20230613,読売広告社,クリエイティブ統括,第二営業部,運用課,2023,202306,1Q,200003,減価償却費,S005,確定,334347554,394028184
20250317,大広,メディア統括,総務部,開発課,2024,202503,4Q,400002,制作収入,S003,調整,123318147,158794710
20240803,博報堂プロダクツ,クリエイティブ統括,人事部,第二課,2024,202408,2Q,400003,コンサルティング収入,S001,通常,131828419,204066928
20240518,博報堂,デジタル統括,制作部,企画課,2024,202405,1Q,200003,減価償却費,S003,調整,313525181,256440723
20240405,読売広告社,営業統括,人事部,企画課,2024,202404,1Q,500002,媒体社リベート,S001,通常,50944428,56327922
20231221,大広,営業統括,クリエイティブ部,管理課,2023,202312,3Q,100001,売上高,S003,調整,170969762,221577380
20241109,読売広告社,メディア統括,クリエイティブ部,管理課,2024,202411,3Q,200003,減価償却費,S004,見込,234049854,344643635
20240309,博報堂,営業統括,第一営業部,第一課,2023,202403,4Q,200001,人件費,S004,見込,149648353,124489219
20230523,博報堂プロダクツ,メディア統括,総務部,第二課,2023,202305,1Q,400001,媒体手数料収入,S003,調整,118780878,112045121
20230918,大広,クリエイティブ統括,人事部,開発課,2023,202309,2Q,300001,営業利益,S002,特別,76071610,60378040
20240723,博報堂,クリエイティブ統括,人事部,第一課,2024,202407,2Q,100002,売上原価,S002,特別,359737932,307127566
20240324,読売広告社,デジタル統括,財務経理部,推進課,2023,202403,4Q,200002,経費,S003,調整,365692382,288028963
20250115,博報堂,メディア統括,総務部,第二課,2024,202501,4Q,400003,コンサルティング収入,S001,通常,158270018,210907720
20230916,読売広告社,メディア統括,総務部,運用課,2023,202309,2Q,400003,コンサルティング収入,S005,確定,369495607,408872800
20250225,博報堂,メディア統括,財務経理部,第二課,2024,202502,4Q,100002,売上原価,S004,見込,183741324,174341400
20230416,博報堂プロダクツ,管理統括,クリエイティブ部,運用課,2023,202304,1Q,400003,コンサルティング収入,S001,通常,276266547,364488410
20230510,大広,デジタル統括,第一営業部,第二課,2023,202305,1Q,400003,コンサルティング収入,S001,通常,275730288,319754115
20240306,博報堂,デジタル統括,メディアプランニング部,推進課,2023,202403,4Q,400002,制作収入,S004,見込,276722175,454244780
20231013,読売広告社,クリエイティブ統括,クリエイティブ部,第二課,2023,202310,3Q,400001,媒体手数料収入,S001,通常,176560380,144551321
20240126,大広,管理統括,財務経理部,第三課,2023,202401,4Q,200001,人件費,S004,見込,262532107,371923398
20231116,読売広告社,メディア統括,第二営業部,第一課,2023,202311,3Q,100003,売上総利益,S002,特別,452543744,498179474
20230828,読売広告社,営業統括,総務部,開発課,2023,202308,2Q,300002,経常利益,S004,見込,199736123,232200614
20250126,博報堂DYメディアパートナーズ,クリエイティブ統括,財務経理部,推進課,2024,202501,4Q,400002,制作収入,S003,調整,233257919,177719084
20241006,大広,デジタル統括,第二営業部,開発課,2024,202410,3Q,300002,経常利益,S005,確定,112177981,103586760
20240920,博報堂DYメディアパートナーズ,メディア統括,メディアプランニング部,管理課,2024,202409,2Q,200003,減価償却費,S005,確定,232365863,327216583
20230910,読売広告社,デジタル統括,人事部,管理課,2023,202309,2Q,300001,営業利益,S004,見込,689098425,499474244
20250213,博報堂DYメディアパートナーズ,メディア統括,第一営業部,管理課,2024,202502,4Q,500001,広告主負担金,S003,調整,409385928,323737894
20231222,博報堂プロダクツ,クリエイティブ統括,総務部,第二課,2023,202312,3Q,400002,制作収入,S003,調整,59233838,49895762
20240519,大広,管理統括,財務経理部,運用課,2024,202405,1Q,300002,経常利益,S001,通常,9230951,8211561
20250204,博報堂プロダクツ,管理統括,人事部,管理課,2024,202502,4Q,100002,売上原価,S004,見込,356367109,371040718
20240213,博報堂,デジタル統括,第二営業部,運用課,2023,202402,4Q,100002,売上原価,S004,見込,305306941,307263308
20240517,博報堂プロダクツ,管理統括,人事部,企画課,2024,202405,1Q,300002,経常利益,S004,見込,123919072,137403757
20241109,博報堂,営業統括,財務経理部,第二課,2024,202411,3Q,200001,人件費,S004,見込,399562468,412648966
20230925,読売広告社,クリエイティブ統括,財務経理部,企画課,2023,202309,2Q,500001,広告主負担金,S003,調整,253791117,301137289
20230726,博報堂DYメディアパートナーズ,メディア統括,デジタルマーケティング部,推進課,2023,202307,2Q,200001,人件費,S003,調整,229944066,263276806
20250203,読売広告社,デジタル統括,メディアプランニング部,第三課,2024,202502,4Q,200001,人件費,S001,通常,92470718,134988110
20230816,読売広告社,クリエイティブ統括,制作部,企画課,2023,202308,2Q,200002,経費,S003,調整,121222064,137241812
20240214,博報堂,管理統括,メディアプランニング部,推進課,2023,202402,4Q,200001,人件費,S001,通常,154616436,223498407
20241008,博報堂プロダクツ,管理統括,第一営業部,第三課,2024,202410,3Q,300002,経常利益,S003,調整,44902815,61480030
20240210,読売広告社,営業統括,第二営業部,管理課,2023,202402,4Q,400001,媒体手数料収入,S003,調整,318822259,239423834
20240904,博報堂プロダクツ,営業統括,総務部,推進課,2024,202409,2Q,300002,経常利益,S003,調整,636607972,471769685
20240921,博報堂,管理統括,経営企画部,第二課,2024,202409,2Q,300002,経常利益,S005,確定,110100407,178508898
20240505,大広,メディア統括,第一営業部,第一課,2024,202405,1Q,400003,コンサルティング収入,S004,見込,198106588,156696417
20230728,博報堂,管理統括,人事部,管理課,2023,202307,2Q,400001,媒体手数料収入,S001,通常,23043875,22379878
20241207,博報堂DYメディアパートナーズ,メディア統括,クリエイティブ部,推進課,2024,202412,3Q,100001,売上高,S004,見込,424100549,312633170
20240812,読売広告社,営業統括,制作部,第三課,2024,202408,2Q,200003,減価償却費,S005,確定,444767113,348505318
20231103,博報堂,管理統括,第二営業部,管理課,2023,202311,3Q,200001,人件費,S003,調整,473948372,439356710
20230727,博報堂プロダクツ,クリエイティブ統括,財務経理部,第二課,2023,202307,2Q,100003,売上総利益,S003,調整,173332967,219489756
20241004,読売広告社,クリエイティブ統括,総務部,開発課,2024,202410,3Q,100001,売上高,S001,通常,457365004,393099356
20240912,博報堂DYメディアパートナーズ,管理統括,デジタルマーケティング部,管理課,2024,202409,2Q,400003,コンサルティング収入,S002,特別,155239894,198826008
20241208,大広,管理統括,メディアプランニング部,運用課,2024,202412,3Q,100002,売上原価,S003,調整,280236620,296900245
20240720,大広,営業統括,経営企画部,第三課,2024,202407,2Q,200001,人件費,S004,見込,43304244,37340952
20240128,読売広告社,営業統括,経営企画部,運用課,2023,202401,4Q,100003,売上総利益,S001,通常,499757028,386071960
20240611,大広,営業統括,メディアプランニング部,運用課,2024,202406,1Q,300002,経常利益,S004,見込,65227151,91016798
20241017,博報堂DYメディアパートナーズ,クリエイティブ統括,財務経理部,第三課,2024,202410,3Q,500002,媒体社リベート,S003,調整,533948625,384830479
20240824,博報堂DYメディアパートナーズ,デジタル統括,総務部,第三課,2024,202408,2Q,100003,売上総利益,S004,見込,504021390,363193377
20230803,博報堂プロダクツ,メディア統括,経営企画部,管理課,2023,202308,2Q,400002,制作収入,S002,特別,211385740,178642756
20240620,博報堂プロダクツ,クリエイティブ統括,総務部,管理課,2024,202406,1Q,500002,媒体社リベート,S004,見込,13091886,16716453
20230819,博報堂プロダクツ,クリエイティブ統括,制作部,第二課,2023,202308,2Q,300001,営業利益,S005,確定,410501941,496032027
20230418,博報堂,営業統括,クリエイティブ部,第一課,2023,202304,1Q,100003,売上総利益,S003,調整,144300795,105675325
20231128,博報堂,クリエイティブ統括,デジタルマーケティング部,第三課,2023,202311,3Q,400001,媒体手数料収入,S005,確定,518021315,408335655
20240109,大広,メディア統括,第一営業部,管理課,2023,202401,4Q,500001,広告主負担金,S003,調整,54844002,41288710
20230624,大広,営業統括,クリエイティブ部,運用課,2023,202306,1Q,500001,広告主負担金,S003,調整,5383422,8356714
20241213,博報堂,営業統括,第二営業部,第一課,2024,202412,3Q,300001,営業利益,S005,確定,384828460,403163996
20241220,博報堂DYメディアパートナーズ,管理統括,クリエイティブ部,第一課,2024,202412,3Q,400002,制作収入,S003,調整,239902101,280099242
20231217,博報堂DYメディアパートナーズ,管理統括,制作部,第二課,2023,202312,3Q,400001,媒体手数料収入,S005,確定,209539339,194752541
20241206,博報堂プロダクツ,管理統括,人事部,推進課,2024,202412,3Q,200001,人件費,S003,調整,93446982,124149146
20240403,博報堂DYメディアパートナーズ,メディア統括,第二営業部,管理課,2024,202404,1Q,200002,経費,S002,特別,325416650,313117696
20230411,読売広告社,メディア統括,財務経理部,第三課,2023,202304,1Q,500001,広告主負担金,S004,見込,207660846,302879990
20230903,博報堂DYメディアパートナーズ,クリエイティブ統括,人事部,第一課,2023,202309,2Q,500002,媒体社リベート,S003,調整,291926796,323452463
20241013,博報堂DYメディアパートナーズ,管理統括,第二営業部,第一課,2024,202410,3Q,100001,売上高,S003,調整,429158361,427448928
20241227,博報堂プロダクツ,管理統括,第二営業部,第二課,2024,202412,3Q,100002,売上原価,S005,確定,469348495,447852032
20240425,博報堂DYメディアパートナーズ,デジタル統括,総務部,開発課,2024,202404,1Q,100003,売上総利益,S005,確定,258946514,290077290
20241206,大広,デジタル統括,メディアプランニング部,管理課,2024,202412,3Q,500002,媒体社リベート,S005,確定,177899122,248547866
20240611,博報堂DYメディアパートナーズ,クリエイティブ統括,経営企画部,運用課,2024,202406,1Q,400001,媒体手数料収入,S004,見込,118951499,171432537
20231213,博報堂,クリエイティブ統括,第二営業部,開発課,2023,202312,3Q,400002,制作収入,S001,通常,237301702,210351539
20240814,博報堂プロダクツ,営業統括,メディアプランニング部,第二課,2024,202408,2Q,100001,売上高,S003,調整,4467611,6734118
20241005,読売広告社,デジタル統括,経営企画部,企画課,2024,202410,3Q,100002,売上原価,S002,特別,552397668,449913853
20230415,博報堂,管理統括,メディアプランニング部,第三課,2023,202304,1Q,500002,媒体社リベート,S002,特別,248794073,395410157
20240528,博報堂プロダクツ,デジタル統括,クリエイティブ部,推進課,2024,202405,1Q,200002,経費,S002,特別,142920912,202829496
20230723,博報堂DYメディアパートナーズ,クリエイティブ統括,総務部,第三課,2023,202307,2Q,400001,媒体手数料収入,S001,通常,201093823,237972654
20241226,博報堂DYメディアパートナーズ,クリエイティブ統括,第一営業部,管理課,2024,202412,3Q,400002,制作収入,S003,調整,26207422,35217594
20230611,博報堂プロダクツ,デジタル統括,クリエイティブ部,推進課,2023,202306,1Q,200001,人件費,S002,特別,302174031,467529799
20231221,博報堂プロダクツ,営業統括,クリエイティブ部,運用課,2023,202312,3Q,500001,広告主負担金,S005,確定,44406069,34963629
20241008,博報堂,デジタル統括,クリエイティブ部,第一課,2024,202410,3Q,100002,売上原価,S004,見込,654765694,490834245
20240515,大広,デジタル統括,デジタルマーケティング部,開発課,2024,202405,1Q,200002,経費,S003,調整,325726949,265881459
20240102,大広,クリエイティブ統括,制作部,第二課,2023,202401,4Q,500002,媒体社リベート,S003,調整,145808390,127039482
20231127,大広,クリエイティブ統括,財務経理部,管理課,2023,202311,3Q,200001,人件費,S004,見込,300748483,313628814
20240906,博報堂,管理統括,第一営業部,第三課,2024,202409,2Q,300001,営業利益,S002,特別,233176669,351200101
20240713,読売広告社,メディア統括,経営企画部,開発課,2024,202407,2Q,100002,売上原価,S003,調整,27405549,21552510
20240326,大広,管理統括,第一営業部,第三課,2023,202403,4Q,100002,売上原価,S003,調整,523873421,472707883
20240703,博報堂,管理統括,第二営業部,運用課,2024,202407,2Q,300002,経常利益,S004,見込,549026698,477487205
20240825,大広,メディア統括,財務経理部,管理課,2024,202408,2Q,500002,媒体社リベート,S005,確定,312714407,473324426
20230815,読売広告社,メディア統括,第二営業部,開発課,2023,202308,2Q,100002,売上原価,S002,特別,75914190,118360939
20241214,大広,メディア統括,財務経理部,第三課,2024,202412,3Q,100003,売上総利益,S003,調整,416107455,477241988
20240905,大広,デジタル統括,デジタルマーケティング部,開発課,2024,202409,2Q,100003,売上総利益,S004,見込,18689583,22788719
20240908,博報堂プロダクツ,クリエイティブ統括,第二営業部,運用課,2024,202409,2Q,100001,売上高,S002,特別,105947806,102550715
20240921,博報堂,管理統括,第二営業部,管理課,2024,202409,2Q,400002,制作収入,S001,通常,34484810,50461850
20241015,大広,メディア統括,クリエイティブ部,推進課,2024,202410,3Q,500001,広告主負担金,S005,確定,210537319,339423480
20240418,博報堂DYメディアパートナーズ,メディア統括,総務部,第三課,2024,202404,1Q,200001,人件費,S005,確定,602140071,437618017
20230712,大広,営業統括,総務部,第二課,2023,202307,2Q,400003,コンサルティング収入,S005,確定,449882066,430709627
20240125,博報堂プロダクツ,クリエイティブ統括,人事部,開発課,2023,202401,4Q,100003,売上総利益,S001,通常,243690758,369616584
20250110,博報堂プロダクツ,メディア統括,メディアプランニング部,推進課,2024,202501,4Q,100001,売上高,S003,調整,96121237,94389175
20250208,博報堂,管理統括,クリエイティブ部,第二課,2024,202502,4Q,400003,コンサルティング収入,S003,調整,123138362,118067405
20230922,博報堂DYメディアパートナーズ,メディア統括,制作部,第一課,2023,202309,2Q,300001,営業利益,S003,調整,54367017,89327808
20240114,博報堂プロダクツ,営業統括,第二営業部,開発課,2023,202401,4Q,100002,売上原価,S005,確定,645984433,492202319
20230717,博報堂,営業統括,第一営業部,第一課,2023,202307,2Q,100002,売上原価,S002,特別,20484596,24801118
20240213,博報堂,クリエイティブ統括,デジタルマーケティング部,第二課,2023,202402,4Q,500002,媒体社リベート,S002,特別,349140294,403874007
20240802,大広,管理統括,メディアプランニング部,第二課,2024,202408,2Q,100002,売上原価,S002,特別,417927630,315533498
20230810,博報堂DYメディアパートナーズ,クリエイティブ統括,人事部,第三課,2023,202308,2Q,100003,売上総利益,S004,見込,210947262,279048122
20230921,博報堂,営業統括,人事部,管理課,2023,202309,2Q,100002,売上原価,S001,通常,415682044,464228803
20240925,大広,クリエイティブ統括,総務部,第三課,2024,202409,2Q,200002,経費,S005,確定,422985032,356452335
20230416,大広,営業統括,総務部,管理課,2023,202304,1Q,500001,広告主負担金,S001,通常,305594647,464285160
20240704,大広,クリエイティブ統括,デジタルマーケティング部,第二課,2024,202407,2Q,300001,営業利益,S005,確定,177058327,139940478
20240823,読売広告社,営業統括,第二営業部,管理課,2024,202408,2Q,100003,売上総利益,S002,特別,640197583,474996635
20240128,大広,デジタル統括,クリエイティブ部,第二課,2023,202401,4Q,500002,媒体社リベート,S002,特別,153358853,169897792
20230927,博報堂プロダクツ,クリエイティブ統括,制作部,管理課,2023,202309,2Q,300001,営業利益,S004,見込,234682751,366076462
20250319,博報堂プロダクツ,メディア統括,メディアプランニング部,第一課,2024,202503,4Q,300001,営業利益,S001,通常,260952499,409311681
20250118,博報堂プロダクツ,デジタル統括,財務経理部,開発課,2024,202501,4Q,200002,経費,S002,特別,34802444,48797580
20240819,読売広告社,営業統括,人事部,開発課,2024,202408,2Q,200003,減価償却費,S004,見込,131960994,213337867
20240922,大広,デジタル統括,総務部,推進課,2024,202409,2Q,100001,売上高,S004,見込,436551443,390592123
20231012,博報堂,メディア統括,第一営業部,第一課,2023,202310,3Q,200001,人件費,S001,通常,45933994,61916197
20241028,博報堂,管理統括,メディアプランニング部,第二課,2024,202410,3Q,200003,減価償却費,S004,見込,133404833,103873080
20230509,大広,営業統括,メディアプランニング部,開発課,2023,202305,1Q,200002,経費,S001,通常,274995321,266206577
20231224,大広,管理統括,メディアプランニング部,第一課,2023,202312,3Q,400003,コンサルティング収入,S004,見込,518479027,425176785
20230411,博報堂DYメディアパートナーズ,営業統括,メディアプランニング部,企画課,2023,202304,1Q,200002,経費,S005,確定,576544603,439176940
20240214,大広,デジタル統括,第二営業部,企画課,2023,202402,4Q,100003,売上総利益,S005,確定,105301341,84444766
20231017,博報堂プロダクツ,デジタル統括,第二営業部,企画課,2023,202310,3Q,100003,売上総利益,S004,見込,214477679,253531809
20250107,博報堂DYメディアパートナーズ,メディア統括,制作部,管理課,2024,202501,4Q,300002,経常利益,S005,確定,196930766,159698639
20240118,大広,管理統括,財務経理部,第一課,2023,202401,4Q,200003,減価償却費,S001,通常,247476315,312879723
20240322,博報堂,メディア統括,経営企画部,第一課,2023,202403,4Q,400001,媒体手数料収入,S002,特別,293406183,236817339
20230522,博報堂DYメディアパートナーズ,デジタル統括,総務部,推進課,2023,202305,1Q,100001,売上高,S003,調整,177016833,246760570
20241106,大広,クリエイティブ統括,第二営業部,運用課,2024,202411,3Q,100002,売上原価,S003,調整,253392477,291089338
20241120,博報堂,メディア統括,メディアプランニング部,管理課,2024,202411,3Q,300002,経常利益,S001,通常,216035938,282447462
20230401,博報堂DYメディアパートナーズ,デジタル統括,経営企画部,第三課,2023,202304,1Q,400001,媒体手数料収入,S002,特別,286635444,290413400
20231214,読売広告社,営業統括,総務部,管理課,2023,202312,3Q,500002,媒体社リベート,S004,見込,533174202,477620440
20240424,博報堂プロダクツ,管理統括,デジタルマーケティング部,第三課,2024,202404,1Q,100003,売上総利益,S002,特別,159118400,231602575
20240607,大広,デジタル統括,第二営業部,企画課,2024,202406,1Q,500001,広告主負担金,S004,見込,296539081,263772236
20231128,博報堂プロダクツ,管理統括,制作部,運用課,2023,202311,3Q,300001,営業利益,S005,確定,256160993,426499469
20241204,大広,メディア統括,財務経理部,第三課,2024,202412,3Q,100003,売上総利益,S003,調整,453399615,461836647
20241023,読売広告社,管理統括,財務経理部,開発課,2024,202410,3Q,400002,制作収入,S003,調整,35295248,50070994
20250219,読売広告社,デジタル統括,第一営業部,企画課,2024,202502,4Q,100002,売上原価,S004,見込,135177131,204403269
20240413,大広,営業統括,人事部,第一課,2024,202404,1Q,200002,経費,S005,確定,276508139,433884009
20240219,博報堂DYメディアパートナーズ,管理統括,経営企画部,第一課,2023,202402,4Q,200002,経費,S001,通常,607577858,489537484
20230515,大広,クリエイティブ統括,制作部,第一課,2023,202305,1Q,200002,経費,S005,確定,242287411,303557587
20250321,読売広告社,営業統括,クリエイティブ部,開発課,2024,202503,4Q,500002,媒体社リベート,S004,見込,221042830,180456366
20240420,博報堂プロダクツ,クリエイティブ統括,クリエイティブ部,第三課,2024,202404,1Q,100001,売上高,S005,確定,239768818,215737022
20250106,博報堂DYメディアパートナーズ,クリエイティブ統括,総務部,第一課,2024,202501,4Q,500002,媒体社リベート,S001,通常,117405483,112745116
20241125,博報堂DYメディアパートナーズ,管理統括,第一営業部,第三課,2024,202411,3Q,100002,売上原価,S003,調整,34832406,27990773
20231123,博報堂,デジタル統括,人事部,推進課,2023,202311,3Q,100001,売上高,S004,見込,272733863,284431405
20230903,大広,メディア統括,デジタルマーケティング部,推進課,2023,202309,2Q,200003,減価償却費,S002,特別,69327663,98916383
20250226,博報堂DYメディアパートナーズ,メディア統括,メディアプランニング部,開発課,2024,202502,4Q,400002,制作収入,S001,通常,484179694,349948002
20230807,大広,管理統括,人事部,運用課,2023,202308,2Q,300002,経常利益,S004,見込,86879468,125734614
20231116,読売広告社,メディア統括,経営企画部,開発課,2023,202311,3Q,300001,営業利益,S001,通常,345057196,415778960
20240408,博報堂DYメディアパートナーズ,管理統括,制作部,第三課,2024,202404,1Q,200001,人件費,S002,特別,258669516,277733575
20231107,博報堂DYメディアパートナーズ,営業統括,財務経理部,第一課,2023,202311,3Q,100001,売上高,S001,通常,143927549,182533742
20240703,博報堂DYメディアパートナーズ,メディア統括,クリエイティブ部,企画課,2024,202407,2Q,200003,減価償却費,S005,確定,80246450,114827037
20250301,読売広告社,デジタル統括,財務経理部,推進課,2024,202503,4Q,400001,媒体手数料収入,S001,通常,104628905,102798316
20240803,博報堂プロダクツ,管理統括,クリエイティブ部,推進課,2024,202408,2Q,200001,人件費,S004,見込,149693205,176081127
20240901,大広,営業統括,クリエイティブ部,推進課,2024,202409,2Q,100002,売上原価,S001,通常,210058794,153587955
20240213,大広,メディア統括,人事部,第三課,2023,202402,4Q,100001,売上高,S003,調整,127937345,201586513
20230725,博報堂DYメディアパートナーズ,デジタル統括,人事部,管理課,2023,202307,2Q,200002,経費,S001,通常,187171462,225492750
20240525,博報堂プロダクツ,デジタル統括,メディアプランニング部,推進課,2024,202405,1Q,100003,売上総利益,S004,見込,63448796,65724804
20241103,博報堂DYメディアパートナーズ,営業統括,デジタルマーケティング部,開発課,2024,202411,3Q,100001,売上高,S001,通常,265761066,344775573
20231111,大広,営業統括,制作部,運用課,2023,202311,3Q,200001,人件費,S005,確定,318214913,232543165
20231010,大広,デジタル統括,第二営業部,企画課,2023,202310,3Q,200001,人件費,S002,特別,39476864,64299007
20230617,博報堂DYメディアパートナーズ,営業統括,デジタルマーケティング部,企画課,2023,202306,1Q,400003,コンサルティング収入,S003,調整,551963242,493778974
20241223,大広,管理統括,人事部,開発課,2024,202412,3Q,400001,媒体手数料収入,S002,特別,144083088,189623746
20240218,読売広告社,メディア統括,人事部,管理課,2023,202402,4Q,100001,売上高,S004,見込,349668403,410185800
20241221,大広,クリエイティブ統括,メディアプランニング部,企画課,2024,202412,3Q,200002,経費,S001,通常,132147506,210104445
20230405,博報堂DYメディアパートナーズ,デジタル統括,第二営業部,第二課,2023,202304,1Q,300001,営業利益,S001,通常,632942082,473101368
20240210,読売広告社,営業統括,クリエイティブ部,企画課,2023,202402,4Q,400001,媒体手数料収入,S003,調整,49065160,37769435
20230623,大広,営業統括,第二営業部,推進課,2023,202306,1Q,300001,営業利益,S004,見込,471812063,435137896
20240706,博報堂プロダクツ,営業統括,デジタルマーケティング部,第三課,2024,202407,2Q,500001,広告主負担金,S002,特別,275159759,351856735
20240503,博報堂プロダクツ,メディア統括,総務部,第三課,2024,202405,1Q,300002,経常利益,S005,確定,152067957,198133702
20240618,大広,メディア統括,経営企画部,企画課,2024,202406,1Q,500002,媒体社リベート,S004,見込,154396107,115832726
20231220,博報堂DYメディアパートナーズ,管理統括,経営企画部,運用課,2023,202312,3Q,400003,コンサルティング収入,S003,調整,372576952,286475530
20240924,博報堂DYメディアパートナーズ,デジタル統括,メディアプランニング部,開発課,2024,202409,2Q,200001,人件費,S005,確定,74933222,90760231
20230526,読売広告社,営業統括,メディアプランニング部,管理課,2023,202305,1Q,400001,媒体手数料収入,S002,特別,252037023,218674724
20240804,大広,メディア統括,制作部,運用課,2024,202408,2Q,200003,減価償却費,S003,調整,223839713,194940793
20230426,博報堂DYメディアパートナーズ,営業統括,制作部,開発課,2023,202304,1Q,400002,制作収入,S001,通常,308126664,294866603
20231017,博報堂,デジタル統括,経営企画部,第二課,2023,202310,3Q,200001,人件費,S001,通常,64108002,47714537
20250125,博報堂DYメディアパートナーズ,メディア統括,総務部,企画課,2024,202501,4Q,400003,コンサルティング収入,S001,通常,353564447,422936673
20240310,博報堂DYメディアパートナーズ,デジタル統括,デジタルマーケティング部,推進課,2023,202403,4Q,200003,減価償却費,S001,通常,176918138,280006594
20240812,博報堂プロダクツ,クリエイティブ統括,クリエイティブ部,第一課,2024,202408,2Q,100002,売上原価,S005,確定,269825102,345023804
20240101,博報堂,営業統括,総務部,推進課,2023,202401,4Q,400003,コンサルティング収入,S002,特別,261194465,193097794
20240913,博報堂,メディア統括,経営企画部,第一課,2024,202409,2Q,400001,媒体手数料収入,S002,特別,624015174,451553872
20230609,博報堂プロダクツ,デジタル統括,メディアプランニング部,推進課,2023,202306,1Q,300001,営業利益,S002,特別,29279790,43091398
20241018,読売広告社,クリエイティブ統括,第二営業部,第三課,2024,202410,3Q,300002,経常利益,S002,特別,416242160,326599980
20240828,博報堂プロダクツ,クリエイティブ統括,経営企画部,第一課,2024,202408,2Q,300001,営業利益,S004,見込,515825218,472390766
20240326,読売広告社,管理統括,人事部,第二課,2023,202403,4Q,200002,経費,S003,調整,398533554,458577042
20240915,博報堂,管理統括,経営企画部,管理課,2024,202409,2Q,200003,減価償却費,S003,調整,266803010,212158975
20240928,博報堂DYメディアパートナーズ,管理統括,クリエイティブ部,企画課,2024,202409,2Q,400002,制作収入,S004,見込,427269870,312020923
20250209,博報堂プロダクツ,メディア統括,デジタルマーケティング部,開発課,2024,202502,4Q,300001,営業利益,S003,調整,281459348,285813501
20240113,博報堂,管理統括,経営企画部,第三課,2023,202401,4Q,100003,売上総利益,S003,調整,341077914,424047513
20231204,博報堂プロダクツ,営業統括,クリエイティブ部,第三課,2023,202312,3Q,500002,媒体社リベート,S005,確定,184464215,133664168
20241021,大広,メディア統括,クリエイティブ部,第三課,2024,202410,3Q,400001,媒体手数料収入,S003,調整,349455326,309100056
20230625,読売広告社,クリエイティブ統括,メディアプランニング部,開発課,2023,202306,1Q,100003,売上総利益,S004,見込,255046659,245520247
20230416,読売広告社,管理統括,クリエイティブ部,開発課,2023,202304,1Q,100003,売上総利益,S002,特別,18946386,21501890
20240124,博報堂DYメディアパートナーズ,管理統括,メディアプランニング部,推進課,2023,202401,4Q,200001,人件費,S004,見込,58108536,61041976
20250122,大広,クリエイティブ統括,総務部,第三課,2024,202501,4Q,300001,営業利益,S001,通常,353960352,494763191
20241226,博報堂プロダクツ,管理統括,第二営業部,開発課,2024,202412,3Q,200003,減価償却費,S002,特別,571628037,462445189
20230517,博報堂DYメディアパートナーズ,メディア統括,デジタルマーケティング部,管理課,2023,202305,1Q,200003,減価償却費,S005,確定,213450916,250611976
20240421,大広,管理統括,人事部,開発課,2024,202404,1Q,300002,経常利益,S002,特別,451893445,325994544
20250318,博報堂DYメディアパートナーズ,デジタル統括,経営企画部,管理課,2024,202503,4Q,400002,制作収入,S004,見込,485782456,348883467
20230509,読売広告社,営業統括,第一営業部,開発課,2023,202305,1Q,500002,媒体社リベート,S002,特別,204480192,284204322
20240913,読売広告社,クリエイティブ統括,メディアプランニング部,管理課,2024,202409,2Q,500002,媒体社リベート,S001,通常,297633544,421873901
20241111,読売広告社,クリエイティブ統括,クリエイティブ部,管理課,2024,202411,3Q,400002,制作収入,S003,調整,236019487,223163922
20230814,読売広告社,クリエイティブ統括,メディアプランニング部,第二課,2023,202308,2Q,200003,減価償却費,S004,見込,447339611,478941921
20230611,博報堂プロダクツ,営業統括,人事部,第二課,2023,202306,1Q,500002,媒体社リベート,S003,調整,454106452,492584941
20241012,博報堂,管理統括,総務部,推進課,2024,202410,3Q,200001,人件費,S004,見込,209090150,263443643
20240724,博報堂DYメディアパートナーズ,メディア統括,クリエイティブ部,開発課,2024,202407,2Q,300001,営業利益,S001,通常,55152812,80721793
20250307,読売広告社,営業統括,経営企画部,第三課,2024,202503,4Q,500001,広告主負担金,S005,確定,377740201,290298951
20240414,博報堂,営業統括,第一営業部,第一課,2024,202404,1Q,400002,制作収入,S002,特別,168881783,133957049
20240725,読売広告社,管理統括,制作部,推進課,2024,202407,2Q,200001,人件費,S003,調整,148017191,202535812
20240812,読売広告社,営業統括,財務経理部,第一課,2024,202408,2Q,400003,コンサルティング収入,S002,特別,411067798,376899495
20230607,博報堂プロダクツ,メディア統括,制作部,管理課,2023,202306,1Q,500002,媒体社リベート,S004,見込,119445750,153433585
20240922,読売広告社,管理統括,経営企画部,運用課,2024,202409,2Q,200001,人件費,S001,通常,551002773,404759974
20240117,大広,営業統括,第二営業部,管理課,2023,202401,4Q,400002,制作収入,S002,特別,189017187,228255612
20240524,大広,管理統括,人事部,運用課,2024,202405,1Q,500002,媒体社リベート,S005,確定,293729545,485694657
20250101,博報堂,営業統括,第一営業部,管理課,2024,202501,4Q,200001,人件費,S002,特別,281140177,325704642
20240903,読売広告社,クリエイティブ統括,デジタルマーケティング部,管理課,2024,202409,2Q,500002,媒体社リベート,S002,特別,137017378,164362305
20241219,博報堂プロダクツ,クリエイティブ統括,総務部,企画課,2024,202412,3Q,400001,媒体手数料収入,S004,見込,417075822,335430279
20230912,読売広告社,管理統括,人事部,運用課,2023,202309,2Q,400001,媒体手数料収入,S005,確定,383334137,435385375
20240102,博報堂,営業統括,クリエイティブ部,企画課,2023,202401,4Q,500002,媒体社リベート,S005,確定,133584784,199906749
20241227,博報堂DYメディアパートナーズ,メディア統括,経営企画部,第二課,2024,202412,3Q,200002,経費,S001,通常,153469405,239962872
20241213,大広,クリエイティブ統括,デジタルマーケティング部,推進課,2024,202412,3Q,300001,営業利益,S001,通常,421147782,392642906
20230904,大広,デジタル統括,経営企画部,第三課,2023,202309,2Q,400001,媒体手数料収入,S003,調整,379663221,336897275
20230810,博報堂DYメディアパートナーズ,管理統括,メディアプランニング部,開発課,2023,202308,2Q,400003,コンサルティング収入,S001,通常,195204481,173959461
20231113,読売広告社,営業統括,第二営業部,第三課,2023,202311,3Q,100001,売上高,S003,調整,142819660,223226077
20250121,読売広告社,管理統括,クリエイティブ部,運用課,2024,202501,4Q,200003,減価償却費,S002,特別,448707390,438457738
20240203,大広,メディア統括,総務部,第三課,2023,202402,4Q,100002,売上原価,S001,通常,323582350,355775718
20241202,博報堂プロダクツ,メディア統括,クリエイティブ部,第三課,2024,202412,3Q,200002,経費,S002,特別,7363192,6360267
20230421,博報堂,クリエイティブ統括,経営企画部,企画課,2023,202304,1Q,400003,コンサルティング収入,S001,通常,149871140,115351535
20240524,博報堂,メディア統括,人事部,運用課,2024,202405,1Q,500002,媒体社リベート,S002,特別,656437420,483893662
20240602,博報堂DYメディアパートナーズ,デジタル統括,人事部,第三課,2024,202406,1Q,100003,売上総利益,S002,特別,225185376,216345488
20240506,博報堂,クリエイティブ統括,制作部,運用課,2024,202405,1Q,400001,媒体手数料収入,S005,確定,157343791,138651370
20240502,読売広告社,管理統括,制作部,開発課,2024,202405,1Q,500002,媒体社リベート,S003,調整,441511868,386239199
20230512,博報堂,メディア統括,デジタルマーケティング部,推進課,2023,202305,1Q,200003,減価償却費,S002,特別,30454541,40830008
20240716,読売広告社,デジタル統括,人事部,第一課,2024,202407,2Q,500001,広告主負担金,S002,特別,336722228,420728718
20240424,博報堂DYメディアパートナーズ,クリエイティブ統括,財務経理部,管理課,2024,202404,1Q,200003,減価償却費,S004,見込,183229122,209552549
20240109,大広,営業統括,デジタルマーケティング部,管理課,2023,202401,4Q,400001,媒体手数料収入,S005,確定,297691154,261824662
20240605,博報堂プロダクツ,デジタル統括,経営企画部,企画課,2024,202406,1Q,300001,営業利益,S003,調整,31784795,27822865
20230519,読売広告社,デジタル統括,制作部,運用課,2023,202305,1Q,200003,減価償却費,S002,特別,171946034,262140080
20231108,博報堂プロダクツ,営業統括,デジタルマーケティング部,第三課,2023,202311,3Q,400003,コンサルティング収入,S001,通常,1976070,2641391
20241217,博報堂プロダクツ,管理統括,デジタルマーケティング部,第二課,2024,202412,3Q,100003,売上総利益,S003,調整,376840914,333270657
20231006,博報堂,管理統括,財務経理部,企画課,2023,202310,3Q,200002,経費,S005,確定,516334212,412725309
20230924,大広,クリエイティブ統括,財務経理部,企画課,2023,202309,2Q,400001,媒体手数料収入,S001,通常,365904281,290618815
20230824,博報堂DYメディアパートナーズ,メディア統括,総務部,第三課,2023,202308,2Q,400003,コンサルティング収入,S004,見込,21045572,31539731
20240123,博報堂,管理統括,第二営業部,推進課,2023,202401,4Q,300002,経常利益,S004,見込,78360623,119615750
20240710,博報堂DYメディアパートナーズ,メディア統括,人事部,企画課,2024,202407,2Q,400001,媒体手数料収入,S003,調整,441373883,367447234
20241018,大広,クリエイティブ統括,財務経理部,管理課,2024,202410,3Q,200003,減価償却費,S004,見込,210253557,209134451
20230609,読売広告社,デジタル統括,第二営業部,運用課,2023,202306,1Q,500002,媒体社リベート,S001,通常,512388702,416142085
20240302,読売広告社,クリエイティブ統括,第一営業部,第二課,2023,202403,4Q,400003,コンサルティング収入,S003,調整,245776057,255159238
20231126,大広,営業統括,財務経理部,管理課,2023,202311,3Q,100002,売上原価,S003,調整,118165791,183566153
20241016,読売広告社,クリエイティブ統括,経営企画部,管理課,2024,202410,3Q,500002,媒体社リベート,S004,見込,59309537,72036533
20241120,博報堂DYメディアパートナーズ,デジタル統括,クリエイティブ部,開発課,2024,202411,3Q,100002,売上原価,S005,確定,261471248,191630693
20240212,博報堂DYメディアパートナーズ,メディア統括,デジタルマーケティング部,第一課,2023,202402,4Q,100001,売上高,S001,通常,138063236,198991072
20231221,大広,デジタル統括,人事部,第一課,2023,202312,3Q,100003,売上総利益,S005,確定,92851889,148669847
20230810,博報堂DYメディアパートナーズ,管理統括,デジタルマーケティング部,推進課,2023,202308,2Q,400002,制作収入,S001,通常,145541730,208896071
20240527,博報堂,管理統括,デジタルマーケティング部,第一課,2024,202405,1Q,400003,コンサルティング収入,S002,特別,285716897,215036037
20240304,読売広告社,メディア統括,第一営業部,開発課,2023,202403,4Q,400003,コンサルティング収入,S003,調整,284741831,447277339
20240915,大広,管理統括,第二営業部,運用課,2024,202409,2Q,400003,コンサルティング収入,S004,見込,565169363,447706322
20231018,博報堂,メディア統括,総務部,第一課,2023,202310,3Q,100002,売上原価,S002,特別,51766418,59036790
20250210,博報堂,メディア統括,財務経理部,運用課,2024,202502,4Q,400003,コンサルティング収入,S005,確定,355296122,342633484
20241222,読売広告社,管理統括,経営企画部,管理課,2024,202412,3Q,200003,減価償却費,S004,見込,225803732,210595067
20230914,大広,管理統括,総務部,推進課,2023,202309,2Q,300001,営業利益,S005,確定,121508819,123044812
20240416,博報堂DYメディアパートナーズ,デジタル統括,制作部,第二課,2024,202404,1Q,400001,媒体手数料収入,S003,調整,242920153,248741238
20230625,大広,デジタル統括,経営企画部,第二課,2023,202306,1Q,100002,売上原価,S002,特別,297151746,283718555
20230814,大広,管理統括,経営企画部,開発課,2023,202308,2Q,400003,コンサルティング収入,S002,特別,311565043,472868594
20230519,大広,デジタル統括,総務部,第二課,2023,202305,1Q,200001,人件費,S002,特別,93957628,74963565
20230810,博報堂DYメディアパートナーズ,デジタル統括,経営企画部,第二課,2023,202308,2Q,500001,広告主負担金,S005,確定,506963239,429444135
20240728,博報堂DYメディアパートナーズ,管理統括,財務経理部,管理課,2024,202407,2Q,300001,営業利益,S005,確定,66530782,108820992
20230904,博報堂,営業統括,デジタルマーケティング部,第一課,2023,202309,2Q,200001,人件費,S001,通常,277987157,272498177
20230804,博報堂DYメディアパートナーズ,営業統括,第一営業部,第一課,2023,202308,2Q,500001,広告主負担金,S003,調整,89735388,140685900
20250223,博報堂,メディア統括,経営企画部,運用課,2024,202502,4Q,400003,コンサルティング収入,S001,通常,33254741,37648052
20230813,博報堂,デジタル統括,デジタルマーケティング部,管理課,2023,202308,2Q,500002,媒体社リベート,S005,確定,351849180,284161882
20230811,博報堂DYメディアパートナーズ,デジタル統括,第一営業部,推進課,2023,202308,2Q,400003,コンサルティング収入,S002,特別,141291209,211657319
20230825,博報堂プロダクツ,クリエイティブ統括,メディアプランニング部,推進課,2023,202308,2Q,200002,経費,S005,確定,148470381,227777889
20230514,博報堂,営業統括,デジタルマーケティング部,第一課,2023,202305,1Q,200001,人件費,S002,特別,595883164,494965829
20250323,博報堂プロダクツ,デジタル統括,制作部,推進課,2024,202503,4Q,400002,制作収入,S004,見込,210975120,334201181
20240506,博報堂DYメディアパートナーズ,デジタル統括,デジタルマーケティング部,管理課,2024,202405,1Q,100001,売上高,S003,調整,344328894,374294617
20230410,大広,管理統括,制作部,第一課,2023,202304,1Q,100003,売上総利益,S001,通常,79941439,95804457
20240524,博報堂プロダクツ,クリエイティブ統括,第一営業部,第二課,2024,202405,1Q,400003,コンサルティング収入,S005,確定,269150894,265944158
20241219,博報堂DYメディアパートナーズ,営業統括,総務部,推進課,2024,202412,3Q,100001,売上高,S003,調整,378313468,395834479
20250123,大広,メディア統括,制作部,推進課,2024,202501,4Q,300001,営業利益,S002,特別,26930686,25066358
20240221,大広,デジタル統括,制作部,推進課,2023,202402,4Q,100003,売上総利益,S005,確定,23188113,23458715
20240212,博報堂,メディア統括,デジタルマーケティング部,開発課,2023,202402,4Q,400001,媒体手数料収入,S002,特別,231044907,325336750
20250322,読売広告社,営業統括,経営企画部,管理課,2024,202503,4Q,300002,経常利益,S004,見込,79439631,60063452
20230614,大広,クリエイティブ統括,第二営業部,第二課,2023,202306,1Q,400002,制作収入,S002,特別,185361782,289449887
20230806,博報堂,管理統括,クリエイティブ部,推進課,2023,202308,2Q,300001,営業利益,S005,確定,41320052,56000826
20241204,大広,管理統括,デジタルマーケティング部,企画課,2024,202412,3Q,100003,売上総利益,S002,特別,438746791,359214581
20231204,大広,デジタル統括,第一営業部,運用課,2023,202312,3Q,100003,売上総利益,S003,調整,55090855,90551206
20240928,博報堂DYメディアパートナーズ,営業統括,人事部,企画課,2024,202409,2Q,400001,媒体手数料収入,S005,確定,505113761,460069734
20240226,博報堂プロダクツ,クリエイティブ統括,制作部,運用課,2023,202402,4Q,400002,制作収入,S004,見込,114330860,118673216
20230715,読売広告社,管理統括,財務経理部,管理課,2023,202307,2Q,400002,制作収入,S002,特別,211529587,185396326
20231202,博報堂プロダクツ,営業統括,第一営業部,第二課,2023,202312,3Q,400003,コンサルティング収入,S001,通常,327775625,266978041
20231007,博報堂,管理統括,財務経理部,運用課,2023,202310,3Q,400001,媒体手数料収入,S003,調整,258619615,385465472
20250309,読売広告社,管理統括,メディアプランニング部,推進課,2024,202503,4Q,200001,人件費,S004,見込,449955909,406158662
20230501,読売広告社,営業統括,経営企画部,第一課,2023,202305,1Q,200003,減価償却費,S001,通常,43205569,46198683
20230716,大広,管理統括,第一営業部,運用課,2023,202307,2Q,400003,コンサルティング収入,S004,見込,109483954,126286171
20240325,読売広告社,管理統括,第二営業部,第二課,2023,202403,4Q,200002,経費,S001,通常,383585620,344355632
20241116,読売広告社,管理統括,第一営業部,第一課,2024,202411,3Q,100003,売上総利益,S002,特別,99695095,159803768
20250214,博報堂プロダクツ,営業統括,第一営業部,推進課,2024,202502,4Q,200003,減価償却費,S003,調整,294806115,223107296
20231119,博報堂DYメディアパートナーズ,メディア統括,メディアプランニング部,管理課,2023,202311,3Q,200003,減価償却費,S002,特別,396599934,446563011
20240916,大広,クリエイティブ統括,第一営業部,企画課,2024,202409,2Q,500002,媒体社リベート,S005,確定,344491850,402714683
20230710,博報堂DYメディアパートナーズ,デジタル統括,メディアプランニング部,第二課,2023,202307,2Q,300001,営業利益,S003,調整,264209038,359354906
20231125,読売広告社,メディア統括,デジタルマーケティング部,企画課,2023,202311,3Q,200003,減価償却費,S001,通常,31270075,23985041
20250327,読売広告社,管理統括,人事部,第一課,2024,202503,4Q,500001,広告主負担金,S001,通常,364249051,438321405
20230626,博報堂,メディア統括,デジタルマーケティング部,開発課,2023,202306,1Q,400003,コンサルティング収入,S001,通常,196167017,204592887
20241020,博報堂,営業統括,制作部,推進課,2024,202410,3Q,500002,媒体社リベート,S005,確定,223930590,230904443
20240612,読売広告社,営業統括,人事部,管理課,2024,202406,1Q,100003,売上総利益,S002,特別,419710190,373853020
20240214,大広,メディア統括,制作部,第三課,2023,202402,4Q,100003,売上総利益,S003,調整,319708104,348422843
20250123,読売広告社,デジタル統括,第二営業部,第三課,2024,202501,4Q,300002,経常利益,S002,特別,409886707,307412698
20230710,大広,クリエイティブ統括,経営企画部,推進課,2023,202307,2Q,400003,コンサルティング収入,S003,調整,148459578,120803459
20231107,読売広告社,管理統括,制作部,第一課,2023,202311,3Q,200002,経費,S005,確定,129074662,99370564
20240822,読売広告社,メディア統括,第二営業部,開発課,2024,202408,2Q,300002,経常利益,S004,見込,2530370,3229252
20231228,博報堂DYメディアパートナーズ,管理統括,第一営業部,推進課,2023,202312,3Q,200002,経費,S004,見込,399558044,492989735
20240719,博報堂プロダクツ,営業統括,総務部,第二課,2024,202407,2Q,200001,人件費,S003,調整,452259488,421059225
20230618,大広,デジタル統括,第一営業部,運用課,2023,202306,1Q,300001,営業利益,S003,調整,94042595,117642901
20230507,博報堂DYメディアパートナーズ,メディア統括,総務部,推進課,2023,202305,1Q,100001,売上高,S003,調整,463536472,380576815
20231204,博報堂プロダクツ,デジタル統括,第二営業部,第二課,2023,202312,3Q,400001,媒体手数料収入,S005,確定,404510026,338120488
20240713,博報堂DYメディアパートナーズ,営業統括,第一営業部,管理課,2024,202407,2Q,300002,経常利益,S005,確定,145332935,180005213
20231106,博報堂プロダクツ,メディア統括,人事部,第一課,2023,202311,3Q,400001,媒体手数料収入,S001,通常,555139392,477218828
20230717,大広,メディア統括,経営企画部,管理課,2023,202307,2Q,300002,経常利益,S004,見込,244881668,354373269
20250116,博報堂プロダクツ,営業統括,制作部,管理課,2024,202501,4Q,400002,制作収入,S001,通常,362575149,320176162
20230601,博報堂プロダクツ,営業統括,経営企画部,推進課,2023,202306,1Q,200003,減価償却費,S004,見込,430688533,480802446
20240227,読売広告社,クリエイティブ統括,財務経理部,第三課,2023,202402,4Q,400003,コンサルティング収入,S002,特別,67427350,91515511
20231208,博報堂プロダクツ,クリエイティブ統括,経営企画部,開発課,2023,202312,3Q,100003,売上総利益,S001,通常,451056259,329262893
20241211,読売広告社,クリエイティブ統括,メディアプランニング部,管理課,2024,202412,3Q,100002,売上原価,S005,確定,335283221,255122283
20230419,博報堂,営業統括,第一営業部,第一課,2023,202304,1Q,400003,コンサルティング収入,S001,通常,520132945,498669396
20230725,博報堂,管理統括,制作部,管理課,2023,202307,2Q,400002,制作収入,S001,通常,550954173,398553159
20230724,博報堂,営業統括,財務経理部,開発課,2023,202307,2Q,100002,売上原価,S005,確定,34687517,48261533
20230824,博報堂DYメディアパートナーズ,メディア統括,メディアプランニング部,第一課,2023,202308,2Q,400002,制作収入,S002,特別,405262961,356010227
20240909,大広,クリエイティブ統括,総務部,管理課,2024,202409,2Q,500002,媒体社リベート,S003,調整,407158598,471277795
20240918,博報堂,クリエイティブ統括,経営企画部,運用課,2024,202409,2Q,300001,営業利益,S003,調整,517786917,440452612
20241115,博報堂,デジタル統括,人事部,管理課,2024,202411,3Q,200001,人件費,S002,特別,399622718,490833913
20230523,博報堂プロダクツ,クリエイティブ統括,経営企画部,企画課,2023,202305,1Q,500001,広告主負担金,S004,見込,361928099,307869128
20250228,博報堂DYメディアパートナーズ,営業統括,制作部,第三課,2024,202502,4Q,200002,経費,S005,確定,207395584,297856165
20241206,博報堂DYメディアパートナーズ,営業統括,クリエイティブ部,管理課,2024,202412,3Q,400002,制作収入,S003,調整,55297580,57971559
20240305,読売広告社,管理統括,経営企画部,開発課,2023,202403,4Q,400001,媒体手数料収入,S003,調整,50976328,83422418
20240218,大広,営業統括,第二営業部,推進課,2023,202402,4Q,200003,減価償却費,S003,調整,253306785,286781187
20230820,博報堂,クリエイティブ統括,第一営業部,第一課,2023,202308,2Q,500001,広告主負担金,S002,特別,215675673,290407722
20240615,読売広告社,デジタル統括,経営企画部,運用課,2024,202406,1Q,200002,経費,S001,通常,279358069,357158477
20230904,博報堂,デジタル統括,クリエイティブ部,運用課,2023,202309,2Q,100002,売上原価,S004,見込,591651139,475614736
20240502,読売広告社,メディア統括,財務経理部,企画課,2024,202405,1Q,100002,売上原価,S003,調整,380029926,470098573
20250213,読売広告社,デジタル統括,メディアプランニング部,企画課,2024,202502,4Q,400001,媒体手数料収入,S004,見込,218321037,211482701
20240825,大広,デジタル統括,制作部,第二課,2024,202408,2Q,100002,売上原価,S003,調整,459343055,466851914
20230706,読売広告社,メディア統括,メディアプランニング部,管理課,2023,202307,2Q,100001,売上高,S005,確定,186570467,278569456
20230605,読売広告社,デジタル統括,人事部,推進課,2023,202306,1Q,500002,媒体社リベート,S003,調整,74705181,109320155
20230726,博報堂DYメディアパートナーズ,メディア統括,第二営業部,運用課,2023,202307,2Q,500002,媒体社リベート,S001,通常,209089534,163707708
20250224,読売広告社,管理統括,人事部,第一課,2024,202502,4Q,400001,媒体手数料収入,S005,確定,169192428,218232136
20230515,博報堂プロダクツ,管理統括,財務経理部,開発課,2023,202305,1Q,100002,売上原価,S005,確定,209693365,188110679
20240606,博報堂,メディア統括,第二営業部,企画課,2024,202406,1Q,400001,媒体手数料収入,S003,調整,37554420,35464582
20240725,博報堂DYメディアパートナーズ,管理統括,人事部,開発課,2024,202407,2Q,400002,制作収入,S003,調整,107585383,82421449
20230808,大広,管理統括,制作部,企画課,2023,202308,2Q,100001,売上高,S005,確定,399593276,388703154
20230516,博報堂プロダクツ,クリエイティブ統括,デジタルマーケティング部,第一課,2023,202305,1Q,300001,営業利益,S005,確定,155347468,221596338
20240417,博報堂DYメディアパートナーズ,クリエイティブ統括,メディアプランニング部,運用課,2024,202404,1Q,100001,売上高,S005,確定,251950444,304670129
20231005,博報堂プロダクツ,管理統括,クリエイティブ部,企画課,2023,202310,3Q,300001,営業利益,S004,見込,234186380,360277711
20231025,大広,デジタル統括,制作部,企画課,2023,202310,3Q,100002,売上原価,S004,見込,484570699,485725160
20240427,読売広告社,管理統括,人事部,推進課,2024,202404,1Q,200001,人件費,S003,調整,473015099,425927328
20230622,大広,営業統括,メディアプランニング部,第一課,2023,202306,1Q,300002,経常利益,S002,特別,444317665,450245382
20230901,博報堂DYメディアパートナーズ,メディア統括,財務経理部,運用課,2023,202309,2Q,100002,売上原価,S001,通常,421921732,407169344
20240124,博報堂DYメディアパートナーズ,管理統括,経営企画部,運用課,2023,202401,4Q,400001,媒体手数料収入,S004,見込,245164182,197891691
20230616,博報堂,管理統括,第一営業部,第一課,2023,202306,1Q,400001,媒体手数料収入,S005,確定,471349705,397825407
20231128,博報堂プロダクツ,営業統括,メディアプランニング部,管理課,2023,202311,3Q,400001,媒体手数料収入,S003,調整,131591740,122397354
20230425,大広,管理統括,デジタルマーケティング部,企画課,2023,202304,1Q,400001,媒体手数料収入,S002,特別,263097177,212171603
20240318,読売広告社,営業統括,財務経理部,開発課,2023,202403,4Q,300001,営業利益,S001,通常,30980265,42042039
20250303,博報堂DYメディアパートナーズ,営業統括,制作部,開発課,2024,202503,4Q,500002,媒体社リベート,S001,通常,260128476,387256462
20250210,博報堂DYメディアパートナーズ,営業統括,人事部,第二課,2024,202502,4Q,200003,減価償却費,S005,確定,180110395,179608133
20231209,読売広告社,クリエイティブ統括,経営企画部,企画課,2023,202312,3Q,400001,媒体手数料収入,S003,調整,401459058,375757109
20241010,読売広告社,営業統括,第二営業部,管理課,2024,202410,3Q,500002,媒体社リベート,S005,確定,315473730,427939907
20240806,博報堂,メディア統括,制作部,第二課,2024,202408,2Q,300001,営業利益,S003,調整,353502619,355493099
20230528,博報堂DYメディアパートナーズ,クリエイティブ統括,第一営業部,管理課,2023,202305,1Q,200003,減価償却費,S005,確定,296427987,419587468
20241111,博報堂プロダクツ,営業統括,第一営業部,第三課,2024,202411,3Q,500002,媒体社リベート,S005,確定,332049174,269066990
20231205,大広,営業統括,第二営業部,管理課,2023,202312,3Q,400002,制作収入,S004,見込,460045209,340780472
20240118,大広,クリエイティブ統括,第二営業部,第一課,2023,202401,4Q,500001,広告主負担金,S003,調整,308499916,224615303
20240301,博報堂,デジタル統括,総務部,企画課,2023,202403,4Q,400003,コンサルティング収入,S004,見込,524851151,478786040
20240421,読売広告社,メディア統括,クリエイティブ部,推進課,2024,202404,1Q,400001,媒体手数料収入,S005,確定,185572524,197521751
20240719,博報堂,管理統括,人事部,運用課,2024,202407,2Q,100003,売上総利益,S004,見込,132701402,136082849
20230921,博報堂プロダクツ,メディア統括,メディアプランニング部,推進課,2023,202309,2Q,200002,経費,S003,調整,127655096,143593028
20231204,大広,メディア統括,第一営業部,推進課,2023,202312,3Q,400002,制作収入,S002,特別,259967089,216186782
20230801,博報堂DYメディアパートナーズ,営業統括,経営企画部,運用課,2023,202308,2Q,500002,媒体社リベート,S005,確定,68218911,90581689
20240412,博報堂,メディア統括,第一営業部,運用課,2024,202404,1Q,400003,コンサルティング収入,S001,通常,331832896,284969467
20230410,博報堂,管理統括,デジタルマーケティング部,企画課,2023,202304,1Q,400002,制作収入,S004,見込,312977037,386454528
20240802,博報堂プロダクツ,デジタル統括,総務部,運用課,2024,202408,2Q,400003,コンサルティング収入,S004,見込,168414764,167020102
20240220,博報堂DYメディアパートナーズ,クリエイティブ統括,財務経理部,第一課,2023,202402,4Q,300002,経常利益,S003,調整,213979706,276588696
20250203,博報堂プロダクツ,クリエイティブ統括,第一営業部,企画課,2024,202502,4Q,200003,減価償却費,S004,見込,427267593,396627624
20240812,博報堂DYメディアパートナーズ,メディア統括,制作部,第二課,2024,202408,2Q,500002,媒体社リベート,S002,特別,164248216,143811374
20240622,博報堂プロダクツ,メディア統括,メディアプランニング部,推進課,2024,202406,1Q,200001,人件費,S004,見込,369530955,406064981
20230904,大広,クリエイティブ統括,デジタルマーケティング部,第一課,2023,202309,2Q,400002,制作収入,S003,調整,372112004,377950452
20240622,博報堂,営業統括,第一営業部,企画課,2024,202406,1Q,200001,人件費,S001,通常,223590290,293068596
20240427,博報堂プロダクツ,管理統括,人事部,企画課,2024,202404,1Q,100002,売上原価,S001,通常,354068340,271651839
20230409,博報堂DYメディアパートナーズ,メディア統括,制作部,第三課,2023,202304,1Q,400002,制作収入,S003,調整,142874650,217193562
20240602,読売広告社,メディア統括,制作部,運用課,2024,202406,1Q,300002,経常利益,S003,調整,195682786,262262401
20230707,読売広告社,管理統括,クリエイティブ部,推進課,2023,202307,2Q,100003,売上総利益,S003,調整,256454560,320341772
20230521,博報堂プロダクツ,メディア統括,メディアプランニング部,第一課,2023,202305,1Q,200003,減価償却費,S005,確定,489693595,374917628
20230517,博報堂,デジタル統括,デジタルマーケティング部,開発課,2023,202305,1Q,100003,売上総利益,S004,見込,353437739,288783585
20240418,大広,管理統括,財務経理部,第三課,2024,202404,1Q,400002,制作収入,S002,特別,100692053,118598878
20231117,博報堂,営業統括,第一営業部,開発課,2023,202311,3Q,300001,営業利益,S003,調整,53723708,67061909
20230508,大広,メディア統括,第一営業部,第一課,2023,202305,1Q,500001,広告主負担金,S003,調整,300341165,378400912
20250320,博報堂DYメディアパートナーズ,営業統括,第一営業部,第三課,2024,202503,4Q,500002,媒体社リベート,S004,見込,118174580,107647383
20240403,博報堂,営業統括,第一営業部,企画課,2024,202404,1Q,100003,売上総利益,S005,確定,210072242,173772195
20250218,博報堂,クリエイティブ統括,第二営業部,運用課,2024,202502,4Q,200001,人件費,S004,見込,57979430,43701347
20241004,博報堂,メディア統括,メディアプランニング部,運用課,2024,202410,3Q,400001,媒体手数料収入,S004,見込,123163089,93115128
20230725,博報堂DYメディアパートナーズ,メディア統括,人事部,推進課,2023,202307,2Q,500001,広告主負担金,S003,調整,467754136,394018604
20240522,読売広告社,メディア統括,財務経理部,第一課,2024,202405,1Q,500001,広告主負担金,S004,見込,211738195,236165784
20241103,博報堂DYメディアパートナーズ,クリエイティブ統括,財務経理部,開発課,2024,202411,3Q,100003,売上総利益,S005,確定,225842198,181779886
20240523,博報堂,営業統括,制作部,推進課,2024,202405,1Q,300002,経常利益,S003,調整,180756326,154222364
20241112,博報堂プロダクツ,メディア統括,人事部,第一課,2024,202411,3Q,300002,経常利益,S004,見込,420190513,339612723
20250117,読売広告社,メディア統括,第二営業部,管理課,2024,202501,4Q,200003,減価償却費,S001,通常,196666844,324694457
20230621,博報堂DYメディアパートナーズ,デジタル統括,デジタルマーケティング部,開発課,2023,202306,1Q,100003,売上総利益,S001,通常,69154561,93682111
20240218,大広,クリエイティブ統括,第一営業部,運用課,2023,202402,4Q,200003,減価償却費,S005,確定,312154263,265466041
20230605,博報堂DYメディアパートナーズ,営業統括,デジタルマーケティング部,第一課,2023,202306,1Q,100001,売上高,S002,特別,230421199,223312351
20240517,博報堂,クリエイティブ統括,メディアプランニング部,第二課,2024,202405,1Q,300002,経常利益,S004,見込,171542989,191235754
20240307,博報堂プロダクツ,デジタル統括,人事部,第三課,2023,202403,4Q,400001,媒体手数料収入,S002,特別,620944249,466709577
20230506,博報堂プロダクツ,デジタル統括,メディアプランニング部,第一課,2023,202305,1Q,100001,売上高,S003,調整,180892892,252145986
20241228,読売広告社,営業統括,デジタルマーケティング部,第三課,2024,202412,3Q,100001,売上高,S003,調整,85847595,83412357
20231020,博報堂,クリエイティブ統括,第一営業部,開発課,2023,202310,3Q,200003,減価償却費,S003,調整,42707391,53838677
20240119,博報堂プロダクツ,デジタル統括,人事部,管理課,2023,202401,4Q,100001,売上高,S001,通常,417381907,457796782
20240928,博報堂プロダクツ,管理統括,第一営業部,管理課,2024,202409,2Q,100002,売上原価,S005,確定,362349255,339719224
20230928,読売広告社,クリエイティブ統括,人事部,開発課,2023,202309,2Q,400002,制作収入,S001,通常,409507104,333983385
20230507,大広,営業統括,総務部,運用課,2023,202305,1Q,100003,売上総利益,S005,確定,42608686,69495056
20240610,博報堂プロダクツ,デジタル統括,制作部,第一課,2024,202406,1Q,100002,売上原価,S002,特別,250133325,295843408
20240902,大広,クリエイティブ統括,制作部,開発課,2024,202409,2Q,400002,制作収入,S003,調整,256354006,281181192
20231222,博報堂プロダクツ,デジタル統括,経営企画部,第三課,2023,202312,3Q,400001,媒体手数料収入,S001,通常,470714640,428490276
20231206,読売広告社,管理統括,人事部,管理課,2023,202312,3Q,500001,広告主負担金,S002,特別,435306845,379997206
20231114,読売広告社,デジタル統括,財務経理部,開発課,2023,202311,3Q,100001,売上高,S003,調整,310380979,420248652
20240327,大広,デジタル統括,第二営業部,運用課,2023,202403,4Q,500001,広告主負担金,S005,確定,109658265,93686122
20230806,博報堂,管理統括,総務部,開発課,2023,202308,2Q,200003,減価償却費,S002,特別,578221978,447532047
20240420,大広,クリエイティブ統括,総務部,管理課,2024,202404,1Q,400003,コンサルティング収入,S003,調整,4501864,5408192
20230928,大広,営業統括,デジタルマーケティング部,第一課,2023,202309,2Q,200001,人件費,S004,見込,171129485,130851380
20240526,読売広告社,営業統括,メディアプランニング部,企画課,2024,202405,1Q,200002,経費,S004,見込,245681621,277464978
20231201,博報堂,クリエイティブ統括,第一営業部,企画課,2023,202312,3Q,200001,人件費,S001,通常,18054039,18396515
20240919,博報堂プロダクツ,メディア統括,デジタルマーケティング部,開発課,2024,202409,2Q,500001,広告主負担金,S001,通常,438949870,373834222
20230510,読売広告社,メディア統括,人事部,第一課,2023,202305,1Q,100003,売上総利益,S005,確定,18329822,27358359
20241125,大広,営業統括,第一営業部,推進課,2024,202411,3Q,400003,コンサルティング収入,S004,見込,249588851,269544816
20240701,博報堂DYメディアパートナーズ,クリエイティブ統括,クリエイティブ部,推進課,2024,202407,2Q,200002,経費,S005,確定,249611554,311319195
20240416,読売広告社,管理統括,第一営業部,第一課,2024,202404,1Q,200001,人件費,S003,調整,485760648,370655748
20240311,博報堂,営業統括,財務経理部,第三課,2023,202403,4Q,300002,経常利益,S002,特別,90174310,102321147
20240621,博報堂プロダクツ,管理統括,クリエイティブ部,推進課,2024,202406,1Q,400002,制作収入,S002,特別,365250290,337783547
20241018,博報堂DYメディアパートナーズ,管理統括,クリエイティブ部,第一課,2024,202410,3Q,400001,媒体手数料収入,S002,特別,511326467,438618286
20240821,大広,メディア統括,デジタルマーケティング部,運用課,2024,202408,2Q,500002,媒体社リベート,S001,通常,331614272,379364277
20231114,大広,デジタル統括,総務部,企画課,2023,202311,3Q,100001,売上高,S003,調整,114129486,138639161
20240208,大広,クリエイティブ統括,経営企画部,第一課,2023,202402,4Q,200003,減価償却費,S001,通常,590836956,474977787
20241114,読売広告社,デジタル統括,制作部,推進課,2024,202411,3Q,300001,営業利益,S004,見込,459361891,337787404
20240407,読売広告社,デジタル統括,財務経理部,運用課,2024,202404,1Q,500001,広告主負担金,S005,確定,397500699,368111272
20230828,大広,メディア統括,第二営業部,管理課,2023,202308,2Q,200003,減価償却費,S001,通常,477934549,425667725
20250303,博報堂,管理統括,人事部,第二課,2024,202503,4Q,500002,媒体社リベート,S001,通常,101105174,102157823
20230527,大広,クリエイティブ統括,経営企画部,第三課,2023,202305,1Q,100003,売上総利益,S002,特別,4868034,7088449
20231114,読売広告社,メディア統括,人事部,開発課,2023,202311,3Q,300002,経常利益,S002,特別,435725792,388959842
20230410,読売広告社,デジタル統括,クリエイティブ部,管理課,2023,202304,1Q,400003,コンサルティング収入,S005,確定,513477720,423376594
20240325,博報堂DYメディアパートナーズ,クリエイティブ統括,第一営業部,推進課,2023,202403,4Q,500001,広告主負担金,S003,調整,397440692,494780872
20250315,読売広告社,営業統括,第一営業部,開発課,2024,202503,4Q,200002,経費,S005,確定,411389709,420904066
20250207,博報堂,メディア統括,経営企画部,第一課,2024,202502,4Q,200003,減価償却費,S005,確定,384678192,435882274
20230828,博報堂DYメディアパートナーズ,営業統括,第二営業部,企画課,2023,202308,2Q,200002,経費,S002,特別,275381790,313698002
20230412,読売広告社,営業統括,デジタルマーケティング部,推進課,2023,202304,1Q,400002,制作収入,S001,通常,79850411,77370251
20231022,博報堂プロダクツ,メディア統括,人事部,第三課,2023,202310,3Q,500001,広告主負担金,S002,特別,137369953,217418518
20240505,読売広告社,デジタル統括,第二営業部,運用課,2024,202405,1Q,200001,人件費,S002,特別,107835153,144265579
20240116,読売広告社,営業統括,人事部,開発課,2023,202401,4Q,300001,営業利益,S005,確定,259677438,218657338
20240715,読売広告社,管理統括,クリエイティブ部,企画課,2024,202407,2Q,300001,営業利益,S001,通常,48945552,41817231
20240103,博報堂プロダクツ,メディア統括,第一営業部,第二課,2023,202401,4Q,100002,売上原価,S002,特別,247741715,390158853
20240702,博報堂プロダクツ,デジタル統括,メディアプランニング部,運用課,2024,202407,2Q,500002,媒体社リベート,S002,特別,260632709,357028742
20240407,博報堂,管理統括,クリエイティブ部,運用課,2024,202404,1Q,200002,経費,S002,特別,444355914,471094030
20240720,読売広告社,クリエイティブ統括,総務部,運用課,2024,202407,2Q,200002,経費,S004,見込,25779918,28796045
20241108,博報堂プロダクツ,クリエイティブ統括,経営企画部,第二課,2024,202411,3Q,400001,媒体手数料収入,S003,調整,208067841,276328456
20230702,博報堂,クリエイティブ統括,財務経理部,開発課,2023,202307,2Q,500002,媒体社リベート,S002,特別,412852107,295635047
20240605,読売広告社,メディア統括,人事部,企画課,2024,202406,1Q,100002,売上原価,S003,調整,314373358,323784103
20240617,読売広告社,クリエイティブ統括,メディアプランニング部,運用課,2024,202406,1Q,500001,広告主負担金,S005,確定,184023068,182866916
20231121,博報堂DYメディアパートナーズ,デジタル統括,経営企画部,第一課,2023,202311,3Q,400002,制作収入,S001,通常,122290811,183393498
20250203,読売広告社,デジタル統括,制作部,運用課,2024,202502,4Q,400001,媒体手数料収入,S005,確定,477160942,424489147
20240908,大広,営業統括,メディアプランニング部,開発課,2024,202409,2Q,500002,媒体社リベート,S003,調整,478214044,355854907
20241017,博報堂,営業統括,総務部,管理課,2024,202410,3Q,400001,媒体手数料収入,S003,調整,333703057,437641739
20231112,博報堂DYメディアパートナーズ,デジタル統括,制作部,第二課,2023,202311,3Q,300001,営業利益,S002,特別,406397047,457058232
20241211,博報堂,クリエイティブ統括,財務経理部,運用課,2024,202412,3Q,400002,制作収入,S003,調整,483709551,480098788
20240522,読売広告社,クリエイティブ統括,メディアプランニング部,第二課,2024,202405,1Q,500002,媒体社リベート,S004,見込,34716811,31262996
20230807,博報堂DYメディアパートナーズ,メディア統括,メディアプランニング部,運用課,2023,202308,2Q,400002,制作収入,S002,特別,120957070,96464512
20240713,大広,管理統括,デジタルマーケティング部,第二課,2024,202407,2Q,400001,媒体手数料収入,S002,特別,188380041,195493569
20230819,博報堂プロダクツ,営業統括,総務部,運用課,2023,202308,2Q,400002,制作収入,S004,見込,691119528,498348183
20230923,博報堂プロダクツ,クリエイティブ統括,制作部,開発課,2023,202309,2Q,200002,経費,S004,見込,91177578,112012015
20240801,大広,営業統括,クリエイティブ部,開発課,2024,202408,2Q,100002,売上原価,S003,調整,229768760,341765141
20231009,大広,メディア統括,総務部,運用課,2023,202310,3Q,100001,売上高,S003,調整,135802414,157894933
20230810,読売広告社,メディア統括,総務部,企画課,2023,202308,2Q,100002,売上原価,S003,調整,347909257,297808124
20240810,博報堂,クリエイティブ統括,人事部,開発課,2024,202408,2Q,500002,媒体社リベート,S005,確定,241773638,268694020
20250211,博報堂,メディア統括,第二営業部,管理課,2024,202502,4Q,100003,売上総利益,S002,特別,187941107,291524648
20240608,読売広告社,クリエイティブ統括,経営企画部,運用課,2024,202406,1Q,100002,売上原価,S003,調整,207175394,312786068
20240521,読売広告社,管理統括,メディアプランニング部,推進課,2024,202405,1Q,100002,売上原価,S004,見込,93434600,144618125
20240517,博報堂プロダクツ,デジタル統括,財務経理部,第一課,2024,202405,1Q,100002,売上原価,S001,通常,540426311,468575465
20250326,大広,デジタル統括,財務経理部,推進課,2024,202503,4Q,300002,経常利益,S003,調整,198992836,178907697
20241016,読売広告社,メディア統括,人事部,管理課,2024,202410,3Q,100001,売上高,S005,確定,197339220,159904741
20240114,博報堂プロダクツ,管理統括,第一営業部,運用課,2023,202401,4Q,500002,媒体社リベート,S001,通常,500250066,486885059
20250204,大広,クリエイティブ統括,総務部,推進課,2024,202502,4Q,300002,経常利益,S004,見込,539195606,478591768
20230701,読売広告社,管理統括,デジタルマーケティング部,第一課,2023,202307,2Q,300001,営業利益,S002,特別,321024216,367261439
20240306,読売広告社,営業統括,第二営業部,企画課,2023,202403,4Q,400002,制作収入,S004,見込,211527767,173533123
20240905,博報堂プロダクツ,営業統括,メディアプランニング部,運用課,2024,202409,2Q,300002,経常利益,S002,特別,299507518,242143170
20240407,博報堂DYメディアパートナーズ,メディア統括,メディアプランニング部,管理課,2024,202404,1Q,200002,経費,S002,特別,279157246,299079523
20240208,読売広告社,クリエイティブ統括,クリエイティブ部,開発課,2023,202402,4Q,100003,売上総利益,S003,調整,240527813,390063173
20231125,読売広告社,メディア統括,第二営業部,管理課,2023,202311,3Q,200003,減価償却費,S003,調整,90519290,133068167
20241002,読売広告社,管理統括,クリエイティブ部,企画課,2024,202410,3Q,500001,広告主負担金,S001,通常,400283592,324897895
20240220,博報堂DYメディアパートナーズ,営業統括,クリエイティブ部,管理課,2023,202402,4Q,300001,営業利益,S005,確定,190058077,141186634
20241210,博報堂,クリエイティブ統括,第二営業部,開発課,2024,202412,3Q,100002,売上原価,S005,確定,139689186,135626576
20240225,博報堂,営業統括,人事部,開発課,2023,202402,4Q,300002,経常利益,S005,確定,127934478,113939597
20250219,博報堂,管理統括,クリエイティブ部,管理課,2024,202502,4Q,500002,媒体社リベート,S001,通常,510598016,451182127
20241016,大広,デジタル統括,メディアプランニング部,企画課,2024,202410,3Q,200002,経費,S002,特別,571180747,450092587
20241021,読売広告社,デジタル統括,デジタルマーケティング部,管理課,2024,202410,3Q,100003,売上総利益,S001,通常,467370709,337079800
20241106,大広,管理統括,クリエイティブ部,企画課,2024,202411,3Q,100002,売上原価,S004,見込,101040079,87139319
20240903,博報堂DYメディアパートナーズ,クリエイティブ統括,人事部,企画課,2024,202409,2Q,400002,制作収入,S003,調整,66162459,101891498
20240320,博報堂DYメディアパートナーズ,デジタル統括,制作部,開発課,2023,202403,4Q,100001,売上高,S001,通常,261841035,255184685
20241118,博報堂プロダクツ,デジタル統括,制作部,運用課,2024,202411,3Q,200001,人件費,S004,見込,371070088,496755104
20250226,博報堂,メディア統括,経営企画部,管理課,2024,202502,4Q,500001,広告主負担金,S003,調整,305594600,253820868
20241214,読売広告社,管理統括,クリエイティブ部,第三課,2024,202412,3Q,100003,売上総利益,S001,通常,270736275,197278671
20230502,博報堂プロダクツ,デジタル統括,総務部,企画課,2023,202305,1Q,400003,コンサルティング収入,S001,通常,66372601,56455975
20240118,博報堂,クリエイティブ統括,デジタルマーケティング部,第一課,2023,202401,4Q,300002,経常利益,S003,調整,127343030,118887994
20241213,博報堂,クリエイティブ統括,メディアプランニング部,開発課,2024,202412,3Q,400001,媒体手数料収入,S001,通常,96709480,71233681
20230623,博報堂プロダクツ,メディア統括,総務部,第三課,2023,202306,1Q,100003,売上総利益,S004,見込,210011463,259834907
20230803,博報堂,営業統括,財務経理部,企画課,2023,202308,2Q,300002,経常利益,S002,特別,40720009,32499992
20231127,博報堂プロダクツ,営業統括,第二営業部,開発課,2023,202311,3Q,400001,媒体手数料収入,S005,確定,124825892,106899061
20230810,博報堂DYメディアパートナーズ,クリエイティブ統括,総務部,推進課,2023,202308,2Q,100003,売上総利益,S003,調整,204873272,176035912
20230701,大広,デジタル統括,第一営業部,推進課,2023,202307,2Q,100003,売上総利益,S004,見込,106529253,162998395
20240317,読売広告社,メディア統括,財務経理部,第二課,2023,202403,4Q,300002,経常利益,S004,見込,101731910,119046048
20230911,博報堂プロダクツ,管理統括,第二営業部,推進課,2023,202309,2Q,200003,減価償却費,S002,特別,138410403,183507069
20241207,博報堂プロダクツ,クリエイティブ統括,クリエイティブ部,企画課,2024,202412,3Q,300001,営業利益,S005,確定,101957017,157711893
20240308,博報堂DYメディアパートナーズ,メディア統括,第二営業部,開発課,2023,202403,4Q,500002,媒体社リベート,S004,見込,506507675,416371082
20250120,博報堂プロダクツ,営業統括,財務経理部,企画課,2024,202501,4Q,200001,人件費,S004,見込,354542229,270558311
20240221,大広,デジタル統括,経営企画部,企画課,2023,202402,4Q,400002,制作収入,S004,見込,605543060,451170798
20241011,博報堂,メディア統括,第二営業部,企画課,2024,202410,3Q,100002,売上原価,S003,調整,339805323,343755510
20240822,博報堂プロダクツ,営業統括,制作部,企画課,2024,202408,2Q,300002,経常利益,S004,見込,376396622,427471420
20240408,博報堂,メディア統括,財務経理部,企画課,2024,202404,1Q,200001,人件費,S003,調整,215881922,256334717
20240107,博報堂,営業統括,第二営業部,推進課,2023,202401,4Q,100003,売上総利益,S003,調整,438899062,391309206
20230610,読売広告社,クリエイティブ統括,クリエイティブ部,開発課,2023,202306,1Q,400001,媒体手数料収入,S004,見込,378346671,342778345
20240407,博報堂,メディア統括,経営企画部,第二課,2024,202404,1Q,200001,人件費,S005,確定,19436768,15073804
20231122,大広,管理統括,財務経理部,第一課,2023,202311,3Q,100003,売上総利益,S002,特別,4769141,4386044
20230407,読売広告社,クリエイティブ統括,財務経理部,開発課,2023,202304,1Q,200002,経費,S003,調整,246423166,300004951
20231116,博報堂プロダクツ,デジタル統括,デジタルマーケティング部,第二課,2023,202311,3Q,200002,経費,S005,確定,219314026,161483342
20240512,大広,クリエイティブ統括,人事部,運用課,2024,202405,1Q,400001,媒体手数料収入,S001,通常,439182409,386059734
20241219,大広,クリエイティブ統括,制作部,企画課,2024,202412,3Q,300001,営業利益,S004,見込,177318804,157334218
20241201,読売広告社,クリエイティブ統括,メディアプランニング部,第一課,2024,202412,3Q,300001,営業利益,S001,通常,325267375,260727501
20230607,大広,メディア統括,クリエイティブ部,第三課,2023,202306,1Q,100002,売上原価,S005,確定,96584622,122233469
20240724,博報堂,管理統括,総務部,推進課,2024,202407,2Q,200001,人件費,S001,通常,424534491,330867102
20240218,大広,クリエイティブ統括,クリエイティブ部,企画課,2023,202402,4Q,300001,営業利益,S003,調整,487844685,489493348
20230412,博報堂プロダクツ,デジタル統括,メディアプランニング部,第一課,2023,202304,1Q,400002,制作収入,S001,通常,337840933,293777984
20240607,大広,デジタル統括,メディアプランニング部,第二課,2024,202406,1Q,100002,売上原価,S001,通常,260764425,241351191
20240626,大広,管理統括,総務部,開発課,2024,202406,1Q,100002,売上原価,S001,通常,123387778,187439489
20250316,博報堂DYメディアパートナーズ,クリエイティブ統括,総務部,企画課,2024,202503,4Q,400001,媒体手数料収入,S004,見込,174348994,246269062
20230512,博報堂DYメディアパートナーズ,管理統括,人事部,管理課,2023,202305,1Q,300001,営業利益,S005,確定,65660113,62308426
20241211,大広,営業統括,デジタルマーケティング部,第三課,2024,202412,3Q,200003,減価償却費,S003,調整,303432971,236339717
20231208,博報堂DYメディアパートナーズ,管理統括,メディアプランニング部,推進課,2023,202312,3Q,300001,営業利益,S003,調整,2901863,2311626
20240706,博報堂プロダクツ,営業統括,クリエイティブ部,第二課,2024,202407,2Q,200002,経費,S004,見込,76279110,107255321
20230813,大広,クリエイティブ統括,経営企画部,開発課,2023,202308,2Q,100001,売上高,S001,通常,472189120,349108663
20230502,博報堂DYメディアパートナーズ,クリエイティブ統括,メディアプランニング部,第三課,2023,202305,1Q,100002,売上原価,S002,特別,296761519,431834287
20241116,博報堂,メディア統括,総務部,第三課,2024,202411,3Q,500001,広告主負担金,S002,特別,72613880,109335094
20240927,大広,クリエイティブ統括,財務経理部,管理課,2024,202409,2Q,300002,経常利益,S005,確定,244075925,390586513
20241224,博報堂プロダクツ,デジタル統括,人事部,運用課,2024,202412,3Q,400002,制作収入,S003,調整,31487381,46449176
20240311,読売広告社,管理統括,メディアプランニング部,推進課,2023,202403,4Q,100001,売上高,S001,通常,532082386,403901784
20240711,大広,デジタル統括,経営企画部,推進課,2024,202407,2Q,100001,売上高,S004,見込,120927635,110919838
20240425,博報堂,管理統括,経営企画部,推進課,2024,202404,1Q,200001,人件費,S001,通常,576999925,489837653
20231228,大広,営業統括,デジタルマーケティング部,管理課,2023,202312,3Q,500001,広告主負担金,S001,通常,349377330,485175321
20230409,博報堂DYメディアパートナーズ,デジタル統括,経営企画部,第三課,2023,202304,1Q,200003,減価償却費,S004,見込,255306775,379694977
20250211,読売広告社,デジタル統括,第一営業部,第三課,2024,202502,4Q,100002,売上原価,S005,確定,371043165,393644181
20240923,読売広告社,クリエイティブ統括,総務部,第二課,2024,202409,2Q,500002,媒体社リベート,S001,通常,298568636,310629859
20230411,大広,デジタル統括,人事部,第三課,2023,202304,1Q,100003,売上総利益,S001,通常,404693101,406195819
20240521,博報堂DYメディアパートナーズ,管理統括,第一営業部,運用課,2024,202405,1Q,300002,経常利益,S005,確定,118070340,93457967
20230804,大広,メディア統括,クリエイティブ部,運用課,2023,202308,2Q,100003,売上総利益,S005,確定,449496784,346391143
20230605,大広,営業統括,第一営業部,管理課,2023,202306,1Q,200002,経費,S002,特別,175579809,228560455
20241024,博報堂DYメディアパートナーズ,営業統括,経営企画部,運用課,2024,202410,3Q,300001,営業利益,S001,通常,150659304,199430339
20250112,博報堂DYメディアパートナーズ,管理統括,制作部,開発課,2024,202501,4Q,400002,制作収入,S002,特別,180297519,246652443
20250304,大広,デジタル統括,クリエイティブ部,管理課,2024,202503,4Q,300002,経常利益,S005,確定,238723245,207020248
20240220,博報堂DYメディアパートナーズ,営業統括,第二営業部,第三課,2023,202402,4Q,500002,媒体社リベート,S001,通常,225537981,260830207
20240305,大広,クリエイティブ統括,制作部,第一課,2023,202403,4Q,300001,営業利益,S005,確定,116912983,122125732
20230913,大広,デジタル統括,制作部,管理課,2023,202309,2Q,500002,媒体社リベート,S003,調整,229933246,233741259
20240617,大広,デジタル統括,経営企画部,推進課,2024,202406,1Q,400002,制作収入,S002,特別,278653697,237002463
20241122,博報堂,メディア統括,経営企画部,企画課,2024,202411,3Q,500001,広告主負担金,S001,通常,193209797,156827793
20241211,博報堂,デジタル統括,制作部,第三課,2024,202412,3Q,500002,媒体社リベート,S001,通常,160486771,165275605
20240428,博報堂DYメディアパートナーズ,メディア統括,第二営業部,第一課,2024,202404,1Q,100003,売上総利益,S005,確定,294950118,248338720
20241104,博報堂DYメディアパートナーズ,メディア統括,メディアプランニング部,推進課,2024,202411,3Q,100001,売上高,S005,確定,108244712,83367237
20231121,大広,管理統括,人事部,第一課,2023,202311,3Q,500001,広告主負担金,S005,確定,384731801,337975372
20230906,博報堂DYメディアパートナーズ,クリエイティブ統括,第一営業部,第一課,2023,202309,2Q,100002,売上原価,S001,通常,92838737,132617040
20240525,博報堂DYメディアパートナーズ,営業統括,人事部,第二課,2024,202405,1Q,300001,営業利益,S002,特別,292170507,212754559
20250225,博報堂DYメディアパートナーズ,メディア統括,人事部,第一課,2024,202502,4Q,100003,売上総利益,S001,通常,13426116,11222904
20230825,読売広告社,営業統括,経営企画部,企画課,2023,202308,2Q,400002,制作収入,S004,見込,374656905,269656458
20240613,博報堂DYメディアパートナーズ,営業統括,クリエイティブ部,第三課,2024,202406,1Q,500001,広告主負担金,S003,調整,315654696,499388647
20240416,博報堂DYメディアパートナーズ,メディア統括,人事部,開発課,2024,202404,1Q,500002,媒体社リベート,S001,通常,251734041,235072038
20230823,大広,メディア統括,第一営業部,企画課,2023,202308,2Q,300002,経常利益,S005,確定,561895144,446390127
20240104,大広,クリエイティブ統括,メディアプランニング部,運用課,2023,202401,4Q,300002,経常利益,S005,確定,389082783,325615995
20240105,大広,デジタル統括,経営企画部,推進課,2023,202401,4Q,200001,人件費,S002,特別,376295914,294351080
20240305,大広,メディア統括,メディアプランニング部,開発課,2023,202403,4Q,400002,制作収入,S001,通常,418920644,325612020
20250222,大広,メディア統括,クリエイティブ部,第二課,2024,202502,4Q,200002,経費,S002,特別,357869409,397071697
20240801,博報堂,クリエイティブ統括,経営企画部,開発課,2024,202408,2Q,200003,減価償却費,S001,通常,384908835,426953779
20230926,読売広告社,メディア統括,人事部,運用課,2023,202309,2Q,100001,売上高,S002,特別,469295958,371867822
20240319,大広,デジタル統括,デジタルマーケティング部,第一課,2023,202403,4Q,100002,売上原価,S004,見込,27319016,25798627
20230502,大広,メディア統括,メディアプランニング部,開発課,2023,202305,1Q,400001,媒体手数料収入,S002,特別,282548547,302029472
20240807,博報堂,管理統括,財務経理部,第二課,2024,202408,2Q,100002,売上原価,S005,確定,104632245,85715665
20241022,博報堂,クリエイティブ統括,総務部,推進課,2024,202410,3Q,300001,営業利益,S003,調整,276028443,315601800
20230920,博報堂DYメディアパートナーズ,デジタル統括,財務経理部,推進課,2023,202309,2Q,400003,コンサルティング収入,S001,通常,305091195,250809830
20240917,大広,デジタル統括,財務経理部,推進課,2024,202409,2Q,300002,経常利益,S005,確定,237599423,189580189
20230421,読売広告社,管理統括,メディアプランニング部,第二課,2023,202304,1Q,300002,経常利益,S001,通常,367127737,334754629
20240523,読売広告社,メディア統括,メディアプランニング部,企画課,2024,202405,1Q,300001,営業利益,S004,見込,159409749,116494374
20230519,読売広告社,クリエイティブ統括,総務部,第二課,2023,202305,1Q,300002,経常利益,S002,特別,288501965,284872132
20231104,博報堂DYメディアパートナーズ,デジタル統括,総務部,管理課,2023,202311,3Q,100001,売上高,S002,特別,248537059,241965947
20240727,博報堂,管理統括,総務部,管理課,2024,202407,2Q,200002,経費,S005,確定,247516853,273473004
20240210,博報堂DYメディアパートナーズ,メディア統括,財務経理部,第一課,2023,202402,4Q,200001,人件費,S004,見込,79885666,66016302
20250111,博報堂,デジタル統括,総務部,開発課,2024,202501,4Q,400001,媒体手数料収入,S005,確定,275228977,276285754
20240304,大広,メディア統括,制作部,管理課,2023,202403,4Q,500002,媒体社リベート,S001,通常,269725634,274675796
20250212,大広,管理統括,総務部,管理課,2024,202502,4Q,100002,売上原価,S001,通常,226961125,195588127
20250116,読売広告社,デジタル統括,財務経理部,推進課,2024,202501,4Q,100002,売上原価,S005,確定,456326064,444712262
20230503,博報堂プロダクツ,デジタル統括,クリエイティブ部,第二課,2023,202305,1Q,200002,経費,S003,調整,154127973,174730967
20240112,読売広告社,クリエイティブ統括,メディアプランニング部,第三課,2023,202401,4Q,300001,営業利益,S004,見込,439080318,373332767
20240526,大広,メディア統括,第二営業部,第三課,2024,202405,1Q,200002,経費,S004,見込,369341119,363794573
20230423,読売広告社,管理統括,制作部,管理課,2023,202304,1Q,100001,売上高,S004,見込,122337617,168807950
20231206,博報堂プロダクツ,クリエイティブ統括,第二営業部,第一課,2023,202312,3Q,400001,媒体手数料収入,S003,調整,435847297,314610603
20240619,博報堂DYメディアパートナーズ,クリエイティブ統括,経営企画部,第三課,2024,202406,1Q,300002,経常利益,S004,見込,120333678,187506112
20250308,博報堂,メディア統括,メディアプランニング部,企画課,2024,202503,4Q,200003,減価償却費,S002,特別,459112934,347227629
20240727,博報堂プロダクツ,管理統括,デジタルマーケティング部,企画課,2024,202407,2Q,200003,減価償却費,S005,確定,252777560,320243793
20240302,博報堂プロダクツ,営業統括,制作部,開発課,2023,202403,4Q,100002,売上原価,S003,調整,348131356,468599578
20240612,博報堂DYメディアパートナーズ,営業統括,第二営業部,第一課,2024,202406,1Q,300002,経常利益,S004,見込,645320360,461496612
20230721,博報堂プロダクツ,クリエイティブ統括,人事部,第二課,2023,202307,2Q,300001,営業利益,S005,確定,380391868,293370627
20241001,博報堂プロダクツ,メディア統括,デジタルマーケティング部,第一課,2024,202410,3Q,400003,コンサルティング収入,S004,見込,416619830,498856237
20241227,博報堂プロダクツ,デジタル統括,制作部,企画課,2024,202412,3Q,100001,売上高,S001,通常,185023379,149693450
20231124,博報堂プロダクツ,営業統括,人事部,第二課,2023,202311,3Q,300001,営業利益,S002,特別,419546936,368383420
20241015,大広,クリエイティブ統括,経営企画部,第二課,2024,202410,3Q,100001,売上高,S004,見込,32471022,24948421
20250327,博報堂プロダクツ,デジタル統括,財務経理部,企画課,2024,202503,4Q,400002,制作収入,S003,調整,194746928,187979560
20240328,博報堂プロダクツ,デジタル統括,デジタルマーケティング部,第三課,2023,202403,4Q,400001,媒体手数料収入,S004,見込,188169584,256128722
20230626,博報堂,デジタル統括,財務経理部,企画課,2023,202306,1Q,100002,売上原価,S003,調整,363688926,372231953
20241126,大広,管理統括,デジタルマーケティング部,第一課,2024,202411,3Q,500001,広告主負担金,S002,特別,112395331,90801136
20240404,博報堂DYメディアパートナーズ,管理統括,人事部,管理課,2024,202404,1Q,100002,売上原価,S003,調整,350824681,372645753
20240604,博報堂DYメディアパートナーズ,デジタル統括,クリエイティブ部,管理課,2024,202406,1Q,500001,広告主負担金,S003,調整,21710176,34430309
20240706,読売広告社,メディア統括,総務部,第二課,2024,202407,2Q,200002,経費,S005,確定,172268613,220171235
20230704,博報堂プロダクツ,メディア統括,経営企画部,運用課,2023,202307,2Q,400001,媒体手数料収入,S005,確定,319602260,238246735
20240312,大広,クリエイティブ統括,メディアプランニング部,推進課,2023,202403,4Q,100003,売上総利益,S001,通常,61159911,71713534
20240106,読売広告社,デジタル統括,総務部,管理課,2023,202401,4Q,200003,減価償却費,S004,見込,148209967,163680413
20241124,博報堂DYメディアパートナーズ,管理統括,総務部,管理課,2024,202411,3Q,200002,経費,S005,確定,11558191,11501297
20241016,博報堂DYメディアパートナーズ,営業統括,クリエイティブ部,第一課,2024,202410,3Q,400001,媒体手数料収入,S004,見込,282523963,341004569
20240719,博報堂DYメディアパートナーズ,管理統括,第二営業部,第一課,2024,202407,2Q,100002,売上原価,S005,確定,489043003,465051689
20240112,大広,メディア統括,総務部,第三課,2023,202401,4Q,400003,コンサルティング収入,S005,確定,547874727,413563737
20241123,読売広告社,デジタル統括,財務経理部,運用課,2024,202411,3Q,400001,媒体手数料収入,S004,見込,92152875,124055323
20240302,大広,メディア統括,財務経理部,第三課,2023,202403,4Q,200002,経費,S002,特別,233924489,182925245
20230411,読売広告社,メディア統括,経営企画部,開発課,2023,202304,1Q,400002,制作収入,S002,特別,122030808,166612505
20250109,博報堂プロダクツ,デジタル統括,第二営業部,第二課,2024,202501,4Q,300002,経常利益,S002,特別,485991552,396496222
20230807,博報堂DYメディアパートナーズ,メディア統括,財務経理部,管理課,2023,202308,2Q,100002,売上原価,S002,特別,49999836,37793018
20241216,博報堂,デジタル統括,第一営業部,第二課,2024,202412,3Q,400003,コンサルティング収入,S005,確定,50608082,39921945
20230518,博報堂,メディア統括,財務経理部,第一課,2023,202305,1Q,300001,営業利益,S001,通常,233599271,296240769
20231007,博報堂DYメディアパートナーズ,クリエイティブ統括,人事部,管理課,2023,202310,3Q,100002,売上原価,S003,調整,248456959,199159222
20241101,博報堂プロダクツ,メディア統括,クリエイティブ部,第一課,2024,202411,3Q,400003,コンサルティング収入,S004,見込,189663554,212399967
20230612,博報堂プロダクツ,クリエイティブ統括,制作部,第一課,2023,202306,1Q,500001,広告主負担金,S005,確定,265647851,250465729
20240204,博報堂,営業統括,デジタルマーケティング部,企画課,2023,202402,4Q,300002,経常利益,S002,特別,224353775,339843380
20250321,読売広告社,クリエイティブ統括,経営企画部,第一課,2024,202503,4Q,200003,減価償却費,S004,見込,414890640,364075887
20231104,読売広告社,クリエイティブ統括,第二営業部,推進課,2023,202311,3Q,300001,営業利益,S004,見込,224283042,162694872
20250327,大広,営業統括,クリエイティブ部,第一課,2024,202503,4Q,100003,売上総利益,S005,確定,335996456,474316327
20250210,大広,営業統括,制作部,開発課,2024,202502,4Q,400003,コンサルティング収入,S003,調整,556671666,418525640
20230417,博報堂プロダクツ,営業統括,デジタルマーケティング部,企画課,2023,202304,1Q,500001,広告主負担金,S003,調整,205076161,227665214
20240114,博報堂DYメディアパートナーズ,管理統括,制作部,推進課,2023,202401,4Q,200002,経費,S002,特別,310666464,226372979
20231128,読売広告社,管理統括,クリエイティブ部,運用課,2023,202311,3Q,500001,広告主負担金,S002,特別,581131765,428893773
20241001,博報堂DYメディアパートナーズ,メディア統括,経営企画部,開発課,2024,202410,3Q,500001,広告主負担金,S001,通常,63374056,97701194
20240512,博報堂プロダクツ,管理統括,人事部,管理課,2024,202405,1Q,400001,媒体手数料収入,S005,確定,11288702,16431035
20240108,博報堂DYメディアパートナーズ,メディア統括,人事部,企画課,2023,202401,4Q,100001,売上高,S002,特別,219074631,312507831
20230604,博報堂プロダクツ,デジタル統括,総務部,第二課,2023,202306,1Q,100003,売上総利益,S005,確定,154314576,115144807
20231103,大広,管理統括,デジタルマーケティング部,第二課,2023,202311,3Q,100002,売上原価,S005,確定,378287996,413717592
20231122,博報堂,デジタル統括,クリエイティブ部,企画課,2023,202311,3Q,200002,経費,S001,通常,288779961,294459765
20240618,博報堂プロダクツ,メディア統括,経営企画部,第二課,2024,202406,1Q,200002,経費,S002,特別,337144294,241437164
20240407,大広,営業統括,財務経理部,推進課,2024,202404,1Q,100001,売上高,S005,確定,141805908,127870043
20240902,博報堂プロダクツ,管理統括,クリエイティブ部,第三課,2024,202409,2Q,400003,コンサルティング収入,S001,通常,148622306,172017296
20231010,読売広告社,デジタル統括,第一営業部,企画課,2023,202310,3Q,100003,売上総利益,S005,確定,420124672,426743202
20240415,読売広告社,メディア統括,デジタルマーケティング部,第一課,2024,202404,1Q,200002,経費,S003,調整,142315765,214748112
20230817,大広,メディア統括,第二営業部,第二課,2023,202308,2Q,200003,減価償却費,S004,見込,243060757,183562488
20230425,大広,営業統括,第二営業部,管理課,2023,202304,1Q,100002,売上原価,S002,特別,428168352,329339899
20240810,大広,営業統括,メディアプランニング部,第二課,2024,202408,2Q,400003,コンサルティング収入,S003,調整,31090661,36246676
20241103,博報堂プロダクツ,デジタル統括,経営企画部,運用課,2024,202411,3Q,500001,広告主負担金,S004,見込,392813693,335278103
20230501,読売広告社,クリエイティブ統括,第二営業部,第二課,2023,202305,1Q,500001,広告主負担金,S004,見込,21003741,22502801
20231116,大広,管理統括,制作部,第一課,2023,202311,3Q,200001,人件費,S004,見込,3042277,4746820
20240323,博報堂DYメディアパートナーズ,メディア統括,クリエイティブ部,推進課,2023,202403,4Q,500002,媒体社リベート,S001,通常,556915869,431501834
20250307,博報堂プロダクツ,クリエイティブ統括,第一営業部,推進課,2024,202503,4Q,200001,人件費,S001,通常,6650884,8464400
20240205,大広,営業統括,第二営業部,開発課,2023,202402,4Q,100003,売上総利益,S003,調整,364569361,339287475
20240604,博報堂,メディア統括,デジタルマーケティング部,企画課,2024,202406,1Q,100001,売上高,S005,確定,512476679,454147148
20241219,博報堂,クリエイティブ統括,第二営業部,第一課,2024,202412,3Q,300001,営業利益,S004,見込,539687390,430442615
20231110,博報堂プロダクツ,管理統括,制作部,管理課,2023,202311,3Q,500001,広告主負担金,S005,確定,69228622,80825408
20231221,博報堂プロダクツ,メディア統括,クリエイティブ部,推進課,2023,202312,3Q,200002,経費,S005,確定,310225419,347812241
20230728,博報堂DYメディアパートナーズ,クリエイティブ統括,経営企画部,第三課,2023,202307,2Q,500001,広告主負担金,S005,確定,405108562,390096574
20230614,読売広告社,メディア統括,第一営業部,第一課,2023,202306,1Q,300002,経常利益,S004,見込,536738591,443010114
20240902,読売広告社,管理統括,第二営業部,推進課,2024,202409,2Q,300001,営業利益,S005,確定,384410916,387578766
20240619,読売広告社,デジタル統括,メディアプランニング部,企画課,2024,202406,1Q,100001,売上高,S005,確定,445901694,486221503
20250308,読売広告社,クリエイティブ統括,第二営業部,開発課,2024,202503,4Q,200003,減価償却費,S005,確定,14149385,16572648
20231202,博報堂,クリエイティブ統括,第二営業部,運用課,2023,202312,3Q,100003,売上総利益,S002,特別,369527204,365624881
20240726,博報堂DYメディアパートナーズ,営業統括,総務部,第二課,2024,202407,2Q,200003,減価償却費,S004,見込,189549466,242197354
20230921,博報堂,クリエイティブ統括,第二営業部,第一課,2023,202309,2Q,100001,売上高,S003,調整,408942257,348997236
20230903,博報堂プロダクツ,クリエイティブ統括,デジタルマーケティング部,運用課,2023,202309,2Q,500002,媒体社リベート,S001,通常,279267703,263438286
20240504,博報堂,クリエイティブ統括,財務経理部,運用課,2024,202405,1Q,100003,売上総利益,S005,確定,582521236,426541363
20241215,読売広告社,デジタル統括,財務経理部,第二課,2024,202412,3Q,100003,売上総利益,S001,通常,32149863,53489547
20230722,博報堂DYメディアパートナーズ,クリエイティブ統括,第二営業部,第一課,2023,202307,2Q,100002,売上原価,S001,通常,189854105,273731445
20240317,読売広告社,メディア統括,経営企画部,開発課,2023,202403,4Q,100001,売上高,S002,特別,310428562,360109020
20230502,博報堂DYメディアパートナーズ,クリエイティブ統括,財務経理部,第一課,2023,202305,1Q,200001,人件費,S004,見込,135199425,174470332
20240516,博報堂プロダクツ,営業統括,人事部,推進課,2024,202405,1Q,200001,人件費,S004,見込,9289166,9297026
20241009,博報堂,デジタル統括,制作部,推進課,2024,202410,3Q,100002,売上原価,S001,通常,611870100,443570178
20241202,読売広告社,管理統括,人事部,開発課,2024,202412,3Q,500002,媒体社リベート,S001,通常,570187872,434997539
20230921,博報堂,メディア統括,第二営業部,企画課,2023,202309,2Q,400001,媒体手数料収入,S005,確定,87913459,79466134
20241124,大広,デジタル統括,制作部,第三課,2024,202411,3Q,400003,コンサルティング収入,S001,通常,344114327,492463049
20250217,大広,メディア統括,財務経理部,第二課,2024,202502,4Q,200003,減価償却費,S003,調整,315805870,437053046
20250104,博報堂プロダクツ,管理統括,第一営業部,第二課,2024,202501,4Q,100001,売上高,S005,確定,122110115,151259811
20230405,読売広告社,デジタル統括,第二営業部,開発課,2023,202304,1Q,200001,人件費,S003,調整,202440770,146102719
20240906,博報堂プロダクツ,営業統括,クリエイティブ部,企画課,2024,202409,2Q,100002,売上原価,S003,調整,493425809,497849292
20250218,博報堂,営業統括,人事部,管理課,2024,202502,4Q,400001,媒体手数料収入,S002,特別,345958179,283463418
20241007,博報堂プロダクツ,クリエイティブ統括,デジタルマーケティング部,運用課,2024,202410,3Q,300002,経常利益,S005,確定,297162809,308425633
20240811,読売広告社,メディア統括,メディアプランニング部,第二課,2024,202408,2Q,400001,媒体手数料収入,S002,特別,265061753,338467862
20240515,博報堂DYメディアパートナーズ,デジタル統括,人事部,第一課,2024,202405,1Q,400003,コンサルティング収入,S003,調整,124695737,163058951
20240822,博報堂,クリエイティブ統括,総務部,推進課,2024,202408,2Q,500002,媒体社リベート,S003,調整,220996156,352749463
20230707,博報堂DYメディアパートナーズ,メディア統括,第二営業部,運用課,2023,202307,2Q,400001,媒体手数料収入,S002,特別,127863310,175660489
20230613,大広,営業統括,総務部,企画課,2023,202306,1Q,500002,媒体社リベート,S001,通常,233436594,353072628
20231118,読売広告社,管理統括,制作部,第一課,2023,202311,3Q,500001,広告主負担金,S004,見込,195090149,169880271
20241214,博報堂プロダクツ,メディア統括,第二営業部,第一課,2024,202412,3Q,200001,人件費,S001,通常,420139237,348305762
20240105,博報堂,クリエイティブ統括,人事部,第三課,2023,202401,4Q,500001,広告主負担金,S001,通常,185660857,252859424
20240710,大広,デジタル統括,第二営業部,管理課,2024,202407,2Q,500001,広告主負担金,S002,特別,125127670,129654932
20241212,大広,クリエイティブ統括,第二営業部,第一課,2024,202412,3Q,200002,経費,S003,調整,246204904,288654009
20250302,博報堂プロダクツ,クリエイティブ統括,人事部,管理課,2024,202503,4Q,400002,制作収入,S004,見込,31858083,49893398
20230922,読売広告社,クリエイティブ統括,経営企画部,第一課,2023,202309,2Q,100003,売上総利益,S005,確定,330807077,265157004
20241213,読売広告社,営業統括,クリエイティブ部,運用課,2024,202412,3Q,400002,制作収入,S002,特別,68071255,60713712
20230808,博報堂プロダクツ,クリエイティブ統括,第一営業部,第三課,2023,202308,2Q,200003,減価償却費,S004,見込,226734853,299615185
20240715,博報堂プロダクツ,デジタル統括,経営企画部,管理課,2024,202407,2Q,300001,営業利益,S001,通常,156486040,129162413
20240811,博報堂,営業統括,総務部,第三課,2024,202408,2Q,200003,減価償却費,S004,見込,295988927,419876079
20240220,博報堂,クリエイティブ統括,総務部,第三課,2023,202402,4Q,200001,人件費,S004,見込,318522807,468047703
20250118,博報堂,クリエイティブ統括,経営企画部,開発課,2024,202501,4Q,200003,減価償却費,S002,特別,91648952,71013819
20230624,博報堂DYメディアパートナーズ,管理統括,デジタルマーケティング部,推進課,2023,202306,1Q,200002,経費,S002,特別,169960910,276983823
20241217,読売広告社,デジタル統括,メディアプランニング部,第三課,2024,202412,3Q,200002,経費,S005,確定,531856775,416800254
20241104,博報堂プロダクツ,デジタル統括,第一営業部,第三課,2024,202411,3Q,400003,コンサルティング収入,S001,通常,589224619,453259564
20231024,読売広告社,クリエイティブ統括,デジタルマーケティング部,企画課,2023,202310,3Q,200003,減価償却費,S003,調整,297771498,286278867
20231119,博報堂プロダクツ,デジタル統括,経営企画部,開発課,2023,202311,3Q,100002,売上原価,S005,確定,312556670,466511660
20231127,博報堂DYメディアパートナーズ,メディア統括,第二営業部,管理課,2023,202311,3Q,500001,広告主負担金,S002,特別,165264105,176558710
20230610,博報堂プロダクツ,管理統括,総務部,運用課,2023,202306,1Q,100003,売上総利益,S001,通常,226106963,214946580
20230621,博報堂DYメディアパートナーズ,営業統括,人事部,第一課,2023,202306,1Q,500001,広告主負担金,S004,見込,128195381,147641845
20250302,博報堂プロダクツ,管理統括,経営企画部,第一課,2024,202503,4Q,500002,媒体社リベート,S003,調整,333374206,312678330
20250302,博報堂プロダクツ,デジタル統括,第一営業部,開発課,2024,202503,4Q,200002,経費,S005,確定,472712938,402220737
20241018,博報堂,デジタル統括,メディアプランニング部,企画課,2024,202410,3Q,400001,媒体手数料収入,S004,見込,618538308,495545123
20230418,博報堂DYメディアパートナーズ,管理統括,デジタルマーケティング部,運用課,2023,202304,1Q,200002,経費,S002,特別,374819370,273967925
20241004,博報堂DYメディアパートナーズ,メディア統括,制作部,第一課,2024,202410,3Q,200003,減価償却費,S005,確定,156156727,172865061
20240726,博報堂プロダクツ,メディア統括,人事部,企画課,2024,202407,2Q,200003,減価償却費,S004,見込,154385880,168647920
20240617,博報堂,営業統括,経営企画部,第二課,2024,202406,1Q,400002,制作収入,S001,通常,406523600,296504690
20240216,博報堂DYメディアパートナーズ,デジタル統括,財務経理部,第一課,2023,202402,4Q,400002,制作収入,S001,通常,139482724,120947993
20241020,大広,管理統括,財務経理部,第二課,2024,202410,3Q,200002,経費,S005,確定,356288025,285588467
20230527,大広,クリエイティブ統括,人事部,企画課,2023,202305,1Q,400003,コンサルティング収入,S003,調整,150677501,109775706
20240323,大広,クリエイティブ統括,総務部,管理課,2023,202403,4Q,100001,売上高,S002,特別,168956090,155928666
20241119,大広,管理統括,メディアプランニング部,運用課,2024,202411,3Q,100001,売上高,S004,見込,182756199,154473128
20230607,読売広告社,クリエイティブ統括,クリエイティブ部,第一課,2023,202306,1Q,200003,減価償却費,S005,確定,206444029,271202483
20241224,大広,デジタル統括,デジタルマーケティング部,第一課,2024,202412,3Q,500001,広告主負担金,S004,見込,217053526,346273492
20230424,博報堂プロダクツ,クリエイティブ統括,第二営業部,第二課,2023,202304,1Q,200001,人件費,S002,特別,183024353,227340443
20240120,博報堂,営業統括,総務部,推進課,2023,202401,4Q,200002,経費,S002,特別,126142729,148847656
20240603,博報堂プロダクツ,営業統括,第一営業部,第一課,2024,202406,1Q,100003,売上総利益,S004,見込,221542487,191277095
20240221,大広,管理統括,第二営業部,推進課,2023,202402,4Q,500001,広告主負担金,S004,見込,144633082,202139833
20250203,博報堂,管理統括,制作部,開発課,2024,202502,4Q,200001,人件費,S001,通常,225839196,217342728
20240620,大広,メディア統括,制作部,開発課,2024,202406,1Q,300001,営業利益,S005,確定,5938331,5410327
20230526,博報堂DYメディアパートナーズ,デジタル統括,制作部,管理課,2023,202305,1Q,400003,コンサルティング収入,S005,確定,326697903,489338196
20240810,博報堂DYメディアパートナーズ,クリエイティブ統括,人事部,企画課,2024,202408,2Q,400001,媒体手数料収入,S005,確定,533456844,395331960
20240907,読売広告社,クリエイティブ統括,メディアプランニング部,第二課,2024,202409,2Q,400003,コンサルティング収入,S003,調整,163337946,125908201
20230401,博報堂DYメディアパートナーズ,メディア統括,総務部,第二課,2023,202304,1Q,200001,人件費,S003,調整,387826919,308697525
20240804,読売広告社,管理統括,メディアプランニング部,開発課,2024,202408,2Q,200002,経費,S005,確定,334032913,323603014
20240105,博報堂DYメディアパートナーズ,デジタル統括,財務経理部,第一課,2023,202401,4Q,200001,人件費,S002,特別,115927142,112670353
20240227,博報堂プロダクツ,管理統括,制作部,推進課,2023,202402,4Q,100002,売上原価,S003,調整,119552758,160174526
20231209,博報堂,デジタル統括,クリエイティブ部,開発課,2023,202312,3Q,200003,減価償却費,S002,特別,388798927,391830465
20231207,博報堂プロダクツ,デジタル統括,財務経理部,運用課,2023,202312,3Q,400002,制作収入,S002,特別,182752081,292530138
20240218,読売広告社,デジタル統括,デジタルマーケティング部,開発課,2023,202402,4Q,500001,広告主負担金,S002,特別,636616299,498479413
20231017,大広,メディア統括,財務経理部,第一課,2023,202310,3Q,100002,売上原価,S001,通常,150838611,235894705
20240406,博報堂プロダクツ,管理統括,経営企画部,推進課,2024,202404,1Q,300002,経常利益,S004,見込,348493668,424370192
20241112,大広,メディア統括,デジタルマーケティング部,第三課,2024,202411,3Q,100002,売上原価,S003,調整,304802116,221704530
20231204,大広,メディア統括,第二営業部,第一課,2023,202312,3Q,100002,売上原価,S003,調整,137133576,145473165
20230502,博報堂DYメディアパートナーズ,クリエイティブ統括,クリエイティブ部,第二課,2023,202305,1Q,400001,媒体手数料収入,S003,調整,116761514,139868716
20230616,読売広告社,クリエイティブ統括,制作部,開発課,2023,202306,1Q,100003,売上総利益,S004,見込,427398432,475229888
20241017,大広,管理統括,デジタルマーケティング部,第一課,2024,202410,3Q,500002,媒体社リベート,S004,見込,273968232,329443060
20230904,博報堂プロダクツ,クリエイティブ統括,クリエイティブ部,推進課,2023,202309,2Q,300001,営業利益,S003,調整,283047536,451630159
20240310,博報堂プロダクツ,管理統括,第二営業部,第一課,2023,202403,4Q,400003,コンサルティング収入,S002,特別,79813796,130595161
20230726,博報堂DYメディアパートナーズ,クリエイティブ統括,メディアプランニング部,開発課,2023,202307,2Q,200001,人件費,S005,確定,238346121,356468689
20250317,博報堂プロダクツ,クリエイティブ統括,クリエイティブ部,推進課,2024,202503,4Q,400002,制作収入,S003,調整,46529521,64879743
20240319,読売広告社,営業統括,財務経理部,第三課,2023,202403,4Q,400001,媒体手数料収入,S002,特別,224672414,225136547
20231017,博報堂プロダクツ,デジタル統括,クリエイティブ部,推進課,2023,202310,3Q,400001,媒体手数料収入,S003,調整,407736856,307066628
20240304,読売広告社,デジタル統括,第一営業部,企画課,2023,202403,4Q,200002,経費,S004,見込,266388540,313931836
20230627,博報堂,管理統括,第一営業部,第三課,2023,202306,1Q,200003,減価償却費,S005,確定,230001235,203122298
20231220,博報堂プロダクツ,クリエイティブ統括,第二営業部,運用課,2023,202312,3Q,400001,媒体手数料収入,S003,調整,148655330,169338678
20250323,博報堂,メディア統括,第二営業部,運用課,2024,202503,4Q,500001,広告主負担金,S002,特別,143139858,137056008
20241104,博報堂DYメディアパートナーズ,管理統括,第二営業部,運用課,2024,202411,3Q,300001,営業利益,S002,特別,60753463,88423329
20240721,博報堂プロダクツ,メディア統括,総務部,第一課,2024,202407,2Q,300001,営業利益,S005,確定,539020824,499106253
20240301,大広,メディア統括,総務部,推進課,2023,202403,4Q,300002,経常利益,S004,見込,413155315,481742349
20250314,博報堂プロダクツ,クリエイティブ統括,メディアプランニング部,第三課,2024,202503,4Q,500002,媒体社リベート,S003,調整,279742026,240247625
20230902,博報堂,クリエイティブ統括,メディアプランニング部,開発課,2023,202309,2Q,300002,経常利益,S002,特別,258003983,405822708
20240607,博報堂プロダクツ,営業統括,第二営業部,第三課,2024,202406,1Q,100001,売上高,S004,見込,283474332,259288156
20240423,博報堂プロダクツ,デジタル統括,制作部,第二課,2024,202404,1Q,100001,売上高,S001,通常,269310413,282938819
20240708,博報堂,管理統括,経営企画部,推進課,2024,202407,2Q,500002,媒体社リベート,S004,見込,79454851,78003893
20250105,読売広告社,営業統括,財務経理部,第二課,2024,202501,4Q,300002,経常利益,S005,確定,169014820,137790358
20241122,博報堂,管理統括,財務経理部,第二課,2024,202411,3Q,100002,売上原価,S005,確定,391608314,451001644
20231113,博報堂DYメディアパートナーズ,営業統括,経営企画部,開発課,2023,202311,3Q,200002,経費,S004,見込,176836767,277694969
20241203,博報堂,営業統括,第一営業部,第三課,2024,202412,3Q,200003,減価償却費,S004,見込,137236980,171286543
20250324,大広,クリエイティブ統括,第一営業部,第二課,2024,202503,4Q,400003,コンサルティング収入,S004,見込,76012229,89669281
20250311,博報堂DYメディアパートナーズ,クリエイティブ統括,デジタルマーケティング部,推進課,2024,202503,4Q,400003,コンサルティング収入,S002,特別,403075321,466529835
20230816,博報堂DYメディアパートナーズ,管理統括,経営企画部,企画課,2023,202308,2Q,400003,コンサルティング収入,S005,確定,101529158,92845062
20240508,大広,クリエイティブ統括,制作部,管理課,2024,202405,1Q,100002,売上原価,S005,確定,202438502,219169850
20240422,博報堂プロダクツ,メディア統括,第二営業部,第三課,2024,202404,1Q,200002,経費,S004,見込,305519079,256634894
20240905,読売広告社,営業統括,制作部,第一課,2024,202409,2Q,500001,広告主負担金,S005,確定,187475188,253902967
20240717,大広,クリエイティブ統括,デジタルマーケティング部,企画課,2024,202407,2Q,400001,媒体手数料収入,S003,調整,239472435,346506664
20230519,読売広告社,営業統括,経営企画部,第二課,2023,202305,1Q,300001,営業利益,S003,調整,322529031,356495060
20230413,博報堂DYメディアパートナーズ,営業統括,クリエイティブ部,推進課,2023,202304,1Q,200003,減価償却費,S001,通常,89211781,128273433
20230402,読売広告社,デジタル統括,メディアプランニング部,第三課,2023,202304,1Q,100003,売上総利益,S005,確定,62546342,89235973
20230914,博報堂DYメディアパートナーズ,デジタル統括,デジタルマーケティング部,開発課,2023,202309,2Q,100003,売上総利益,S002,特別,421093761,340576061
20240411,博報堂,管理統括,クリエイティブ部,運用課,2024,202404,1Q,200001,人件費,S002,特別,113549210,186368396
20230409,博報堂プロダクツ,デジタル統括,第一営業部,管理課,2023,202304,1Q,100001,売上高,S003,調整,377379464,470233508
20240220,大広,メディア統括,クリエイティブ部,第三課,2023,202402,4Q,200002,経費,S001,通常,151435576,149243925
20230405,大広,営業統括,デジタルマーケティング部,推進課,2023,202304,1Q,200001,人件費,S005,確定,180583904,145954851
20240207,博報堂DYメディアパートナーズ,管理統括,人事部,運用課,2023,202402,4Q,400002,制作収入,S001,通常,288904415,209813985
20240415,大広,営業統括,メディアプランニング部,管理課,2024,202404,1Q,400001,媒体手数料収入,S004,見込,26134878,18723463
20231109,博報堂DYメディアパートナーズ,メディア統括,クリエイティブ部,管理課,2023,202311,3Q,300002,経常利益,S005,確定,268532791,219134536
20231020,博報堂,営業統括,制作部,第一課,2023,202310,3Q,500002,媒体社リベート,S005,確定,430833452,320119813
20240609,博報堂,メディア統括,第一営業部,第二課,2024,202406,1Q,300002,経常利益,S004,見込,454259649,329044102
20240110,読売広告社,メディア統括,経営企画部,第三課,2023,202401,4Q,400002,制作収入,S002,特別,404350762,418490983
20240402,博報堂DYメディアパートナーズ,営業統括,経営企画部,第三課,2024,202404,1Q,100002,売上原価,S002,特別,32013953,25846824
20240203,読売広告社,営業統括,第一営業部,企画課,2023,202402,4Q,400003,コンサルティング収入,S004,見込,39498803,41040488
20241113,博報堂DYメディアパートナーズ,デジタル統括,デジタルマーケティング部,運用課,2024,202411,3Q,300002,経常利益,S003,調整,311082325,321720798
20241117,大広,営業統括,経営企画部,企画課,2024,202411,3Q,100002,売上原価,S005,確定,608875057,443123310
20240722,博報堂プロダクツ,クリエイティブ統括,総務部,企画課,2024,202407,2Q,100001,売上高,S001,通常,516975396,417679956
20231105,読売広告社,営業統括,経営企画部,運用課,2023,202311,3Q,400003,コンサルティング収入,S002,特別,35860325,41375586
20230424,大広,クリエイティブ統括,第一営業部,管理課,2023,202304,1Q,200002,経費,S003,調整,60291946,97116178
20230822,博報堂プロダクツ,営業統括,制作部,管理課,2023,202308,2Q,500001,広告主負担金,S001,通常,62831283,52180739
20231214,博報堂,デジタル統括,経営企画部,運用課,2023,202312,3Q,400001,媒体手数料収入,S002,特別,42957031,31552735
20240304,読売広告社,メディア統括,人事部,第一課,2023,202403,4Q,200001,人件費,S004,見込,137701843,108328637
20250222,博報堂,営業統括,デジタルマーケティング部,企画課,2024,202502,4Q,400001,媒体手数料収入,S002,特別,239142707,313709000
20230523,博報堂プロダクツ,デジタル統括,クリエイティブ部,運用課,2023,202305,1Q,200001,人件費,S005,確定,66286030,94460088
20240324,博報堂,クリエイティブ統括,人事部,第一課,2023,202403,4Q,300001,営業利益,S004,見込,56390066,84769171
20240212,博報堂,管理統括,デジタルマーケティング部,管理課,2023,202402,4Q,500001,広告主負担金,S004,見込,71276048,100013329
20240621,大広,管理統括,第二営業部,開発課,2024,202406,1Q,200003,減価償却費,S004,見込,578815208,449838541
20230806,博報堂DYメディアパートナーズ,デジタル統括,財務経理部,第三課,2023,202308,2Q,400003,コンサルティング収入,S001,通常,434224309,333518347
20240102,大広,デジタル統括,メディアプランニング部,企画課,2023,202401,4Q,100001,売上高,S005,確定,418770077,300361096
20230903,博報堂,管理統括,制作部,管理課,2023,202309,2Q,100003,売上総利益,S002,特別,67186656,77183049
20230421,博報堂,クリエイティブ統括,第一営業部,企画課,2023,202304,1Q,100003,売上総利益,S005,確定,186485481,159921739
20240605,大広,デジタル統括,財務経理部,第二課,2024,202406,1Q,100003,売上総利益,S002,特別,364785058,395762817
20241208,博報堂,クリエイティブ統括,第二営業部,第三課,2024,202412,3Q,300001,営業利益,S005,確定,328964550,262743662
20241015,博報堂DYメディアパートナーズ,クリエイティブ統括,総務部,管理課,2024,202410,3Q,200003,減価償却費,S004,見込,223947531,171413921
20231004,大広,管理統括,総務部,第三課,2023,202310,3Q,400002,制作収入,S001,通常,265472493,274958589
20230723,読売広告社,デジタル統括,制作部,開発課,2023,202307,2Q,300002,経常利益,S005,確定,311706667,222983036
20240117,博報堂プロダクツ,管理統括,財務経理部,企画課,2023,202401,4Q,500002,媒体社リベート,S005,確定,99196649,115464766
20240219,博報堂プロダクツ,管理統括,クリエイティブ部,開発課,2023,202402,4Q,200001,人件費,S003,調整,256014259,285381168
20240206,博報堂DYメディアパートナーズ,管理統括,メディアプランニング部,第三課,2023,202402,4Q,400001,媒体手数料収入,S002,特別,403425508,483402531
20240819,博報堂DYメディアパートナーズ,デジタル統括,人事部,管理課,2024,202408,2Q,200001,人件費,S004,見込,103355827,106180206
20240912,博報堂,メディア統括,経営企画部,企画課,2024,202409,2Q,300001,営業利益,S005,確定,446887729,393072127
20240311,博報堂,メディア統括,財務経理部,第三課,2023,202403,4Q,200003,減価償却費,S001,通常,24582278,28685531
20230725,大広,メディア統括,第一営業部,管理課,2023,202307,2Q,100003,売上総利益,S002,特別,381323286,429855318
20240908,博報堂DYメディアパートナーズ,営業統括,制作部,開発課,2024,202409,2Q,200001,人件費,S002,特別,307895243,250169099
20240405,大広,クリエイティブ統括,経営企画部,運用課,2024,202404,1Q,100002,売上原価,S002,特別,181839386,222919915
20240705,博報堂,クリエイティブ統括,第二営業部,第一課,2024,202407,2Q,100001,売上高,S002,特別,328362602,454951301
20240601,大広,営業統括,総務部,第二課,2024,202406,1Q,400003,コンサルティング収入,S003,調整,409697532,295066537
20231122,読売広告社,営業統括,制作部,推進課,2023,202311,3Q,400001,媒体手数料収入,S005,確定,119187258,125880144
20230708,博報堂プロダクツ,デジタル統括,制作部,運用課,2023,202307,2Q,400003,コンサルティング収入,S003,調整,4591513,3494238
20240807,大広,管理統括,経営企画部,企画課,2024,202408,2Q,300002,経常利益,S005,確定,21370166,32545105
20250203,博報堂プロダクツ,営業統括,メディアプランニング部,第一課,2024,202502,4Q,100002,売上原価,S002,特別,72065929,57988810
20240315,大広,メディア統括,人事部,第三課,2023,202403,4Q,400003,コンサルティング収入,S001,通常,113306436,188522989
20240324,博報堂,メディア統括,クリエイティブ部,推進課,2023,202403,4Q,100003,売上総利益,S002,特別,159226509,150466142
20240905,博報堂DYメディアパートナーズ,デジタル統括,財務経理部,管理課,2024,202409,2Q,400003,コンサルティング収入,S003,調整,137052232,104543318
20230610,大広,メディア統括,第二営業部,第三課,2023,202306,1Q,300002,経常利益,S002,特別,334801844,299698864
20250327,読売広告社,営業統括,デジタルマーケティング部,推進課,2024,202503,4Q,200003,減価償却費,S005,確定,303471907,414810198
20231001,読売広告社,メディア統括,メディアプランニング部,開発課,2023,202310,3Q,400003,コンサルティング収入,S004,見込,269360448,335006031
20250320,読売広告社,デジタル統括,総務部,企画課,2024,202503,4Q,300002,経常利益,S003,調整,316361539,475077500
20250308,博報堂プロダクツ,管理統括,クリエイティブ部,開発課,2024,202503,4Q,400002,制作収入,S004,見込,112816993,174739012
20240726,博報堂,営業統括,制作部,第二課,2024,202407,2Q,300002,経常利益,S004,見込,366410974,373504604
20230506,博報堂,クリエイティブ統括,第一営業部,管理課,2023,202305,1Q,400001,媒体手数料収入,S004,見込,514094245,402290305
20240714,読売広告社,クリエイティブ統括,総務部,第三課,2024,202407,2Q,200001,人件費,S004,見込,171672692,239094859
20240219,読売広告社,デジタル統括,第二営業部,第一課,2023,202402,4Q,200001,人件費,S003,調整,243183560,228696432
20230621,大広,クリエイティブ統括,第一営業部,企画課,2023,202306,1Q,300002,経常利益,S005,確定,342420798,297337070
20250228,博報堂プロダクツ,クリエイティブ統括,クリエイティブ部,第一課,2024,202502,4Q,300001,営業利益,S003,調整,392231656,304375132
20240521,博報堂プロダクツ,営業統括,第二営業部,推進課,2024,202405,1Q,400001,媒体手数料収入,S005,確定,70911710,85221472
20231220,読売広告社,デジタル統括,総務部,第三課,2023,202312,3Q,100001,売上高,S003,調整,531458868,468718128
20231008,読売広告社,メディア統括,総務部,推進課,2023,202310,3Q,500002,媒体社リベート,S002,特別,275864815,249793937
20230605,博報堂プロダクツ,クリエイティブ統括,デジタルマーケティング部,第二課,2023,202306,1Q,100003,売上総利益,S005,確定,693796654,496881574
20240903,大広,クリエイティブ統括,第一営業部,第一課,2024,202409,2Q,400003,コンサルティング収入,S001,通常,548701681,393379229
20240627,博報堂DYメディアパートナーズ,デジタル統括,メディアプランニング部,企画課,2024,202406,1Q,100003,売上総利益,S001,通常,326133309,485620549
20230723,博報堂DYメディアパートナーズ,メディア統括,メディアプランニング部,運用課,2023,202307,2Q,300001,営業利益,S005,確定,112058976,114833271
20240702,読売広告社,デジタル統括,制作部,第二課,2024,202407,2Q,300001,営業利益,S005,確定,205815600,256425733
20241208,博報堂,管理統括,クリエイティブ部,管理課,2024,202412,3Q,400002,制作収入,S001,通常,339085854,335169965
20241204,博報堂DYメディアパートナーズ,デジタル統括,人事部,第一課,2024,202412,3Q,200002,経費,S004,見込,265594998,260917052
20250113,博報堂プロダクツ,メディア統括,制作部,第一課,2024,202501,4Q,100003,売上総利益,S005,確定,351698820,474738872
20230707,読売広告社,管理統括,クリエイティブ部,第一課,2023,202307,2Q,200003,減価償却費,S005,確定,96019654,137442013
20230610,大広,管理統括,第二営業部,第三課,2023,202306,1Q,200003,減価償却費,S003,調整,94766429,102649849
20240324,博報堂DYメディアパートナーズ,クリエイティブ統括,第二営業部,管理課,2023,202403,4Q,100002,売上原価,S004,見込,223310135,208122003
20240407,大広,メディア統括,人事部,管理課,2024,202404,1Q,200002,経費,S003,調整,361812320,259898866
20240114,博報堂DYメディアパートナーズ,クリエイティブ統括,制作部,第三課,2023,202401,4Q,100002,売上原価,S002,特別,284290143,458882783
20240601,博報堂DYメディアパートナーズ,営業統括,第一営業部,第二課,2024,202406,1Q,400003,コンサルティング収入,S001,通常,596635222,468899045
20240114,読売広告社,管理統括,人事部,管理課,2023,202401,4Q,200002,経費,S004,見込,133283793,219018426
20231002,博報堂DYメディアパートナーズ,管理統括,メディアプランニング部,開発課,2023,202310,3Q,100001,売上高,S004,見込,529623986,393710321
20240418,博報堂プロダクツ,クリエイティブ統括,第一営業部,管理課,2024,202404,1Q,500001,広告主負担金,S001,通常,91548527,146546913
20240310,博報堂プロダクツ,デジタル統括,総務部,推進課,2023,202403,4Q,200001,人件費,S004,見込,509848937,437020430
20240918,博報堂,管理統括,制作部,運用課,2024,202409,2Q,100003,売上総利益,S002,特別,364922195,434318743
20250105,博報堂,営業統括,第二営業部,開発課,2024,202501,4Q,200002,経費,S004,見込,284339043,327299728
20241024,大広,管理統括,総務部,第二課,2024,202410,3Q,300001,営業利益,S002,特別,588140054,472825544
20230624,読売広告社,デジタル統括,メディアプランニング部,第二課,2023,202306,1Q,200002,経費,S005,確定,365807202,412997703
20231206,博報堂プロダクツ,クリエイティブ統括,財務経理部,企画課,2023,202312,3Q,400003,コンサルティング収入,S001,通常,79134173,131851510
20230626,博報堂,クリエイティブ統括,メディアプランニング部,開発課,2023,202306,1Q,500002,媒体社リベート,S002,特別,222073108,195265977
20240307,博報堂,営業統括,メディアプランニング部,第三課,2023,202403,4Q,200001,人件費,S003,調整,403600023,454576346
20230920,博報堂DYメディアパートナーズ,クリエイティブ統括,クリエイティブ部,推進課,2023,202309,2Q,400003,コンサルティング収入,S001,通常,399286342,303436607
20230422,博報堂DYメディアパートナーズ,営業統括,財務経理部,推進課,2023,202304,1Q,100001,売上高,S003,調整,219762844,172852830
20230802,博報堂プロダクツ,クリエイティブ統括,経営企画部,管理課,2023,202308,2Q,100001,売上高,S004,見込,92686360,66272317
20230617,博報堂プロダクツ,管理統括,メディアプランニング部,企画課,2023,202306,1Q,100003,売上総利益,S001,通常,478073089,414978847
20230717,博報堂プロダクツ,メディア統括,人事部,管理課,2023,202307,2Q,300001,営業利益,S005,確定,116287083,165725017
20240923,博報堂,営業統括,総務部,管理課,2024,202409,2Q,400003,コンサルティング収入,S003,調整,350600573,306980364
20240128,読売広告社,クリエイティブ統括,デジタルマーケティング部,管理課,2023,202401,4Q,400003,コンサルティング収入,S001,通常,261234586,219823836
20240420,博報堂プロダクツ,管理統括,総務部,運用課,2024,202404,1Q,500001,広告主負担金,S002,特別,424410330,440362077
20240415,博報堂プロダクツ,メディア統括,メディアプランニング部,推進課,2024,202404,1Q,200001,人件費,S005,確定,402992131,412674021
20230611,大広,デジタル統括,第二営業部,運用課,2023,202306,1Q,200002,経費,S005,確定,301656457,292768618
20230824,読売広告社,デジタル統括,人事部,第一課,2023,202308,2Q,200002,経費,S005,確定,261007798,410300354
20230413,博報堂プロダクツ,管理統括,第二営業部,開発課,2023,202304,1Q,200003,減価償却費,S002,特別,485224693,371958735
20240617,大広,デジタル統括,デジタルマーケティング部,第一課,2024,202406,1Q,100003,売上総利益,S002,特別,92625886,85313269
20230825,大広,管理統括,クリエイティブ部,管理課,2023,202308,2Q,200003,減価償却費,S002,特別,202713572,160194799
20250213,博報堂,営業統括,人事部,第三課,2024,202502,4Q,200002,経費,S001,通常,134510613,207861267
20230627,博報堂,メディア統括,制作部,第二課,2023,202306,1Q,300001,営業利益,S002,特別,120835585,193542641
20230524,博報堂DYメディアパートナーズ,営業統括,人事部,開発課,2023,202305,1Q,100003,売上総利益,S001,通常,5762964,4785326
20230727,博報堂,メディア統括,第一営業部,第二課,2023,202307,2Q,400001,媒体手数料収入,S004,見込,128850778,96128249
20240118,大広,メディア統括,メディアプランニング部,開発課,2023,202401,4Q,100001,売上高,S003,調整,409359725,415688448
20241220,博報堂プロダクツ,メディア統括,デジタルマーケティング部,第一課,2024,202412,3Q,500002,媒体社リベート,S004,見込,160129824,265054138
20240523,博報堂プロダクツ,営業統括,財務経理部,第二課,2024,202405,1Q,400003,コンサルティング収入,S002,特別,253035734,250680493
20230823,博報堂,デジタル統括,デジタルマーケティング部,企画課,2023,202308,2Q,200001,人件費,S005,確定,28549472,20786702
20230811,博報堂プロダクツ,管理統括,制作部,開発課,2023,202308,2Q,300002,経常利益,S003,調整,45202938,45164607
20240721,博報堂DYメディアパートナーズ,デジタル統括,人事部,管理課,2024,202407,2Q,200002,経費,S005,確定,253601438,383080464
20250110,博報堂DYメディアパートナーズ,管理統括,制作部,推進課,2024,202501,4Q,400001,媒体手数料収入,S003,調整,320732482,405588645
20230817,博報堂DYメディアパートナーズ,管理統括,総務部,第三課,2023,202308,2Q,300001,営業利益,S003,調整,45377367,55145220
20230716,読売広告社,営業統括,第一営業部,推進課,2023,202307,2Q,200002,経費,S005,確定,298912326,218262866
20240728,読売広告社,メディア統括,財務経理部,開発課,2024,202407,2Q,400002,制作収入,S002,特別,13529186,10756022
20240121,博報堂,管理統括,第一営業部,管理課,2023,202401,4Q,300001,営業利益,S003,調整,226138944,265048171
20240401,博報堂DYメディアパートナーズ,管理統括,第二営業部,第一課,2024,202404,1Q,200002,経費,S005,確定,111605868,97921300
20230615,読売広告社,デジタル統括,経営企画部,第三課,2023,202306,1Q,200002,経費,S001,通常,406067391,433598602
20240713,博報堂DYメディアパートナーズ,管理統括,メディアプランニング部,第一課,2024,202407,2Q,200002,経費,S002,特別,185337607,237713921
20250306,大広,デジタル統括,第二営業部,推進課,2024,202503,4Q,500002,媒体社リベート,S003,調整,89749293,72675175
20231004,博報堂,管理統括,第一営業部,管理課,2023,202310,3Q,200002,経費,S001,通常,265467631,255111298
20230520,読売広告社,営業統括,クリエイティブ部,運用課,2023,202305,1Q,300001,営業利益,S001,通常,68409739,101649375
20241110,大広,メディア統括,メディアプランニング部,開発課,2024,202411,3Q,100002,売上原価,S002,特別,334613760,252509460
20240228,博報堂プロダクツ,メディア統括,第二営業部,第一課,2023,202402,4Q,400002,制作収入,S001,通常,166696550,164046011
20240221,博報堂プロダクツ,クリエイティブ統括,第一営業部,運用課,2023,202402,4Q,100001,売上高,S002,特別,296821004,284853606
20241125,博報堂DYメディアパートナーズ,営業統括,人事部,第一課,2024,202411,3Q,200002,経費,S002,特別,192032906,214982210
20230623,博報堂,デジタル統括,第一営業部,管理課,2023,202306,1Q,400003,コンサルティング収入,S003,調整,293379840,266700018
20230912,博報堂プロダクツ,営業統括,人事部,開発課,2023,202309,2Q,500002,媒体社リベート,S001,通常,332225154,302479989
20240815,博報堂DYメディアパートナーズ,管理統括,制作部,第二課,2024,202408,2Q,500001,広告主負担金,S005,確定,37767261,32224773
20241117,読売広告社,デジタル統括,メディアプランニング部,開発課,2024,202411,3Q,500001,広告主負担金,S004,見込,657633070,480549089
20231219,博報堂,デジタル統括,第一営業部,第三課,2023,202312,3Q,200001,人件費,S004,見込,231727632,212327814
20241023,大広,管理統括,財務経理部,開発課,2024,202410,3Q,500002,媒体社リベート,S004,見込,288883413,232593363
20230719,読売広告社,メディア統括,メディアプランニング部,第一課,2023,202307,2Q,400003,コンサルティング収入,S005,確定,260348985,355815795
20241008,博報堂DYメディアパートナーズ,デジタル統括,経営企画部,運用課,2024,202410,3Q,300002,経常利益,S004,見込,174401452,144275202
20240525,博報堂DYメディアパートナーズ,管理統括,第一営業部,管理課,2024,202405,1Q,200001,人件費,S002,特別,153360126,223451044
20231020,博報堂DYメディアパートナーズ,管理統括,デジタルマーケティング部,第三課,2023,202310,3Q,100003,売上総利益,S001,通常,4041004,4838196
20230810,読売広告社,管理統括,総務部,企画課,2023,202308,2Q,400001,媒体手数料収入,S003,調整,227320840,289473842
20230712,読売広告社,営業統括,メディアプランニング部,管理課,2023,202307,2Q,200003,減価償却費,S002,特別,296056177,294219762
20231115,大広,デジタル統括,経営企画部,管理課,2023,202311,3Q,300002,経常利益,S004,見込,492240268,450159821
20240701,博報堂DYメディアパートナーズ,管理統括,クリエイティブ部,企画課,2024,202407,2Q,200001,人件費,S004,見込,114075676,83716148
20250212,博報堂DYメディアパートナーズ,メディア統括,メディアプランニング部,企画課,2024,202502,4Q,400003,コンサルティング収入,S005,確定,352210570,491373590
20240205,博報堂プロダクツ,管理統括,クリエイティブ部,運用課,2023,202402,4Q,400002,制作収入,S005,確定,199323034,245583477
20241008,博報堂DYメディアパートナーズ,メディア統括,第一営業部,第三課,2024,202410,3Q,300001,営業利益,S004,見込,155384667,149951538
20231108,読売広告社,管理統括,メディアプランニング部,開発課,2023,202311,3Q,100002,売上原価,S003,調整,207590955,185156479
20250214,読売広告社,管理統括,財務経理部,第三課,2024,202502,4Q,400002,制作収入,S002,特別,619359402,450126306
20241208,読売広告社,管理統括,第一営業部,第二課,2024,202412,3Q,500002,媒体社リベート,S005,確定,91373252,65582968
20231208,博報堂,メディア統括,経営企画部,第三課,2023,202312,3Q,400001,媒体手数料収入,S001,通常,468374906,475709038
20240303,博報堂プロダクツ,メディア統括,デジタルマーケティング部,企画課,2023,202403,4Q,200003,減価償却費,S004,見込,91776888,122708980
20241009,大広,メディア統括,第二営業部,運用課,2024,202410,3Q,400003,コンサルティング収入,S003,調整,233188032,316643953
20240905,博報堂DYメディアパートナーズ,管理統括,経営企画部,第二課,2024,202409,2Q,400002,制作収入,S005,確定,228613515,194250702
20231020,読売広告社,営業統括,総務部,運用課,2023,202310,3Q,200001,人件費,S002,特別,330965190,495761122
20240305,博報堂DYメディアパートナーズ,管理統括,総務部,第三課,2023,202403,4Q,200002,経費,S002,特別,177213950,190469419
20241214,大広,クリエイティブ統括,財務経理部,第二課,2024,202412,3Q,400001,媒体手数料収入,S004,見込,297360649,349365693
20231003,博報堂DYメディアパートナーズ,営業統括,クリエイティブ部,第三課,2023,202310,3Q,500002,媒体社リベート,S002,特別,430073523,426150756
20240207,大広,デジタル統括,財務経理部,運用課,2023,202402,4Q,300002,経常利益,S005,確定,484118331,499742362
20240804,大広,クリエイティブ統括,財務経理部,運用課,2024,202408,2Q,400001,媒体手数料収入,S002,特別,491888353,436580742
20231002,読売広告社,クリエイティブ統括,財務経理部,第一課,2023,202310,3Q,200003,減価償却費,S004,見込,96977079,96516583
20230410,読売広告社,クリエイティブ統括,財務経理部,運用課,2023,202304,1Q,400003,コンサルティング収入,S003,調整,396045884,311953730
20240922,大広,デジタル統括,クリエイティブ部,運用課,2024,202409,2Q,100001,売上高,S001,通常,466151681,358065345
20240913,博報堂プロダクツ,メディア統括,人事部,運用課,2024,202409,2Q,300002,経常利益,S002,特別,166586063,238115697
20250324,大広,デジタル統括,財務経理部,運用課,2024,202503,4Q,200003,減価償却費,S004,見込,309419583,490199264
20231106,大広,管理統括,財務経理部,第三課,2023,202311,3Q,300001,営業利益,S003,調整,54202298,47601494
20250320,大広,営業統括,第一営業部,管理課,2024,202503,4Q,400001,媒体手数料収入,S005,確定,408035183,351453748
20240405,読売広告社,クリエイティブ統括,第二営業部,第三課,2024,202404,1Q,200003,減価償却費,S001,通常,29584527,42110446
20241223,博報堂,メディア統括,制作部,管理課,2024,202412,3Q,100001,売上高,S004,見込,293535582,308476515
20240505,博報堂,クリエイティブ統括,財務経理部,第二課,2024,202405,1Q,200002,経費,S001,通常,326837923,412498135
20240125,読売広告社,営業統括,人事部,企画課,2023,202401,4Q,400003,コンサルティング収入,S005,確定,368085012,371904250
20250325,博報堂,デジタル統括,経営企画部,推進課,2024,202503,4Q,200003,減価償却費,S003,調整,649158586,480657146
20240304,博報堂プロダクツ,デジタル統括,第二営業部,開発課,2023,202403,4Q,300002,経常利益,S004,見込,18736054,15181471
20240404,博報堂,メディア統括,第一営業部,運用課,2024,202404,1Q,200002,経費,S005,確定,652319788,486930127
20231106,博報堂プロダクツ,メディア統括,財務経理部,推進課,2023,202311,3Q,100003,売上総利益,S004,見込,224480682,243518302
20240702,博報堂プロダクツ,管理統括,人事部,管理課,2024,202407,2Q,200003,減価償却費,S003,調整,402652363,391085833
20231021,博報堂プロダクツ,管理統括,第二営業部,開発課,2023,202310,3Q,300002,経常利益,S005,確定,308774571,457426686
20240528,大広,デジタル統括,クリエイティブ部,企画課,2024,202405,1Q,400003,コンサルティング収入,S003,調整,544395056,389805360
20230711,博報堂,メディア統括,総務部,第二課,2023,202307,2Q,500001,広告主負担金,S001,通常,134259869,214088565
20231121,大広,クリエイティブ統括,クリエイティブ部,開発課,2023,202311,3Q,500001,広告主負担金,S005,確定,594119730,432054806
20240113,博報堂プロダクツ,営業統括,第一営業部,開発課,2023,202401,4Q,100002,売上原価,S004,見込,50521409,37667219
20240621,読売広告社,デジタル統括,デジタルマーケティング部,第三課,2024,202406,1Q,200002,経費,S003,調整,402746378,343331618
20250210,読売広告社,クリエイティブ統括,メディアプランニング部,企画課,2024,202502,4Q,200001,人件費,S004,見込,471982466,465121600
20230901,大広,デジタル統括,メディアプランニング部,第一課,2023,202309,2Q,200001,人件費,S003,調整,82343883,99583793
20230914,大広,営業統括,経営企画部,推進課,2023,202309,2Q,500001,広告主負担金,S001,通常,286080082,309492367
20250223,大広,営業統括,第一営業部,開発課,2024,202502,4Q,400001,媒体手数料収入,S005,確定,75440035,62608290
20241113,博報堂,デジタル統括,第二営業部,推進課,2024,202411,3Q,500002,媒体社リベート,S001,通常,256235027,218893528
20240506,読売広告社,メディア統括,デジタルマーケティング部,企画課,2024,202405,1Q,100003,売上総利益,S001,通常,380178195,293107602
20240312,博報堂プロダクツ,管理統括,第二営業部,第三課,2023,202403,4Q,200001,人件費,S001,通常,188283189,167575434
20230703,博報堂DYメディアパートナーズ,デジタル統括,第二営業部,運用課,2023,202307,2Q,400003,コンサルティング収入,S002,特別,549672617,487960567
20250123,博報堂DYメディアパートナーズ,メディア統括,人事部,推進課,2024,202501,4Q,100001,売上高,S004,見込,173489971,164273010
20230824,博報堂,営業統括,経営企画部,運用課,2023,202308,2Q,200003,減価償却費,S002,特別,2178292,3321175
20230413,大広,デジタル統括,第二営業部,第二課,2023,202304,1Q,100001,売上高,S004,見込,124205362,114052242
20240627,読売広告社,メディア統括,人事部,開発課,2024,202406,1Q,400001,媒体手数料収入,S002,特別,3573850,2609973
20230503,博報堂DYメディアパートナーズ,営業統括,クリエイティブ部,第一課,2023,202305,1Q,400002,制作収入,S005,確定,60368349,71828644
20250210,博報堂DYメディアパートナーズ,メディア統括,第二営業部,管理課,2024,202502,4Q,400001,媒体手数料収入,S002,特別,68142269,50858021
20240311,大広,営業統括,制作部,開発課,2023,202403,4Q,400001,媒体手数料収入,S003,調整,361301328,400142352
20230426,博報堂プロダクツ,メディア統括,第二営業部,第三課,2023,202304,1Q,300002,経常利益,S004,見込,305093792,259062142
20240121,博報堂プロダクツ,メディア統括,総務部,推進課,2023,202401,4Q,100002,売上原価,S004,見込,206058950,169737977
20230620,博報堂プロダクツ,メディア統括,第二営業部,企画課,2023,202306,1Q,200003,減価償却費,S001,通常,128336335,139934161
20231011,博報堂プロダクツ,営業統括,人事部,推進課,2023,202310,3Q,400002,制作収入,S003,調整,479742820,352070613
20240610,博報堂,メディア統括,総務部,推進課,2024,202406,1Q,400003,コンサルティング収入,S005,確定,355766688,389479517
20231114,博報堂DYメディアパートナーズ,クリエイティブ統括,デジタルマーケティング部,推進課,2023,202311,3Q,500001,広告主負担金,S004,見込,3480791,3097791
20240124,大広,管理統括,総務部,運用課,2023,202401,4Q,400002,制作収入,S002,特別,110723949,108836567
20250205,博報堂,クリエイティブ統括,制作部,運用課,2024,202502,4Q,200001,人件費,S004,見込,85615958,79560335
20240720,博報堂,メディア統括,総務部,推進課,2024,202407,2Q,400003,コンサルティング収入,S001,通常,157413613,114851410
20240515,博報堂,デジタル統括,経営企画部,開発課,2024,202405,1Q,500002,媒体社リベート,S001,通常,140794157,162958478
20241121,博報堂プロダクツ,管理統括,第一営業部,第三課,2024,202411,3Q,200002,経費,S003,調整,544417584,444049619
20231211,博報堂,クリエイティブ統括,メディアプランニング部,企画課,2023,202312,3Q,200003,減価償却費,S002,特別,230238851,206353931
20240825,博報堂DYメディアパートナーズ,デジタル統括,制作部,管理課,2024,202408,2Q,100002,売上原価,S001,通常,458183371,337873877
20230816,博報堂,メディア統括,財務経理部,第一課,2023,202308,2Q,200001,人件費,S001,通常,276256385,417637632
20240908,博報堂プロダクツ,デジタル統括,第二営業部,第二課,2024,202409,2Q,200002,経費,S005,確定,192648042,317836316
20241124,読売広告社,営業統括,総務部,第一課,2024,202411,3Q,500002,媒体社リベート,S004,見込,296289807,334814154
20240201,博報堂DYメディアパートナーズ,管理統括,第一営業部,管理課,2023,202402,4Q,500001,広告主負担金,S004,見込,201516295,202704116
20240104,大広,クリエイティブ統括,経営企画部,運用課,2023,202401,4Q,100003,売上総利益,S002,特別,365455399,366694526
20230420,大広,クリエイティブ統括,クリエイティブ部,第二課,2023,202304,1Q,100002,売上原価,S001,通常,125348564,141758235
20230705,博報堂,デジタル統括,人事部,企画課,2023,202307,2Q,300001,営業利益,S004,見込,260147610,394725933
20230902,読売広告社,クリエイティブ統括,人事部,管理課,2023,202309,2Q,300001,営業利益,S003,調整,17847024,17156767
20230910,博報堂DYメディアパートナーズ,デジタル統括,メディアプランニング部,推進課,2023,202309,2Q,200002,経費,S004,見込,203438756,193871509
20230526,博報堂DYメディアパートナーズ,管理統括,第二営業部,第三課,2023,202305,1Q,100003,売上総利益,S001,通常,181825696,228279907
20230527,博報堂プロダクツ,管理統括,メディアプランニング部,開発課,2023,202305,1Q,500001,広告主負担金,S002,特別,292212857,246123675
20240506,博報堂プロダクツ,メディア統括,経営企画部,運用課,2024,202405,1Q,300002,経常利益,S004,見込,445218580,443483656
20230402,博報堂,管理統括,経営企画部,企画課,2023,202304,1Q,400002,制作収入,S003,調整,167486684,130705916
20230610,博報堂,デジタル統括,財務経理部,管理課,2023,202306,1Q,300001,営業利益,S002,特別,410124962,343610180
20231201,博報堂DYメディアパートナーズ,クリエイティブ統括,第二営業部,運用課,2023,202312,3Q,500002,媒体社リベート,S001,通常,260634853,325050967
20230605,博報堂DYメディアパートナーズ,デジタル統括,第一営業部,第一課,2023,202306,1Q,300001,営業利益,S001,通常,101366655,90108515
20230616,博報堂,クリエイティブ統括,制作部,第二課,2023,202306,1Q,400002,制作収入,S002,特別,90329418,101056725
20240816,博報堂プロダクツ,クリエイティブ統括,人事部,推進課,2024,202408,2Q,200003,減価償却費,S002,特別,135290204,197174974
20240610,博報堂,クリエイティブ統括,経営企画部,第二課,2024,202406,1Q,300002,経常利益,S002,特別,221783920,235864642
20230718,博報堂プロダクツ,クリエイティブ統括,人事部,第二課,2023,202307,2Q,200003,減価償却費,S001,通常,171476406,151160883
20230707,読売広告社,営業統括,人事部,第二課,2023,202307,2Q,100001,売上高,S003,調整,12024325,9145204
20240711,博報堂プロダクツ,クリエイティブ統括,メディアプランニング部,第三課,2024,202407,2Q,300001,営業利益,S002,特別,450935268,326709924
20230920,読売広告社,デジタル統括,第一営業部,運用課,2023,202309,2Q,200001,人件費,S003,調整,431978510,385900338
20241213,読売広告社,管理統括,財務経理部,第二課,2024,202412,3Q,100001,売上高,S003,調整,216937741,195826605
20250209,読売広告社,営業統括,人事部,第二課,2024,202502,4Q,100002,売上原価,S002,特別,432441387,449355381
20250105,博報堂DYメディアパートナーズ,営業統括,経営企画部,推進課,2024,202501,4Q,500002,媒体社リベート,S001,通常,282823519,230086738
20230619,博報堂DYメディアパートナーズ,クリエイティブ統括,財務経理部,企画課,2023,202306,1Q,500001,広告主負担金,S001,通常,165826879,182558535
20241121,大広,デジタル統括,経営企画部,第三課,2024,202411,3Q,500001,広告主負担金,S005,確定,245105181,365561752
20241107,大広,クリエイティブ統括,デジタルマーケティング部,第一課,2024,202411,3Q,400002,制作収入,S003,調整,469435376,434779993
20240102,大広,メディア統括,経営企画部,運用課,2023,202401,4Q,400002,制作収入,S003,調整,165280407,127009822
20241219,博報堂,管理統括,第二営業部,第三課,2024,202412,3Q,100001,売上高,S005,確定,202740043,148453477
20250222,読売広告社,メディア統括,総務部,運用課,2024,202502,4Q,400001,媒体手数料収入,S003,調整,289507851,292695061
20240801,大広,営業統括,人事部,第二課,2024,202408,2Q,400003,コンサルティング収入,S003,調整,219544610,343333152
20240425,読売広告社,メディア統括,第一営業部,第二課,2024,202404,1Q,200003,減価償却費,S005,確定,109063517,118392388
20240611,大広,デジタル統括,デジタルマーケティング部,開発課,2024,202406,1Q,200003,減価償却費,S002,特別,131686174,199723086
20240312,博報堂プロダクツ,クリエイティブ統括,経営企画部,開発課,2023,202403,4Q,500002,媒体社リベート,S003,調整,168898168,194654596
20230502,大広,クリエイティブ統括,制作部,管理課,2023,202305,1Q,100003,売上総利益,S002,特別,81593720,91090143
20230821,大広,営業統括,クリエイティブ部,第一課,2023,202308,2Q,500002,媒体社リベート,S002,特別,230713233,183791872
20241111,読売広告社,デジタル統括,第一営業部,企画課,2024,202411,3Q,300001,営業利益,S004,見込,390407686,409682287
20250312,博報堂,クリエイティブ統括,第一営業部,第二課,2024,202503,4Q,200002,経費,S003,調整,594432097,480002614
20230511,大広,管理統括,人事部,推進課,2023,202305,1Q,200003,減価償却費,S005,確定,132336792,169671365
20240827,博報堂プロダクツ,営業統括,デジタルマーケティング部,企画課,2024,202408,2Q,300002,経常利益,S003,調整,129488743,176566372
20240421,読売広告社,クリエイティブ統括,経営企画部,開発課,2024,202404,1Q,200002,経費,S005,確定,333837498,454526150
20240719,博報堂,クリエイティブ統括,メディアプランニング部,第二課,2024,202407,2Q,300002,経常利益,S003,調整,347785001,469920360
20230918,大広,メディア統括,制作部,企画課,2023,202309,2Q,300001,営業利益,S002,特別,565211665,432394907
20241209,読売広告社,デジタル統括,メディアプランニング部,企画課,2024,202412,3Q,200001,人件費,S005,確定,199600686,165824419
20231122,読売広告社,クリエイティブ統括,総務部,開発課,2023,202311,3Q,500002,媒体社リベート,S004,見込,68020302,88941555
20230913,博報堂,管理統括,第一営業部,第一課,2023,202309,2Q,100002,売上原価,S003,調整,329970205,275081388
20240309,博報堂プロダクツ,管理統括,第一営業部,管理課,2023,202403,4Q,500001,広告主負担金,S003,調整,45913366,57860204
20240817,博報堂,管理統括,経営企画部,企画課,2024,202408,2Q,500002,媒体社リベート,S004,見込,202515053,153226884
20240205,博報堂,クリエイティブ統括,財務経理部,管理課,2023,202402,4Q,100003,売上総利益,S002,特別,384522365,343375541
20240413,博報堂DYメディアパートナーズ,デジタル統括,クリエイティブ部,管理課,2024,202404,1Q,300002,経常利益,S002,特別,138680203,135859438
20230922,博報堂プロダクツ,管理統括,デジタルマーケティング部,管理課,2023,202309,2Q,200003,減価償却費,S003,調整,48673666,70167792
20240402,博報堂DYメディアパートナーズ,メディア統括,第二営業部,運用課,2024,202404,1Q,100003,売上総利益,S002,特別,186359618,171975306
20231114,博報堂DYメディアパートナーズ,クリエイティブ統括,デジタルマーケティング部,第一課,2023,202311,3Q,400002,制作収入,S002,特別,362419082,282918700
20231205,博報堂プロダクツ,管理統括,制作部,開発課,2023,202312,3Q,400002,制作収入,S003,調整,95896166,93293051
20230807,読売広告社,管理統括,人事部,管理課,2023,202308,2Q,400002,制作収入,S004,見込,87855583,116610827
20231215,博報堂プロダクツ,メディア統括,デジタルマーケティング部,第一課,2023,202312,3Q,100003,売上総利益,S003,調整,335857300,368320553
20230614,博報堂DYメディアパートナーズ,管理統括,財務経理部,推進課,2023,202306,1Q,200001,人件費,S005,確定,315126551,434124656
20240402,博報堂プロダクツ,メディア統括,デジタルマーケティング部,第一課,2024,202404,1Q,100002,売上原価,S001,通常,36153485,29252362
20231118,博報堂,メディア統括,クリエイティブ部,開発課,2023,202311,3Q,200002,経費,S002,特別,208919990,158162113
20240616,博報堂,管理統括,人事部,第三課,2024,202406,1Q,400003,コンサルティング収入,S004,見込,57074830,86160786
20230620,博報堂DYメディアパートナーズ,管理統括,第二営業部,第三課,2023,202306,1Q,300002,経常利益,S003,調整,113013689,172034588
20250112,読売広告社,デジタル統括,デジタルマーケティング部,第三課,2024,202501,4Q,100002,売上原価,S002,特別,344063798,403217728
20250107,読売広告社,営業統括,第一営業部,運用課,2024,202501,4Q,100001,売上高,S002,特別,620176784,460271538
20240507,大広,管理統括,メディアプランニング部,企画課,2024,202405,1Q,400003,コンサルティング収入,S001,通常,180277603,216816833
20230824,博報堂プロダクツ,クリエイティブ統括,人事部,第一課,2023,202308,2Q,100001,売上高,S003,調整,5788499,4612460
20230919,博報堂プロダクツ,メディア統括,クリエイティブ部,運用課,2023,202309,2Q,300002,経常利益,S002,特別,175419584,291156018
20230918,読売広告社,管理統括,総務部,開発課,2023,202309,2Q,300001,営業利益,S001,通常,66901282,80552271
20240216,博報堂DYメディアパートナーズ,営業統括,総務部,企画課,2023,202402,4Q,500002,媒体社リベート,S005,確定,305067959,460865269
20230925,博報堂プロダクツ,デジタル統括,第一営業部,第三課,2023,202309,2Q,100001,売上高,S004,見込,168470923,131422662
20230420,大広,メディア統括,経営企画部,第三課,2023,202304,1Q,500002,媒体社リベート,S004,見込,327612404,279321736
20240310,博報堂,デジタル統括,制作部,第二課,2023,202403,4Q,100002,売上原価,S004,見込,181352518,255871474
20241023,博報堂プロダクツ,営業統括,制作部,第一課,2024,202410,3Q,100001,売上高,S004,見込,14280792,22024469
20240514,博報堂,営業統括,財務経理部,第一課,2024,202405,1Q,100002,売上原価,S005,確定,153223198,115695533
20241021,大広,管理統括,クリエイティブ部,推進課,2024,202410,3Q,300002,経常利益,S004,見込,329361746,244401698
20240912,読売広告社,営業統括,制作部,管理課,2024,202409,2Q,200001,人件費,S005,確定,55409375,44654524
20240608,読売広告社,管理統括,デジタルマーケティング部,開発課,2024,202406,1Q,500001,広告主負担金,S003,調整,398508038,370753626
20240713,大広,デジタル統括,経営企画部,管理課,2024,202407,2Q,400003,コンサルティング収入,S002,特別,11101529,11719075
20240519,博報堂,クリエイティブ統括,財務経理部,第二課,2024,202405,1Q,400003,コンサルティング収入,S004,見込,337787463,425062952
20230714,博報堂プロダクツ,メディア統括,経営企画部,第三課,2023,202307,2Q,500002,媒体社リベート,S002,特別,194971213,205973260
20250122,大広,管理統括,経営企画部,第二課,2024,202501,4Q,200002,経費,S005,確定,260670004,415075977
20230510,大広,営業統括,デジタルマーケティング部,管理課,2023,202305,1Q,300002,経常利益,S005,確定,337193559,271824629
20240703,大広,メディア統括,第一営業部,第一課,2024,202407,2Q,100003,売上総利益,S001,通常,113657563,172870101
20230708,博報堂プロダクツ,営業統括,総務部,運用課,2023,202307,2Q,500002,媒体社リベート,S004,見込,285576732,450907002
20231218,読売広告社,クリエイティブ統括,人事部,第一課,2023,202312,3Q,500001,広告主負担金,S001,通常,115567436,170489025
20240808,博報堂プロダクツ,クリエイティブ統括,クリエイティブ部,第三課,2024,202408,2Q,300002,経常利益,S005,確定,103331121,98630511
20230407,博報堂プロダクツ,営業統括,経営企画部,第一課,2023,202304,1Q,400003,コンサルティング収入,S005,確定,171382772,239197578
20241222,博報堂DYメディアパートナーズ,管理統括,総務部,第三課,2024,202412,3Q,100003,売上総利益,S005,確定,944485,1241367
20230501,博報堂DYメディアパートナーズ,営業統括,人事部,管理課,2023,202305,1Q,300001,営業利益,S003,調整,165776705,137469488
20230906,博報堂DYメディアパートナーズ,管理統括,メディアプランニング部,企画課,2023,202309,2Q,500001,広告主負担金,S002,特別,239607302,185019887
20250105,博報堂プロダクツ,管理統括,財務経理部,管理課,2024,202501,4Q,100002,売上原価,S003,調整,61995426,83053290
20240425,大広,メディア統括,クリエイティブ部,第二課,2024,202404,1Q,500002,媒体社リベート,S005,確定,41180425,43615262
20231201,読売広告社,クリエイティブ統括,総務部,企画課,2023,202312,3Q,400002,制作収入,S003,調整,243191029,212042127
20241023,博報堂DYメディアパートナーズ,クリエイティブ統括,デジタルマーケティング部,企画課,2024,202410,3Q,200001,人件費,S001,通常,65534968,82722186
20240717,大広,管理統括,経営企画部,第二課,2024,202407,2Q,100002,売上原価,S001,通常,312330282,315976159
20240926,博報堂プロダクツ,クリエイティブ統括,制作部,推進課,2024,202409,2Q,300001,営業利益,S005,確定,420438911,322570457
20240320,博報堂,デジタル統括,人事部,推進課,2023,202403,4Q,400003,コンサルティング収入,S005,確定,274176984,261168508
20230908,博報堂DYメディアパートナーズ,メディア統括,総務部,運用課,2023,202309,2Q,100001,売上高,S001,通常,235540459,330593355
20231118,博報堂プロダクツ,デジタル統括,制作部,運用課,2023,202311,3Q,400002,制作収入,S003,調整,247261271,233594793
20240808,博報堂プロダクツ,管理統括,デジタルマーケティング部,管理課,2024,202408,2Q,400001,媒体手数料収入,S004,見込,401560739,309149433
20230916,読売広告社,クリエイティブ統括,制作部,第二課,2023,202309,2Q,500002,媒体社リベート,S005,確定,103574996,97518980
20230920,読売広告社,管理統括,経営企画部,運用課,2023,202309,2Q,200001,人件費,S001,通常,289039305,400505349
20230504,博報堂DYメディアパートナーズ,管理統括,人事部,第一課,2023,202305,1Q,500001,広告主負担金,S003,調整,93570133,146635343
20230828,大広,クリエイティブ統括,第二営業部,企画課,2023,202308,2Q,200002,経費,S002,特別,183991379,264806658
20230705,博報堂,クリエイティブ統括,クリエイティブ部,開発課,2023,202307,2Q,500001,広告主負担金,S002,特別,267637161,426665528
20231125,博報堂プロダクツ,クリエイティブ統括,デジタルマーケティング部,企画課,2023,202311,3Q,100003,売上総利益,S005,確定,489364813,487602877
20240524,博報堂DYメディアパートナーズ,クリエイティブ統括,第一営業部,第二課,2024,202405,1Q,100003,売上総利益,S005,確定,242452334,344971195
20241019,大広,営業統括,クリエイティブ部,推進課,2024,202410,3Q,500002,媒体社リベート,S003,調整,288275641,249183050
20230913,博報堂,営業統括,メディアプランニング部,第二課,2023,202309,2Q,500002,媒体社リベート,S004,見込,387060314,283156917
20240107,博報堂DYメディアパートナーズ,営業統括,総務部,推進課,2023,202401,4Q,500002,媒体社リベート,S004,見込,50429687,43897714
20240218,大広,営業統括,第二営業部,企画課,2023,202402,4Q,400003,コンサルティング収入,S003,調整,172103401,204376479
20240705,読売広告社,デジタル統括,人事部,推進課,2024,202407,2Q,200002,経費,S004,見込,230403317,292806947
20241206,大広,クリエイティブ統括,第一営業部,第一課,2024,202412,3Q,400001,媒体手数料収入,S004,見込,23544287,20841185
20241119,博報堂プロダクツ,メディア統括,人事部,第二課,2024,202411,3Q,200003,減価償却費,S002,特別,538941754,395976496
20241110,博報堂,営業統括,デジタルマーケティング部,推進課,2024,202411,3Q,200002,経費,S001,通常,118315524,90333772
20231209,大広,管理統括,第二営業部,推進課,2023,202312,3Q,300001,営業利益,S001,通常,106963863,155594396
20240121,読売広告社,管理統括,制作部,運用課,2023,202401,4Q,300002,経常利益,S003,調整,107601740,94537342
20240706,読売広告社,管理統括,財務経理部,第二課,2024,202407,2Q,200001,人件費,S004,見込,144340820,228962238
20230819,博報堂,クリエイティブ統括,制作部,管理課,2023,202308,2Q,100001,売上高,S004,見込,393896705,384715938
20241028,読売広告社,デジタル統括,第一営業部,第一課,2024,202410,3Q,100002,売上原価,S003,調整,33490114,41339015
20241023,博報堂,クリエイティブ統括,デジタルマーケティング部,推進課,2024,202410,3Q,100001,売上高,S001,通常,530836475,395138344
20231214,博報堂,メディア統括,デジタルマーケティング部,第一課,2023,202312,3Q,500002,媒体社リベート,S002,特別,577671458,416420215
20231021,大広,クリエイティブ統括,制作部,推進課,2023,202310,3Q,400003,コンサルティング収入,S003,調整,223020803,199206681
20241227,博報堂DYメディアパートナーズ,メディア統括,総務部,運用課,2024,202412,3Q,400002,制作収入,S003,調整,364914337,388568150
20231215,博報堂プロダクツ,メディア統括,財務経理部,企画課,2023,202312,3Q,200001,人件費,S003,調整,293176335,483042892
20240218,博報堂DYメディアパートナーズ,クリエイティブ統括,総務部,運用課,2023,202402,4Q,400002,制作収入,S004,見込,329060307,412711553
20250302,博報堂プロダクツ,管理統括,クリエイティブ部,第二課,2024,202503,4Q,100002,売上原価,S004,見込,545208604,439602875
20231003,読売広告社,メディア統括,メディアプランニング部,第三課,2023,202310,3Q,500002,媒体社リベート,S001,通常,601059612,492109666
20230808,博報堂,営業統括,クリエイティブ部,推進課,2023,202308,2Q,400002,制作収入,S004,見込,286652943,332806707
20240701,博報堂プロダクツ,デジタル統括,第一営業部,第一課,2024,202407,2Q,400001,媒体手数料収入,S003,調整,397409207,365082159
20241014,読売広告社,デジタル統括,人事部,第三課,2024,202410,3Q,300002,経常利益,S003,調整,188096965,165419949
20240525,大広,管理統括,人事部,企画課,2024,202405,1Q,100003,売上総利益,S002,特別,174606743,174176432
20230519,博報堂,クリエイティブ統括,第一営業部,第三課,2023,202305,1Q,100001,売上高,S002,特別,269254776,244232237
20240907,大広,メディア統括,経営企画部,推進課,2024,202409,2Q,500001,広告主負担金,S003,調整,209383423,245601412
20240926,読売広告社,営業統括,第一営業部,企画課,2024,202409,2Q,200003,減価償却費,S003,調整,44110361,56174311
20240921,博報堂DYメディアパートナーズ,クリエイティブ統括,第一営業部,第二課,2024,202409,2Q,200002,経費,S005,確定,92786829,117237913
20250315,博報堂,メディア統括,デジタルマーケティング部,推進課,2024,202503,4Q,100002,売上原価,S001,通常,324178946,288734083
20231024,博報堂DYメディアパートナーズ,デジタル統括,総務部,運用課,2023,202310,3Q,400003,コンサルティング収入,S004,見込,438138100,315173857
20241016,博報堂DYメディアパートナーズ,管理統括,クリエイティブ部,運用課,2024,202410,3Q,300001,営業利益,S002,特別,74045977,87225208
20240719,読売広告社,メディア統括,メディアプランニング部,推進課,2024,202407,2Q,100002,売上原価,S001,通常,239822536,334913458
20240525,博報堂,デジタル統括,制作部,開発課,2024,202405,1Q,500001,広告主負担金,S002,特別,210370686,179719664
20230812,博報堂DYメディアパートナーズ,メディア統括,人事部,第一課,2023,202308,2Q,100003,売上総利益,S003,調整,43921871,42459315
20240311,博報堂,営業統括,財務経理部,第二課,2023,202403,4Q,100002,売上原価,S003,調整,268463927,411332040
20231218,読売広告社,営業統括,総務部,第一課,2023,202312,3Q,500001,広告主負担金,S005,確定,99417385,98794236
20230710,博報堂プロダクツ,メディア統括,経営企画部,推進課,2023,202307,2Q,200001,人件費,S001,通常,197659607,172043039
20250210,大広,営業統括,第二営業部,第一課,2024,202502,4Q,200002,経費,S003,調整,464637960,399644712
20240514,博報堂,営業統括,第二営業部,第一課,2024,202405,1Q,400001,媒体手数料収入,S003,調整,105673606,140224678
20250216,大広,メディア統括,人事部,推進課,2024,202502,4Q,200001,人件費,S005,確定,319984481,238745980
20230623,大広,営業統括,第二営業部,運用課,2023,202306,1Q,200001,人件費,S004,見込,155602889,129353016
20231116,大広,デジタル統括,総務部,推進課,2023,202311,3Q,300002,経常利益,S001,通常,80526276,84822553
20230627,大広,デジタル統括,人事部,第三課,2023,202306,1Q,300001,営業利益,S005,確定,121630650,90185820
20240706,博報堂プロダクツ,デジタル統括,クリエイティブ部,第一課,2024,202407,2Q,500002,媒体社リベート,S002,特別,293574306,297102325
20230811,大広,クリエイティブ統括,クリエイティブ部,第三課,2023,202308,2Q,400003,コンサルティング収入,S005,確定,222769936,316355976
20230910,博報堂DYメディアパートナーズ,クリエイティブ統括,財務経理部,第三課,2023,202309,2Q,200001,人件費,S005,確定,666843536,478176524
20241028,読売広告社,デジタル統括,人事部,推進課,2024,202410,3Q,400002,制作収入,S004,見込,140100822,154410488
20250325,大広,営業統括,人事部,管理課,2024,202503,4Q,100002,売上原価,S002,特別,93377519,77723067
20230906,大広,デジタル統括,第一営業部,推進課,2023,202309,2Q,200003,減価償却費,S001,通常,429917963,414311638
20230424,大広,管理統括,クリエイティブ部,第三課,2023,202304,1Q,200001,人件費,S003,調整,322774792,442662129
20250304,読売広告社,管理統括,財務経理部,第一課,2024,202503,4Q,400003,コンサルティング収入,S002,特別,490305423,353207477
20231116,博報堂,デジタル統括,デジタルマーケティング部,第三課,2023,202311,3Q,200003,減価償却費,S004,見込,32446133,46706564
20250212,博報堂プロダクツ,営業統括,人事部,管理課,2024,202502,4Q,100002,売上原価,S003,調整,229345241,192400770
20240612,読売広告社,クリエイティブ統括,人事部,管理課,2024,202406,1Q,500002,媒体社リベート,S005,確定,86104404,89178206
20250107,博報堂,管理統括,メディアプランニング部,第一課,2024,202501,4Q,300002,経常利益,S005,確定,465963531,475666837
20240320,博報堂,クリエイティブ統括,メディアプランニング部,管理課,2023,202403,4Q,200003,減価償却費,S004,見込,40856634,37401897
20241009,読売広告社,管理統括,第一営業部,推進課,2024,202410,3Q,400001,媒体手数料収入,S001,通常,49762203,36654611
20240801,大広,デジタル統括,第一営業部,企画課,2024,202408,2Q,400002,制作収入,S003,調整,189653609,161015602
20240201,博報堂DYメディアパートナーズ,デジタル統括,クリエイティブ部,推進課,2023,202402,4Q,400002,制作収入,S004,見込,334302241,451710765
20250124,博報堂,営業統括,メディアプランニング部,第二課,2024,202501,4Q,300002,経常利益,S005,確定,289676831,252119041
20230710,大広,営業統括,人事部,運用課,2023,202307,2Q,200001,人件費,S002,特別,262648226,326100589
20240628,博報堂プロダクツ,メディア統括,メディアプランニング部,第一課,2024,202406,1Q,400003,コンサルティング収入,S004,見込,218429384,247885659
20240809,博報堂プロダクツ,クリエイティブ統括,デジタルマーケティング部,推進課,2024,202408,2Q,400002,制作収入,S002,特別,215433698,227190768
20240814,読売広告社,メディア統括,財務経理部,第二課,2024,202408,2Q,500002,媒体社リベート,S002,特別,170700399,261329767
20231007,博報堂DYメディアパートナーズ,管理統括,メディアプランニング部,運用課,2023,202310,3Q,500001,広告主負担金,S005,確定,416127810,376051876
20240926,読売広告社,メディア統括,クリエイティブ部,管理課,2024,202409,2Q,400002,制作収入,S005,確定,85260975,90054450
20250303,博報堂DYメディアパートナーズ,メディア統括,デジタルマーケティング部,企画課,2024,202503,4Q,200002,経費,S001,通常,364562709,476959131
20240704,大広,デジタル統括,人事部,管理課,2024,202407,2Q,400001,媒体手数料収入,S002,特別,366694070,289323416
20231023,博報堂プロダクツ,管理統括,第一営業部,企画課,2023,202310,3Q,300002,経常利益,S004,見込,87547899,105257557
20250219,博報堂DYメディアパートナーズ,デジタル統括,財務経理部,第三課,2024,202502,4Q,300002,経常利益,S004,見込,3737394,5348960
20240623,博報堂プロダクツ,クリエイティブ統括,クリエイティブ部,管理課,2024,202406,1Q,500002,媒体社リベート,S003,調整,261345915,205847146
20240821,読売広告社,クリエイティブ統括,制作部,推進課,2024,202408,2Q,300002,経常利益,S001,通常,27488160,20380873
20240806,博報堂プロダクツ,クリエイティブ統括,第二営業部,開発課,2024,202408,2Q,300001,営業利益,S005,確定,443794016,460345982
20241101,博報堂プロダクツ,クリエイティブ統括,人事部,企画課,2024,202411,3Q,400003,コンサルティング収入,S005,確定,120062706,175864143
20240620,博報堂DYメディアパートナーズ,クリエイティブ統括,制作部,開発課,2024,202406,1Q,400002,制作収入,S004,見込,263183075,437996217
20250320,博報堂DYメディアパートナーズ,クリエイティブ統括,財務経理部,第二課,2024,202503,4Q,300001,営業利益,S001,通常,164562943,148558668
20231227,読売広告社,管理統括,デジタルマーケティング部,運用課,2023,202312,3Q,300002,経常利益,S004,見込,205135038,326644952
20240915,読売広告社,クリエイティブ統括,メディアプランニング部,第二課,2024,202409,2Q,200002,経費,S004,見込,404946805,428978374
20241118,博報堂プロダクツ,デジタル統括,制作部,開発課,2024,202411,3Q,200003,減価償却費,S005,確定,666028550,483488287
20230819,読売広告社,管理統括,総務部,第三課,2023,202308,2Q,300001,営業利益,S004,見込,55626095,57050231
20230715,博報堂DYメディアパートナーズ,メディア統括,クリエイティブ部,第二課,2023,202307,2Q,300002,経常利益,S001,通常,455493512,478776630
20230805,博報堂プロダクツ,営業統括,第一営業部,第三課,2023,202308,2Q,100003,売上総利益,S004,見込,207086199,271777172
20230920,博報堂プロダクツ,メディア統括,経営企画部,開発課,2023,202309,2Q,200003,減価償却費,S005,確定,261101066,358650219
20240508,大広,クリエイティブ統括,制作部,第一課,2024,202405,1Q,200002,経費,S004,見込,24294401,28186183
20230502,読売広告社,デジタル統括,総務部,第二課,2023,202305,1Q,400001,媒体手数料収入,S003,調整,3039004,2702037
20240317,博報堂DYメディアパートナーズ,デジタル統括,経営企画部,管理課,2023,202403,4Q,400002,制作収入,S004,見込,464142401,427594029
20240718,読売広告社,メディア統括,デジタルマーケティング部,第二課,2024,202407,2Q,500002,媒体社リベート,S001,通常,144985085,156876455
20240303,博報堂DYメディアパートナーズ,営業統括,経営企画部,企画課,2023,202403,4Q,400002,制作収入,S002,特別,66510165,100432256
20231115,博報堂プロダクツ,管理統括,経営企画部,管理課,2023,202311,3Q,300001,営業利益,S002,特別,667968459,496720531
20240720,博報堂DYメディアパートナーズ,メディア統括,第一営業部,運用課,2024,202407,2Q,400001,媒体手数料収入,S004,見込,187246171,228248988
20250124,博報堂プロダクツ,デジタル統括,デジタルマーケティング部,開発課,2024,202501,4Q,200001,人件費,S004,見込,594084663,473454599
20240712,読売広告社,管理統括,メディアプランニング部,管理課,2024,202407,2Q,500002,媒体社リベート,S003,調整,460739913,451596848
20240716,大広,メディア統括,総務部,企画課,2024,202407,2Q,200002,経費,S002,特別,385291421,290188664
20250319,博報堂DYメディアパートナーズ,クリエイティブ統括,制作部,第三課,2024,202503,4Q,100002,売上原価,S005,確定,285324741,241265609
20231125,博報堂プロダクツ,管理統括,制作部,運用課,2023,202311,3Q,400002,制作収入,S002,特別,98055655,88861143
20240510,読売広告社,デジタル統括,総務部,推進課,2024,202405,1Q,200002,経費,S003,調整,105817385,79923827
20240313,読売広告社,メディア統括,第一営業部,第一課,2023,202403,4Q,100002,売上原価,S002,特別,126735944,174984109
20240608,読売広告社,メディア統括,第一営業部,運用課,2024,202406,1Q,500002,媒体社リベート,S001,通常,302856316,470668096
20240304,博報堂DYメディアパートナーズ,メディア統括,デジタルマーケティング部,企画課,2023,202403,4Q,400002,制作収入,S002,特別,133955599,140728393
20240410,博報堂プロダクツ,管理統括,総務部,第三課,2024,202404,1Q,500002,媒体社リベート,S002,特別,82263746,62721819
20230907,博報堂DYメディアパートナーズ,デジタル統括,人事部,開発課,2023,202309,2Q,100002,売上原価,S003,調整,325866297,343758371
20241003,博報堂DYメディアパートナーズ,デジタル統括,メディアプランニング部,管理課,2024,202410,3Q,400002,制作収入,S004,見込,222489133,238001153
20230610,読売広告社,営業統括,第二営業部,企画課,2023,202306,1Q,300001,営業利益,S003,調整,230372421,167781319
20230409,博報堂DYメディアパートナーズ,デジタル統括,財務経理部,推進課,2023,202304,1Q,300002,経常利益,S005,確定,486049840,377951776
20231107,博報堂プロダクツ,メディア統括,デジタルマーケティング部,企画課,2023,202311,3Q,300002,経常利益,S003,調整,97231784,122354918
20230411,博報堂プロダクツ,デジタル統括,人事部,推進課,2023,202304,1Q,100003,売上総利益,S005,確定,312057758,396582683
20240404,博報堂プロダクツ,デジタル統括,第一営業部,第一課,2024,202404,1Q,500001,広告主負担金,S001,通常,489050507,468914635
20230507,博報堂DYメディアパートナーズ,営業統括,メディアプランニング部,運用課,2023,202305,1Q,500002,媒体社リベート,S001,通常,62424700,47957094
20231114,博報堂DYメディアパートナーズ,デジタル統括,第二営業部,第三課,2023,202311,3Q,100003,売上総利益,S005,確定,153852161,133879926
20240627,読売広告社,クリエイティブ統括,経営企画部,運用課,2024,202406,1Q,400001,媒体手数料収入,S004,見込,524125004,466265727
20250313,博報堂プロダクツ,クリエイティブ統括,財務経理部,運用課,2024,202503,4Q,200001,人件費,S001,通常,385824747,416207550
20231023,大広,クリエイティブ統括,第一営業部,開発課,2023,202310,3Q,200001,人件費,S005,確定,112561151,80513138
20240919,博報堂プロダクツ,管理統括,財務経理部,第三課,2024,202409,2Q,100001,売上高,S001,通常,239036850,248593675
20241017,博報堂DYメディアパートナーズ,営業統括,メディアプランニング部,第三課,2024,202410,3Q,300002,経常利益,S002,特別,360644093,337989087
20240704,博報堂DYメディアパートナーズ,営業統括,メディアプランニング部,運用課,2024,202407,2Q,500001,広告主負担金,S003,調整,297855030,248635350
20230809,読売広告社,営業統括,財務経理部,運用課,2023,202308,2Q,100003,売上総利益,S005,確定,617294771,457483505
20231216,博報堂DYメディアパートナーズ,クリエイティブ統括,人事部,運用課,2023,202312,3Q,500001,広告主負担金,S003,調整,273771492,196924367
20240814,読売広告社,メディア統括,総務部,第三課,2024,202408,2Q,400002,制作収入,S003,調整,357655646,479989922
20240518,大広,管理統括,人事部,第二課,2024,202405,1Q,200001,人件費,S003,調整,32932206,49915340
20250119,大広,デジタル統括,人事部,推進課,2024,202501,4Q,200003,減価償却費,S001,通常,190136509,159108308
20250209,読売広告社,デジタル統括,デジタルマーケティング部,企画課,2024,202502,4Q,200001,人件費,S004,見込,131503559,111218327
20231122,読売広告社,管理統括,財務経理部,運用課,2023,202311,3Q,300001,営業利益,S003,調整,147025949,113924021
20241106,読売広告社,管理統括,制作部,管理課,2024,202411,3Q,300001,営業利益,S005,確定,149584940,183039624
20231226,博報堂DYメディアパートナーズ,管理統括,経営企画部,運用課,2023,202312,3Q,100001,売上高,S004,見込,336096590,454624246
20241019,読売広告社,デジタル統括,第二営業部,第二課,2024,202410,3Q,100002,売上原価,S002,特別,35982892,46970863
20240507,大広,管理統括,経営企画部,推進課,2024,202405,1Q,400002,制作収入,S001,通常,592348532,438914103
20241208,博報堂,営業統括,財務経理部,管理課,2024,202412,3Q,400003,コンサルティング収入,S002,特別,222183034,328676040
20240517,大広,管理統括,人事部,企画課,2024,202405,1Q,500002,媒体社リベート,S004,見込,348382605,349000733
20231219,博報堂DYメディアパートナーズ,メディア統括,制作部,第三課,2023,202312,3Q,400001,媒体手数料収入,S001,通常,106603035,149831574
20231214,博報堂DYメディアパートナーズ,管理統括,クリエイティブ部,第二課,2023,202312,3Q,100003,売上総利益,S005,確定,319158915,287358952
20230905,博報堂,営業統括,総務部,企画課,2023,202309,2Q,100002,売上原価,S005,確定,354831425,270122107
20240419,読売広告社,デジタル統括,クリエイティブ部,第三課,2024,202404,1Q,400002,制作収入,S005,確定,535034699,399519203
20250220,博報堂,管理統括,第一営業部,企画課,2024,202502,4Q,500002,媒体社リベート,S005,確定,447968780,386005436
20231123,大広,クリエイティブ統括,制作部,第一課,2023,202311,3Q,400002,制作収入,S001,通常,447784459,433378774
20240601,博報堂プロダクツ,営業統括,第一営業部,推進課,2024,202406,1Q,400001,媒体手数料収入,S003,調整,102445775,117383984
20230909,読売広告社,管理統括,第一営業部,開発課,2023,202309,2Q,200002,経費,S002,特別,238171590,228083199
20230514,読売広告社,管理統括,第一営業部,運用課,2023,202305,1Q,200002,経費,S003,調整,311632590,289868847
20241210,博報堂,デジタル統括,第一営業部,第二課,2024,202412,3Q,200002,経費,S001,通常,188036556,203212635
20231115,博報堂,デジタル統括,総務部,推進課,2023,202311,3Q,200002,経費,S002,特別,56942893,66812043
20250227,博報堂,営業統括,デジタルマーケティング部,運用課,2024,202502,4Q,400001,媒体手数料収入,S005,確定,180557952,207987059
20230528,博報堂DYメディアパートナーズ,デジタル統括,経営企画部,第一課,2023,202305,1Q,300002,経常利益,S005,確定,440644867,372870640
20230715,博報堂プロダクツ,デジタル統括,メディアプランニング部,第一課,2023,202307,2Q,400003,コンサルティング収入,S005,確定,393501163,323930459
20230703,博報堂プロダクツ,クリエイティブ統括,第二営業部,第二課,2023,202307,2Q,400001,媒体手数料収入,S005,確定,291911666,286658656
20230622,博報堂DYメディアパートナーズ,メディア統括,メディアプランニング部,第三課,2023,202306,1Q,400003,コンサルティング収入,S003,調整,562590065,438212566
20240727,博報堂プロダクツ,管理統括,第二営業部,第二課,2024,202407,2Q,200003,減価償却費,S001,通常,388802886,416020413
20230903,博報堂,クリエイティブ統括,制作部,管理課,2023,202309,2Q,400001,媒体手数料収入,S004,見込,383272790,460937619
20231210,大広,営業統括,制作部,第三課,2023,202312,3Q,400002,制作収入,S004,見込,230665042,374716582
20240311,博報堂,デジタル統括,第二営業部,第一課,2023,202403,4Q,500001,広告主負担金,S001,通常,431098727,466395834
20231020,博報堂DYメディアパートナーズ,メディア統括,第二営業部,第二課,2023,202310,3Q,500001,広告主負担金,S003,調整,397174565,297694167
20250309,読売広告社,クリエイティブ統括,制作部,運用課,2024,202503,4Q,100002,売上原価,S005,確定,183460159,293758283
20230723,博報堂,デジタル統括,人事部,管理課,2023,202307,2Q,200003,減価償却費,S004,見込,601072631,495806547
20230628,博報堂DYメディアパートナーズ,メディア統括,第二営業部,第三課,2023,202306,1Q,500001,広告主負担金,S003,調整,162986761,154205166
20230827,大広,メディア統括,総務部,開発課,2023,202308,2Q,400002,制作収入,S002,特別,398956835,389143048
20240727,博報堂プロダクツ,メディア統括,クリエイティブ部,企画課,2024,202407,2Q,500001,広告主負担金,S001,通常,577139521,430490188
20240925,博報堂,営業統括,クリエイティブ部,第一課,2024,202409,2Q,100002,売上原価,S001,通常,329948354,310965414
20230623,博報堂DYメディアパートナーズ,メディア統括,メディアプランニング部,開発課,2023,202306,1Q,200003,減価償却費,S003,調整,397720883,295355199
20240116,読売広告社,デジタル統括,制作部,管理課,2023,202401,4Q,400002,制作収入,S002,特別,400736296,293692113
20250106,読売広告社,クリエイティブ統括,クリエイティブ部,推進課,2024,202501,4Q,100001,売上高,S005,確定,4136506,3009250
20240806,読売広告社,管理統括,人事部,推進課,2024,202408,2Q,400002,制作収入,S004,見込,283927336,212405935
20241020,大広,管理統括,経営企画部,開発課,2024,202410,3Q,400001,媒体手数料収入,S002,特別,64267623,53638757
20250224,読売広告社,管理統括,総務部,第二課,2024,202502,4Q,100003,売上総利益,S003,調整,336736620,277516209
20240207,大広,クリエイティブ統括,人事部,開発課,2023,202402,4Q,200002,経費,S005,確定,212059602,155853789
20240219,博報堂,営業統括,制作部,企画課,2023,202402,4Q,200003,減価償却費,S004,見込,113980763,187611290
20240922,博報堂,クリエイティブ統括,人事部,第三課,2024,202409,2Q,100001,売上高,S005,確定,405688742,450756955
20231214,博報堂プロダクツ,クリエイティブ統括,制作部,開発課,2023,202312,3Q,300002,経常利益,S002,特別,66615991,56059046
20241104,博報堂,デジタル統括,人事部,第一課,2024,202411,3Q,400002,制作収入,S004,見込,418934810,320207829
20240312,大広,デジタル統括,制作部,企画課,2023,202403,4Q,200001,人件費,S004,見込,223550028,182942563
20250221,読売広告社,デジタル統括,経営企画部,第三課,2024,202502,4Q,500002,媒体社リベート,S001,通常,111326466,143381901
20231009,博報堂DYメディアパートナーズ,クリエイティブ統括,クリエイティブ部,企画課,2023,202310,3Q,500002,媒体社リベート,S001,通常,189027387,202501955
20231227,博報堂DYメディアパートナーズ,メディア統括,第二営業部,管理課,2023,202312,3Q,500001,広告主負担金,S005,確定,16531620,19593581
20230614,博報堂,デジタル統括,人事部,第一課,2023,202306,1Q,200002,経費,S003,調整,15916229,21163742
20250303,博報堂DYメディアパートナーズ,デジタル統括,メディアプランニング部,管理課,2024,202503,4Q,100003,売上総利益,S004,見込,66202339,47760448
20240726,博報堂DYメディアパートナーズ,管理統括,デジタルマーケティング部,運用課,2024,202407,2Q,400002,制作収入,S005,確定,294395058,221815248
20230903,読売広告社,営業統括,第一営業部,企画課,2023,202309,2Q,100002,売上原価,S003,調整,244285009,219145428
20240923,大広,デジタル統括,経営企画部,第一課,2024,202409,2Q,200002,経費,S005,確定,302910566,395499324
20230511,読売広告社,管理統括,クリエイティブ部,運用課,2023,202305,1Q,500001,広告主負担金,S003,調整,332315257,238455060
20240310,大広,クリエイティブ統括,総務部,第二課,2023,202403,4Q,400002,制作収入,S002,特別,17237157,16770683
20250325,博報堂DYメディアパートナーズ,管理統括,総務部,運用課,2024,202503,4Q,500002,媒体社リベート,S005,確定,567569304,447153418
20240406,博報堂,デジタル統括,財務経理部,管理課,2024,202404,1Q,300001,営業利益,S002,特別,245156332,368284459
20240725,博報堂プロダクツ,メディア統括,財務経理部,推進課,2024,202407,2Q,100002,売上原価,S003,調整,487923869,447500692
20230724,博報堂,営業統括,クリエイティブ部,企画課,2023,202307,2Q,500001,広告主負担金,S005,確定,23394803,36817346
20230511,博報堂プロダクツ,クリエイティブ統括,経営企画部,推進課,2023,202305,1Q,100002,売上原価,S003,調整,167667732,203293787
20241203,大広,メディア統括,メディアプランニング部,第二課,2024,202412,3Q,400001,媒体手数料収入,S004,見込,561514960,422092481
20250311,大広,営業統括,メディアプランニング部,第二課,2024,202503,4Q,200002,経費,S004,見込,528156007,474766294
20230825,博報堂DYメディアパートナーズ,デジタル統括,クリエイティブ部,第三課,2023,202308,2Q,100002,売上原価,S005,確定,470910637,470576770
20250215,博報堂,メディア統括,財務経理部,企画課,2024,202502,4Q,100003,売上総利益,S005,確定,353706510,380275351
20230614,博報堂DYメディアパートナーズ,管理統括,総務部,推進課,2023,202306,1Q,500001,広告主負担金,S001,通常,447567637,494839374
20241115,博報堂プロダクツ,メディア統括,制作部,推進課,2024,202411,3Q,200001,人件費,S005,確定,275328023,208611570
20230923,読売広告社,営業統括,総務部,第一課,2023,202309,2Q,200002,経費,S004,見込,254125666,335647533
20240827,博報堂,営業統括,総務部,第二課,2024,202408,2Q,400003,コンサルティング収入,S002,特別,226765567,261263748
20241116,大広,管理統括,デジタルマーケティング部,第一課,2024,202411,3Q,200001,人件費,S002,特別,30272099,29017562
20250310,読売広告社,メディア統括,第一営業部,運用課,2024,202503,4Q,200003,減価償却費,S003,調整,663960535,492706466
20240212,大広,デジタル統括,メディアプランニング部,開発課,2023,202402,4Q,200001,人件費,S002,特別,45440201,60126873
20230502,博報堂DYメディアパートナーズ,営業統括,デジタルマーケティング部,第一課,2023,202305,1Q,400002,制作収入,S003,調整,485403258,495459602
20230913,読売広告社,管理統括,メディアプランニング部,運用課,2023,202309,2Q,300002,経常利益,S003,調整,126219136,136627153
20250319,博報堂DYメディアパートナーズ,デジタル統括,経営企画部,第二課,2024,202503,4Q,300002,経常利益,S001,通常,375765733,378577695
20240322,博報堂,デジタル統括,第二営業部,開発課,2023,202403,4Q,100002,売上原価,S004,見込,435076671,399501506
20240521,大広,メディア統括,デジタルマーケティング部,第二課,2024,202405,1Q,400001,媒体手数料収入,S003,調整,280942786,444648333
20241011,博報堂DYメディアパートナーズ,営業統括,第一営業部,企画課,2024,202410,3Q,500002,媒体社リベート,S004,見込,316909711,303241258
20241228,大広,管理統括,第一営業部,推進課,2024,202412,3Q,400003,コンサルティング収入,S001,通常,342755527,337546931
20230517,博報堂プロダクツ,管理統括,財務経理部,第二課,2023,202305,1Q,300002,経常利益,S005,確定,346733071,365864076
20240308,博報堂プロダクツ,管理統括,デジタルマーケティング部,推進課,2023,202403,4Q,200002,経費,S002,特別,188681011,304872423
20240404,読売広告社,メディア統括,経営企画部,推進課,2024,202404,1Q,500002,媒体社リベート,S003,調整,219083951,174619880
20231005,博報堂,クリエイティブ統括,制作部,第二課,2023,202310,3Q,200003,減価償却費,S003,調整,485689850,428432871
20240208,博報堂,デジタル統括,クリエイティブ部,企画課,2023,202402,4Q,100003,売上総利益,S005,確定,159709452,222328965
20240924,博報堂プロダクツ,デジタル統括,人事部,企画課,2024,202409,2Q,100002,売上原価,S003,調整,508513042,382865871
20240920,博報堂,管理統括,第二営業部,開発課,2024,202409,2Q,500001,広告主負担金,S004,見込,509978495,380729672
20230706,博報堂,デジタル統括,メディアプランニング部,第一課,2023,202307,2Q,400001,媒体手数料収入,S004,見込,69217078,82662031
20230803,博報堂,デジタル統括,クリエイティブ部,企画課,2023,202308,2Q,400002,制作収入,S002,特別,375834658,349123121
20250102,読売広告社,管理統括,人事部,管理課,2024,202501,4Q,400002,制作収入,S001,通常,51803232,51636210
20231128,大広,営業統括,財務経理部,推進課,2023,202311,3Q,200002,経費,S004,見込,189221683,292610709
20231023,博報堂プロダクツ,メディア統括,メディアプランニング部,開発課,2023,202310,3Q,100003,売上総利益,S005,確定,339038853,312706719
20230805,読売広告社,メディア統括,クリエイティブ部,第三課,2023,202308,2Q,300002,経常利益,S002,特別,315951294,489240341
20230525,博報堂,管理統括,財務経理部,第二課,2023,202305,1Q,200002,経費,S001,通常,185027046,153798317
20240923,大広,メディア統括,財務経理部,第二課,2024,202409,2Q,100002,売上原価,S002,特別,56524782,71993726
20250306,大広,デジタル統括,デジタルマーケティング部,第二課,2024,202503,4Q,200003,減価償却費,S005,確定,204015677,162320284
20230815,大広,メディア統括,総務部,企画課,2023,202308,2Q,100002,売上原価,S002,特別,95531372,148205315
20240310,博報堂DYメディアパートナーズ,デジタル統括,クリエイティブ部,開発課,2023,202403,4Q,100002,売上原価,S003,調整,395045244,431948589
20240517,博報堂プロダクツ,営業統括,第二営業部,管理課,2024,202405,1Q,300001,営業利益,S002,特別,198984543,143625379
20240913,博報堂,管理統括,メディアプランニング部,第三課,2024,202409,2Q,200003,減価償却費,S001,通常,415109575,493591613
20241014,博報堂DYメディアパートナーズ,管理統括,第二営業部,企画課,2024,202410,3Q,400001,媒体手数料収入,S004,見込,206875963,340911917
20230817,大広,管理統括,メディアプランニング部,推進課,2023,202308,2Q,200001,人件費,S003,調整,308653991,402777490
20240514,大広,営業統括,デジタルマーケティング部,企画課,2024,202405,1Q,300001,営業利益,S005,確定,307334878,447980648
20240421,博報堂プロダクツ,クリエイティブ統括,第二営業部,第一課,2024,202404,1Q,500001,広告主負担金,S005,確定,177272828,209480835
20230828,博報堂プロダクツ,営業統括,経営企画部,運用課,2023,202308,2Q,300001,営業利益,S005,確定,510321901,444368587
20231210,博報堂DYメディアパートナーズ,管理統括,人事部,第三課,2023,202312,3Q,100002,売上原価,S002,特別,349468829,424796787
20250327,博報堂プロダクツ,管理統括,財務経理部,第一課,2024,202503,4Q,500001,広告主負担金,S005,確定,87054748,110034679
20240910,博報堂,営業統括,制作部,管理課,2024,202409,2Q,400001,媒体手数料収入,S003,調整,377315612,492420928
20230415,読売広告社,営業統括,第二営業部,第三課,2023,202304,1Q,100002,売上原価,S002,特別,227963759,190753682
20250106,大広,クリエイティブ統括,第二営業部,推進課,2024,202501,4Q,500001,広告主負担金,S002,特別,203067009,236806257
20250107,大広,営業統括,メディアプランニング部,第二課,2024,202501,4Q,200003,減価償却費,S004,見込,104519853,137552506
20240228,大広,デジタル統括,クリエイティブ部,第一課,2023,202402,4Q,200001,人件費,S002,特別,11170264,15703592
20240205,大広,管理統括,メディアプランニング部,第二課,2023,202402,4Q,200003,減価償却費,S002,特別,31537175,36180486
20240621,大広,メディア統括,メディアプランニング部,第三課,2024,202406,1Q,300001,営業利益,S004,見込,100639677,123387050
20240609,大広,管理統括,デジタルマーケティング部,第一課,2024,202406,1Q,100003,売上総利益,S004,見込,19250432,17213127
20240909,大広,管理統括,クリエイティブ部,管理課,2024,202409,2Q,100002,売上原価,S005,確定,233535213,171594171
20230815,博報堂,管理統括,経営企画部,企画課,2023,202308,2Q,400001,媒体手数料収入,S001,通常,216269221,178867812
20240803,博報堂プロダクツ,クリエイティブ統括,人事部,第二課,2024,202408,2Q,300002,経常利益,S005,確定,353618057,367933918
20231227,読売広告社,管理統括,デジタルマーケティング部,運用課,2023,202312,3Q,200002,経費,S004,見込,249538274,195601466
20240906,大広,営業統括,メディアプランニング部,管理課,2024,202409,2Q,400002,制作収入,S002,特別,125431904,104130726
20230908,博報堂DYメディアパートナーズ,営業統括,第二営業部,管理課,2023,202309,2Q,200001,人件費,S004,見込,207501843,272766873
20241105,博報堂,管理統括,制作部,第二課,2024,202411,3Q,100002,売上原価,S002,特別,115053537,93360872
20240504,博報堂DYメディアパートナーズ,デジタル統括,人事部,第三課,2024,202405,1Q,200001,人件費,S004,見込,154163601,182769630
20250205,大広,デジタル統括,総務部,開発課,2024,202502,4Q,400002,制作収入,S003,調整,206786359,248527793
20240307,博報堂,管理統括,デジタルマーケティング部,第三課,2023,202403,4Q,400003,コンサルティング収入,S002,特別,106912229,86452516
20240410,読売広告社,クリエイティブ統括,経営企画部,第三課,2024,202404,1Q,400003,コンサルティング収入,S005,確定,169653572,209837550
20241005,大広,デジタル統括,人事部,第三課,2024,202410,3Q,300002,経常利益,S003,調整,107891965,107314548
20230608,読売広告社,営業統括,制作部,推進課,2023,202306,1Q,100002,売上原価,S003,調整,227941364,174504939
20241208,大広,デジタル統括,第二営業部,開発課,2024,202412,3Q,200003,減価償却費,S001,通常,579008030,439627606
20240903,博報堂プロダクツ,デジタル統括,第二営業部,企画課,2024,202409,2Q,400001,媒体手数料収入,S001,通常,400691821,384621743
20230610,博報堂プロダクツ,営業統括,メディアプランニング部,企画課,2023,202306,1Q,400002,制作収入,S002,特別,128772500,93209119
20250315,博報堂DYメディアパートナーズ,管理統括,デジタルマーケティング部,第三課,2024,202503,4Q,300001,営業利益,S001,通常,23965472,27200982
20230514,大広,営業統括,メディアプランニング部,第一課,2023,202305,1Q,300001,営業利益,S003,調整,303581331,298546326
20240208,博報堂,管理統括,人事部,第一課,2023,202402,4Q,400003,コンサルティング収入,S004,見込,624251170,447413969
20231109,大広,営業統括,第一営業部,開発課,2023,202311,3Q,200003,減価償却費,S001,通常,446379973,407147572
20250211,博報堂,メディア統括,クリエイティブ部,第三課,2024,202502,4Q,400001,媒体手数料収入,S004,見込,333690701,422374942
20240520,博報堂,営業統括,メディアプランニング部,第三課,2024,202405,1Q,300002,経常利益,S002,特別,260328993,216459364
20231206,博報堂,デジタル統括,第一営業部,管理課,2023,202312,3Q,400003,コンサルティング収入,S002,特別,538192088,471306808
20230602,博報堂,デジタル統括,クリエイティブ部,第一課,2023,202306,1Q,200001,人件費,S002,特別,273792419,205468593
20240423,読売広告社,クリエイティブ統括,第一営業部,運用課,2024,202404,1Q,300001,営業利益,S005,確定,10193232,9766813
20240818,博報堂DYメディアパートナーズ,クリエイティブ統括,人事部,第二課,2024,202408,2Q,100002,売上原価,S005,確定,571060424,452015026
20231104,博報堂,クリエイティブ統括,クリエイティブ部,第二課,2023,202311,3Q,100003,売上総利益,S002,特別,57329589,50634065
20230925,読売広告社,デジタル統括,人事部,推進課,2023,202309,2Q,100003,売上総利益,S004,見込,158864818,171906744
20240404,博報堂,クリエイティブ統括,経営企画部,運用課,2024,202404,1Q,100003,売上総利益,S004,見込,27122436,28627942
20250307,大広,営業統括,メディアプランニング部,管理課,2024,202503,4Q,100001,売上高,S004,見込,389072154,484748324
20240924,博報堂プロダクツ,営業統括,総務部,管理課,2024,202409,2Q,400001,媒体手数料収入,S003,調整,212524024,353486208
20230521,博報堂プロダクツ,営業統括,総務部,管理課,2023,202305,1Q,300002,経常利益,S004,見込,621491902,484274177
20230401,博報堂DYメディアパートナーズ,メディア統括,第一営業部,第二課,2023,202304,1Q,100003,売上総利益,S004,見込,610026218,486668969
20240615,大広,クリエイティブ統括,第二営業部,開発課,2024,202406,1Q,200001,人件費,S003,調整,81722166,133806374
20230528,博報堂,クリエイティブ統括,財務経理部,運用課,2023,202305,1Q,200003,減価償却費,S002,特別,369492268,469480584
20240323,大広,営業統括,第一営業部,管理課,2023,202403,4Q,100002,売上原価,S003,調整,429187418,380999898
20240906,読売広告社,デジタル統括,メディアプランニング部,開発課,2024,202409,2Q,500002,媒体社リベート,S001,通常,336839732,303237083
20231007,博報堂DYメディアパートナーズ,クリエイティブ統括,クリエイティブ部,推進課,2023,202310,3Q,300001,営業利益,S003,調整,436854813,366644470
20240709,読売広告社,クリエイティブ統括,クリエイティブ部,運用課,2024,202407,2Q,100003,売上総利益,S001,通常,474555015,476640752
20230627,博報堂プロダクツ,メディア統括,経営企画部,企画課,2023,202306,1Q,100001,売上高,S001,通常,456697090,476775949
20250105,博報堂,メディア統括,メディアプランニング部,管理課,2024,202501,4Q,200003,減価償却費,S002,特別,94960485,89270833
20231225,博報堂,クリエイティブ統括,第二営業部,第一課,2023,202312,3Q,400001,媒体手数料収入,S005,確定,303769760,400309562
20240210,博報堂DYメディアパートナーズ,メディア統括,クリエイティブ部,推進課,2023,202402,4Q,300002,経常利益,S005,確定,246600613,310059129
20240620,大広,営業統括,経営企画部,運用課,2024,202406,1Q,400002,制作収入,S005,確定,201198665,250722530
20250204,大広,デジタル統括,財務経理部,開発課,2024,202502,4Q,400003,コンサルティング収入,S002,特別,256319193,203513177
20250208,博報堂,営業統括,第二営業部,管理課,2024,202502,4Q,400002,制作収入,S003,調整,567312149,420208813
20240508,博報堂プロダクツ,管理統括,経営企画部,企画課,2024,202405,1Q,500001,広告主負担金,S001,通常,290488753,379311206
20241015,読売広告社,営業統括,第一営業部,推進課,2024,202410,3Q,100001,売上高,S002,特別,356523577,377788351
20240721,読売広告社,クリエイティブ統括,メディアプランニング部,第一課,2024,202407,2Q,400003,コンサルティング収入,S004,見込,67205904,65382576
20240217,読売広告社,クリエイティブ統括,第二営業部,運用課,2023,202402,4Q,300002,経常利益,S003,調整,351421890,294941426
20240915,読売広告社,デジタル統括,デジタルマーケティング部,開発課,2024,202409,2Q,400002,制作収入,S005,確定,387357777,312413634
20240919,読売広告社,営業統括,デジタルマーケティング部,企画課,2024,202409,2Q,500002,媒体社リベート,S004,見込,526845385,494512755
20240415,博報堂,クリエイティブ統括,第二営業部,開発課,2024,202404,1Q,300002,経常利益,S001,通常,402283900,408631018
20241115,読売広告社,管理統括,メディアプランニング部,開発課,2024,202411,3Q,100001,売上高,S002,特別,159407416,254058763
20230802,読売広告社,クリエイティブ統括,クリエイティブ部,開発課,2023,202308,2Q,100002,売上原価,S005,確定,330299872,375764846
20250209,博報堂DYメディアパートナーズ,営業統括,経営企画部,第三課,2024,202502,4Q,200002,経費,S001,通常,410539319,427937092
20250312,博報堂DYメディアパートナーズ,メディア統括,クリエイティブ部,開発課,2024,202503,4Q,500002,媒体社リベート,S001,通常,326680459,276284464
20230901,博報堂,管理統括,総務部,運用課,2023,202309,2Q,500001,広告主負担金,S003,調整,83266055,76565452
20240526,読売広告社,管理統括,総務部,第一課,2024,202405,1Q,500001,広告主負担金,S004,見込,263874684,410219149
20240422,博報堂DYメディアパートナーズ,営業統括,クリエイティブ部,企画課,2024,202404,1Q,400001,媒体手数料収入,S005,確定,214454311,317400087
20241224,博報堂DYメディアパートナーズ,管理統括,デジタルマーケティング部,第三課,2024,202412,3Q,100002,売上原価,S001,通常,170696242,177774013
20230407,大広,管理統括,第一営業部,企画課,2023,202304,1Q,400003,コンサルティング収入,S005,確定,290984142,364403239
20231224,博報堂DYメディアパートナーズ,クリエイティブ統括,クリエイティブ部,第一課,2023,202312,3Q,500002,媒体社リベート,S005,確定,529904291,485922760
20241205,読売広告社,メディア統括,クリエイティブ部,開発課,2024,202412,3Q,200003,減価償却費,S003,調整,158918928,219420456
20231126,大広,クリエイティブ統括,総務部,企画課,2023,202311,3Q,400003,コンサルティング収入,S001,通常,250221175,313304753
20250311,博報堂DYメディアパートナーズ,営業統括,総務部,第一課,2024,202503,4Q,200003,減価償却費,S003,調整,620312932,479004273
20231021,博報堂DYメディアパートナーズ,管理統括,デジタルマーケティング部,第二課,2023,202310,3Q,100002,売上原価,S004,見込,23282903,34182824
20241213,博報堂プロダクツ,管理統括,クリエイティブ部,第一課,2024,202412,3Q,400001,媒体手数料収入,S004,見込,134115335,186705927
20230813,大広,メディア統括,クリエイティブ部,第三課,2023,202308,2Q,500001,広告主負担金,S002,特別,246607220,198895829
20241112,博報堂プロダクツ,クリエイティブ統括,クリエイティブ部,運用課,2024,202411,3Q,100002,売上原価,S003,調整,441429127,333414017
20250311,博報堂プロダクツ,メディア統括,総務部,推進課,2024,202503,4Q,400001,媒体手数料収入,S001,通常,374406974,431884968
20240809,読売広告社,デジタル統括,総務部,運用課,2024,202408,2Q,300002,経常利益,S004,見込,174794812,147091014
20240713,博報堂DYメディアパートナーズ,メディア統括,総務部,推進課,2024,202407,2Q,100002,売上原価,S003,調整,266364384,404734046
20231226,博報堂プロダクツ,営業統括,第一営業部,第二課,2023,202312,3Q,100003,売上総利益,S005,確定,206625409,307466869
20230601,博報堂,管理統括,総務部,第一課,2023,202306,1Q,500001,広告主負担金,S002,特別,235725423,339752028
20250307,博報堂DYメディアパートナーズ,クリエイティブ統括,第一営業部,第一課,2024,202503,4Q,100001,売上高,S005,確定,77325798,62288452
20240805,大広,営業統括,人事部,第一課,2024,202408,2Q,300001,営業利益,S004,見込,283957978,227507394
20241021,博報堂DYメディアパートナーズ,デジタル統括,クリエイティブ部,運用課,2024,202410,3Q,400002,制作収入,S003,調整,302789744,389827517
20240523,博報堂DYメディアパートナーズ,メディア統括,第二営業部,第三課,2024,202405,1Q,500001,広告主負担金,S005,確定,161824997,261302385
20240816,大広,クリエイティブ統括,財務経理部,第三課,2024,202408,2Q,500002,媒体社リベート,S005,確定,51404767,44894179
20231203,博報堂,営業統括,財務経理部,企画課,2023,202312,3Q,100003,売上総利益,S003,調整,201717037,231571063
20240709,博報堂プロダクツ,営業統括,財務経理部,運用課,2024,202407,2Q,500001,広告主負担金,S003,調整,450499141,341511023
20231205,博報堂プロダクツ,クリエイティブ統括,メディアプランニング部,第一課,2023,202312,3Q,400003,コンサルティング収入,S003,調整,505754377,497942432
20241225,博報堂,管理統括,総務部,第一課,2024,202412,3Q,400002,制作収入,S004,見込,466041202,340892522
20230420,博報堂プロダクツ,営業統括,総務部,第三課,2023,202304,1Q,400003,コンサルティング収入,S003,調整,238734088,348378032
20240623,博報堂DYメディアパートナーズ,管理統括,第一営業部,第二課,2024,202406,1Q,300002,経常利益,S005,確定,273769790,249066474
20240409,博報堂DYメディアパートナーズ,デジタル統括,制作部,開発課,2024,202404,1Q,200001,人件費,S002,特別,365272334,411004032
20240104,博報堂,管理統括,経営企画部,推進課,2023,202401,4Q,200003,減価償却費,S003,調整,223014150,292961102
20230420,博報堂,デジタル統括,経営企画部,第三課,2023,202304,1Q,300001,営業利益,S002,特別,584306046,451175503
20240106,博報堂,管理統括,メディアプランニング部,運用課,2023,202401,4Q,500002,媒体社リベート,S001,通常,460647215,397742028
20240415,大広,メディア統括,クリエイティブ部,第一課,2024,202404,1Q,200003,減価償却費,S002,特別,152419915,154719672
20230416,博報堂プロダクツ,デジタル統括,総務部,企画課,2023,202304,1Q,200002,経費,S002,特別,137758811,199263247
20240718,博報堂プロダクツ,クリエイティブ統括,制作部,第二課,2024,202407,2Q,200003,減価償却費,S004,見込,132363023,156992204
20240422,大広,メディア統括,財務経理部,第一課,2024,202404,1Q,300001,営業利益,S001,通常,71494314,107240145
20230902,読売広告社,管理統括,第二営業部,運用課,2023,202309,2Q,100003,売上総利益,S002,特別,211591403,256665477
20241007,博報堂プロダクツ,メディア統括,制作部,第三課,2024,202410,3Q,300002,経常利益,S001,通常,61757967,74415747
20240904,博報堂,デジタル統括,総務部,推進課,2024,202409,2Q,500001,広告主負担金,S002,特別,639687204,457881468
20240506,博報堂,デジタル統括,第二営業部,第一課,2024,202405,1Q,100002,売上原価,S001,通常,4848195,5341549
20240812,大広,クリエイティブ統括,総務部,推進課,2024,202408,2Q,400003,コンサルティング収入,S003,調整,227898399,176890801
20230513,読売広告社,デジタル統括,人事部,第一課,2023,202305,1Q,200001,人件費,S002,特別,549213832,442785396
20240303,博報堂プロダクツ,デジタル統括,デジタルマーケティング部,第一課,2023,202403,4Q,300002,経常利益,S001,通常,121890236,148131300
20240710,大広,クリエイティブ統括,人事部,企画課,2024,202407,2Q,200003,減価償却費,S002,特別,56861615,64252037
20241114,大広,クリエイティブ統括,制作部,第三課,2024,202411,3Q,100002,売上原価,S004,見込,160823075,266488401
20231004,博報堂プロダクツ,クリエイティブ統括,メディアプランニング部,企画課,2023,202310,3Q,100001,売上高,S004,見込,85194157,134248220
20240423,博報堂DYメディアパートナーズ,クリエイティブ統括,第二営業部,第一課,2024,202404,1Q,200002,経費,S004,見込,258605955,236707953
20240108,読売広告社,管理統括,制作部,開発課,2023,202401,4Q,200001,人件費,S002,特別,69887174,72611071
20240207,博報堂プロダクツ,メディア統括,人事部,推進課,2023,202402,4Q,100001,売上高,S005,確定,208415806,156543592
20240628,博報堂DYメディアパートナーズ,メディア統括,メディアプランニング部,第一課,2024,202406,1Q,100002,売上原価,S002,特別,567288549,413283977
20240628,読売広告社,管理統括,デジタルマーケティング部,第一課,2024,202406,1Q,500001,広告主負担金,S005,確定,297173482,260671998
20240904,博報堂プロダクツ,メディア統括,経営企画部,第三課,2024,202409,2Q,200001,人件費,S001,通常,229373937,352557383
20230616,博報堂プロダクツ,営業統括,財務経理部,推進課,2023,202306,1Q,200002,経費,S001,通常,214470281,340985592
20240305,博報堂DYメディアパートナーズ,クリエイティブ統括,メディアプランニング部,運用課,2023,202403,4Q,100002,売上原価,S003,調整,264498347,251195386
20240202,大広,営業統括,制作部,管理課,2023,202402,4Q,200002,経費,S004,見込,54916629,69956464
20240326,博報堂,クリエイティブ統括,メディアプランニング部,企画課,2023,202403,4Q,500001,広告主負担金,S003,調整,42004017,36206378
20240915,博報堂,管理統括,クリエイティブ部,開発課,2024,202409,2Q,400002,制作収入,S001,通常,561742833,458657131
20230921,博報堂DYメディアパートナーズ,管理統括,クリエイティブ部,運用課,2023,202309,2Q,500001,広告主負担金,S004,見込,35245134,52926879
20230722,大広,デジタル統括,財務経理部,管理課,2023,202307,2Q,200001,人件費,S002,特別,111371120,84267916
20240815,博報堂,メディア統括,デジタルマーケティング部,開発課,2024,202408,2Q,200003,減価償却費,S004,見込,169369403,252258713
20230914,大広,メディア統括,クリエイティブ部,運用課,2023,202309,2Q,400001,媒体手数料収入,S003,調整,314364540,439491503
20240524,博報堂プロダクツ,デジタル統括,デジタルマーケティング部,企画課,2024,202405,1Q,300002,経常利益,S001,通常,130789524,188461775
20240902,読売広告社,デジタル統括,制作部,企画課,2024,202409,2Q,100003,売上総利益,S005,確定,366592826,287954820
20241216,博報堂DYメディアパートナーズ,管理統括,財務経理部,推進課,2024,202412,3Q,200003,減価償却費,S003,調整,421946497,316085576
20240226,読売広告社,デジタル統括,人事部,運用課,2023,202402,4Q,300002,経常利益,S002,特別,476813523,470440829
20231206,博報堂,管理統括,財務経理部,開発課,2023,202312,3Q,400002,制作収入,S001,通常,199373144,212678633
20240718,博報堂,デジタル統括,財務経理部,開発課,2024,202407,2Q,100001,売上高,S003,調整,24037953,24794200
20240618,博報堂プロダクツ,管理統括,クリエイティブ部,第二課,2024,202406,1Q,100003,売上総利益,S001,通常,74177959,88587497
20240311,博報堂,管理統括,総務部,第三課,2023,202403,4Q,200001,人件費,S001,通常,231050022,258386642
20230810,大広,管理統括,総務部,運用課,2023,202308,2Q,200003,減価償却費,S002,特別,371822030,351326841
20241023,博報堂,メディア統括,人事部,推進課,2024,202410,3Q,200003,減価償却費,S005,確定,46916042,75327675
20240218,読売広告社,クリエイティブ統括,人事部,第一課,2023,202402,4Q,300001,営業利益,S003,調整,67354235,73853154
20240216,博報堂プロダクツ,管理統括,デジタルマーケティング部,管理課,2023,202402,4Q,300002,経常利益,S005,確定,43156010,38836149
20240713,読売広告社,営業統括,制作部,第一課,2024,202407,2Q,300001,営業利益,S002,特別,421300828,456398896
20231215,博報堂,営業統括,メディアプランニング部,管理課,2023,202312,3Q,300002,経常利益,S005,確定,299401875,430226265
20241108,博報堂,デジタル統括,人事部,第一課,2024,202411,3Q,300002,経常利益,S002,特別,248619175,201818318
20241017,博報堂プロダクツ,メディア統括,人事部,第二課,2024,202410,3Q,500002,媒体社リベート,S001,通常,137296692,147046135
20240720,大広,営業統括,メディアプランニング部,運用課,2024,202407,2Q,500001,広告主負担金,S005,確定,148956559,164130321
20240120,博報堂DYメディアパートナーズ,クリエイティブ統括,人事部,企画課,2023,202401,4Q,400002,制作収入,S005,確定,333120591,344590079
20231011,博報堂プロダクツ,デジタル統括,総務部,企画課,2023,202310,3Q,500002,媒体社リベート,S005,確定,109685586,180465271
20231116,大広,クリエイティブ統括,財務経理部,第二課,2023,202311,3Q,100001,売上高,S005,確定,141770849,174929942
20240520,博報堂,メディア統括,メディアプランニング部,開発課,2024,202405,1Q,500001,広告主負担金,S003,調整,169829893,194563504
20250205,大広,クリエイティブ統括,財務経理部,開発課,2024,202502,4Q,200003,減価償却費,S002,特別,223913931,366475565
20240616,博報堂,管理統括,第一営業部,企画課,2024,202406,1Q,300002,経常利益,S004,見込,477002250,409641186
20240526,博報堂DYメディアパートナーズ,デジタル統括,デジタルマーケティング部,管理課,2024,202405,1Q,500002,媒体社リベート,S002,特別,458433232,338212996
20240726,博報堂DYメディアパートナーズ,営業統括,総務部,管理課,2024,202407,2Q,100001,売上高,S002,特別,431890753,333380367
20240207,大広,営業統括,人事部,第二課,2023,202402,4Q,400001,媒体手数料収入,S003,調整,100014894,127052635
20240507,読売広告社,営業統括,第二営業部,推進課,2024,202405,1Q,100001,売上高,S001,通常,535398183,385246348
20230811,読売広告社,クリエイティブ統括,メディアプランニング部,第三課,2023,202308,2Q,200002,経費,S002,特別,527676169,461240652
20240925,博報堂プロダクツ,メディア統括,第一営業部,企画課,2024,202409,2Q,200003,減価償却費,S005,確定,395568457,286325101
20240721,読売広告社,メディア統括,メディアプランニング部,企画課,2024,202407,2Q,400002,制作収入,S002,特別,138163915,101756810
20250119,博報堂プロダクツ,営業統括,総務部,第二課,2024,202501,4Q,100003,売上総利益,S002,特別,69025531,79577310
20230807,読売広告社,メディア統括,人事部,推進課,2023,202308,2Q,500001,広告主負担金,S005,確定,2365459,1966595
20231224,読売広告社,営業統括,人事部,管理課,2023,202312,3Q,400002,制作収入,S001,通常,380851657,389916107
20241117,博報堂プロダクツ,デジタル統括,制作部,管理課,2024,202411,3Q,200001,人件費,S002,特別,229773990,286218975
20230612,読売広告社,営業統括,財務経理部,第二課,2023,202306,1Q,200001,人件費,S002,特別,13083106,13835532
20240320,読売広告社,デジタル統括,第二営業部,第三課,2023,202403,4Q,500002,媒体社リベート,S004,見込,218092895,180719738
20231015,読売広告社,デジタル統括,第二営業部,開発課,2023,202310,3Q,100002,売上原価,S005,確定,48346734,67181998
20250106,博報堂DYメディアパートナーズ,管理統括,第二営業部,第一課,2024,202501,4Q,400002,制作収入,S005,確定,46986858,37941637
20231124,博報堂プロダクツ,メディア統括,財務経理部,第二課,2023,202311,3Q,200002,経費,S001,通常,358964679,273709337
20241119,博報堂,管理統括,人事部,第三課,2024,202411,3Q,400002,制作収入,S001,通常,279386683,315517022
20241004,読売広告社,デジタル統括,第二営業部,第三課,2024,202410,3Q,300002,経常利益,S002,特別,29927950,38230358
20241107,読売広告社,デジタル統括,メディアプランニング部,第二課,2024,202411,3Q,200001,人件費,S004,見込,86240516,103102702
20230428,博報堂プロダクツ,デジタル統括,第二営業部,第三課,2023,202304,1Q,300002,経常利益,S005,確定,346006636,418998904
20231216,読売広告社,メディア統括,経営企画部,運用課,2023,202312,3Q,100003,売上総利益,S003,調整,173579934,274621395
20240328,大広,メディア統括,財務経理部,運用課,2023,202403,4Q,300002,経常利益,S003,調整,371507934,425384270
20230823,博報堂DYメディアパートナーズ,クリエイティブ統括,総務部,企画課,2023,202308,2Q,300001,営業利益,S002,特別,46102662,62500247
20240717,博報堂,営業統括,総務部,第一課,2024,202407,2Q,500001,広告主負担金,S002,特別,599212993,467654138
20231202,博報堂プロダクツ,営業統括,人事部,推進課,2023,202312,3Q,100001,売上高,S002,特別,364953898,420235312
20250324,読売広告社,管理統括,総務部,第一課,2024,202503,4Q,500002,媒体社リベート,S004,見込,419054825,345573396
20230528,大広,営業統括,メディアプランニング部,第二課,2023,202305,1Q,500002,媒体社リベート,S004,見込,386153597,304098763
20240121,大広,メディア統括,第一営業部,第一課,2023,202401,4Q,500002,媒体社リベート,S002,特別,440306994,340813100
20231227,博報堂DYメディアパートナーズ,クリエイティブ統括,第二営業部,第三課,2023,202312,3Q,200001,人件費,S001,通常,216767133,163047054
20240928,読売広告社,クリエイティブ統括,第二営業部,運用課,2024,202409,2Q,100001,売上高,S001,通常,272736259,198352967
20241215,博報堂プロダクツ,デジタル統括,制作部,第三課,2024,202412,3Q,200001,人件費,S005,確定,62778227,83145578
20231019,大広,管理統括,財務経理部,企画課,2023,202310,3Q,100003,売上総利益,S004,見込,149431022,164392521
20250106,博報堂DYメディアパートナーズ,デジタル統括,第二営業部,第三課,2024,202501,4Q,300001,営業利益,S005,確定,17013620,14173132
20230924,博報堂DYメディアパートナーズ,営業統括,第一営業部,推進課,2023,202309,2Q,200003,減価償却費,S004,見込,457708019,409906863
20250322,博報堂,メディア統括,クリエイティブ部,運用課,2024,202503,4Q,200003,減価償却費,S002,特別,596634721,491985485
20240707,博報堂プロダクツ,営業統括,総務部,推進課,2024,202407,2Q,100003,売上総利益,S005,確定,323241477,277722330
20241214,読売広告社,クリエイティブ統括,第二営業部,開発課,2024,202412,3Q,200002,経費,S001,通常,185791112,218855720
20240205,読売広告社,管理統括,第一営業部,推進課,2023,202402,4Q,100002,売上原価,S002,特別,341375431,266084032
20241028,博報堂DYメディアパートナーズ,クリエイティブ統括,クリエイティブ部,企画課,2024,202410,3Q,400003,コンサルティング収入,S003,調整,35272186,51142775
20231010,博報堂DYメディアパートナーズ,クリエイティブ統括,総務部,管理課,2023,202310,3Q,100002,売上原価,S004,見込,253656731,325185847
20230501,博報堂DYメディアパートナーズ,営業統括,デジタルマーケティング部,企画課,2023,202305,1Q,100003,売上総利益,S005,確定,504046302,421478278
20231022,読売広告社,営業統括,第一営業部,推進課,2023,202310,3Q,400003,コンサルティング収入,S001,通常,322190771,326531803
20240111,博報堂,デジタル統括,クリエイティブ部,第二課,2023,202401,4Q,300001,営業利益,S005,確定,244606424,273925734
20250228,博報堂プロダクツ,メディア統括,メディアプランニング部,推進課,2024,202502,4Q,300002,経常利益,S004,見込,403968176,301517455
20230722,博報堂プロダクツ,デジタル統括,デジタルマーケティング部,運用課,2023,202307,2Q,500002,媒体社リベート,S004,見込,319419930,383470797
20230910,読売広告社,メディア統括,総務部,第二課,2023,202309,2Q,200002,経費,S002,特別,210408363,324945068
20240423,博報堂,営業統括,第二営業部,管理課,2024,202404,1Q,100002,売上原価,S002,特別,199266420,161896608
20240823,博報堂プロダクツ,管理統括,経営企画部,企画課,2024,202408,2Q,500002,媒体社リベート,S004,見込,538268523,483199401
20250220,博報堂,営業統括,制作部,運用課,2024,202502,4Q,200001,人件費,S003,調整,87931575,71640499
20240412,読売広告社,営業統括,制作部,開発課,2024,202404,1Q,400003,コンサルティング収入,S004,見込,46933268,39124265
20241010,大広,営業統括,メディアプランニング部,推進課,2024,202410,3Q,400002,制作収入,S001,通常,363018232,358096331
20230807,博報堂DYメディアパートナーズ,クリエイティブ統括,第一営業部,第二課,2023,202308,2Q,400003,コンサルティング収入,S003,調整,365972672,430101489
20240703,博報堂,デジタル統括,総務部,第二課,2024,202407,2Q,500002,媒体社リベート,S004,見込,91613520,72513671
20241020,大広,管理統括,クリエイティブ部,開発課,2024,202410,3Q,200002,経費,S001,通常,260283814,292964646
20240115,博報堂プロダクツ,クリエイティブ統括,人事部,管理課,2023,202401,4Q,500001,広告主負担金,S003,調整,197958396,174026325
20231225,大広,営業統括,制作部,運用課,2023,202312,3Q,100002,売上原価,S005,確定,69665636,87594605
20240104,博報堂,メディア統括,デジタルマーケティング部,第三課,2023,202401,4Q,400001,媒体手数料収入,S003,調整,73837150,103223692
20241025,大広,デジタル統括,制作部,第二課,2024,202410,3Q,400002,制作収入,S002,特別,571636977,443380054
20250217,大広,管理統括,経営企画部,推進課,2024,202502,4Q,500001,広告主負担金,S002,特別,105418040,99615829
20230514,大広,営業統括,デジタルマーケティング部,第三課,2023,202305,1Q,500001,広告主負担金,S003,調整,151077501,127021447
20241226,博報堂,管理統括,制作部,開発課,2024,202412,3Q,300002,経常利益,S004,見込,521850747,413484923
20240324,博報堂DYメディアパートナーズ,メディア統括,制作部,第一課,2023,202403,4Q,400003,コンサルティング収入,S002,特別,639878750,493853912
20230625,博報堂DYメディアパートナーズ,デジタル統括,経営企画部,第一課,2023,202306,1Q,300001,営業利益,S005,確定,183043394,157099906
20230605,博報堂,営業統括,メディアプランニング部,開発課,2023,202306,1Q,400002,制作収入,S005,確定,344275881,410396094
20231112,博報堂DYメディアパートナーズ,営業統括,メディアプランニング部,企画課,2023,202311,3Q,500001,広告主負担金,S003,調整,26726317,24588019
20230607,博報堂プロダクツ,営業統括,総務部,推進課,2023,202306,1Q,500001,広告主負担金,S002,特別,355330400,487899445
20230811,博報堂,管理統括,第一営業部,管理課,2023,202308,2Q,500001,広告主負担金,S004,見込,191662049,154700182
20240818,博報堂プロダクツ,営業統括,第一営業部,第一課,2024,202408,2Q,400003,コンサルティング収入,S004,見込,236152917,364877817
20231111,大広,管理統括,経営企画部,管理課,2023,202311,3Q,300002,経常利益,S004,見込,287763998,444216965
20240104,博報堂DYメディアパートナーズ,クリエイティブ統括,クリエイティブ部,管理課,2023,202401,4Q,200001,人件費,S002,特別,315778377,328863713
20250307,大広,管理統括,クリエイティブ部,第三課,2024,202503,4Q,400002,制作収入,S003,調整,17430813,13621278
20230402,博報堂プロダクツ,クリエイティブ統括,第一営業部,企画課,2023,202304,1Q,200002,経費,S002,特別,530097186,468907837
20231225,博報堂DYメディアパートナーズ,デジタル統括,第一営業部,運用課,2023,202312,3Q,100002,売上原価,S001,通常,2945751,2237676
20240727,博報堂プロダクツ,管理統括,人事部,推進課,2024,202407,2Q,300001,営業利益,S001,通常,245770444,202824644
20250202,読売広告社,メディア統括,財務経理部,推進課,2024,202502,4Q,200001,人件費,S002,特別,130095228,138608056
20240503,博報堂DYメディアパートナーズ,メディア統括,クリエイティブ部,開発課,2024,202405,1Q,500001,広告主負担金,S004,見込,193936911,151965738
20240707,読売広告社,デジタル統括,総務部,第一課,2024,202407,2Q,400002,制作収入,S001,通常,233899951,276898241
20230502,博報堂,管理統括,経営企画部,第一課,2023,202305,1Q,500001,広告主負担金,S003,調整,258900592,227622726
20231023,博報堂DYメディアパートナーズ,管理統括,クリエイティブ部,管理課,2023,202310,3Q,500002,媒体社リベート,S004,見込,169359428,267438088
20230511,博報堂DYメディアパートナーズ,メディア統括,総務部,第二課,2023,202305,1Q,300001,営業利益,S003,調整,239443336,363725615
20230728,読売広告社,管理統括,財務経理部,第二課,2023,202307,2Q,100001,売上高,S004,見込,230453269,206904863
20241202,読売広告社,営業統括,メディアプランニング部,管理課,2024,202412,3Q,500001,広告主負担金,S005,確定,369054463,476981798
20230506,読売広告社,デジタル統括,総務部,第二課,2023,202305,1Q,400003,コンサルティング収入,S001,通常,533936755,492539829
20240411,大広,デジタル統括,財務経理部,推進課,2024,202404,1Q,100002,売上原価,S002,特別,231196964,313170661
20231122,大広,営業統括,第二営業部,第一課,2023,202311,3Q,400003,コンサルティング収入,S002,特別,123614617,147252960
20240527,読売広告社,管理統括,経営企画部,第一課,2024,202405,1Q,100003,売上総利益,S005,確定,64117460,77895870
20231019,読売広告社,管理統括,デジタルマーケティング部,第二課,2023,202310,3Q,400002,制作収入,S005,確定,100837615,103923629
20231108,読売広告社,営業統括,第二営業部,管理課,2023,202311,3Q,100003,売上総利益,S003,調整,223879164,166743113
20230902,博報堂DYメディアパートナーズ,営業統括,経営企画部,推進課,2023,202309,2Q,300002,経常利益,S003,調整,242129270,264719193
20231009,博報堂,メディア統括,総務部,運用課,2023,202310,3Q,200002,経費,S004,見込,351287488,456429362
20230811,大広,管理統括,制作部,第一課,2023,202308,2Q,300001,営業利益,S004,見込,464409624,377076177
20230709,博報堂,管理統括,第二営業部,運用課,2023,202307,2Q,400002,制作収入,S001,通常,515953858,497057816
20240902,博報堂プロダクツ,管理統括,総務部,第二課,2024,202409,2Q,200001,人件費,S003,調整,174883641,139993992
20240721,博報堂プロダクツ,営業統括,クリエイティブ部,第三課,2024,202407,2Q,200002,経費,S003,調整,317849513,285652733
20240103,博報堂プロダクツ,営業統括,財務経理部,第三課,2023,202401,4Q,100002,売上原価,S002,特別,125574015,169786758
20230807,博報堂プロダクツ,デジタル統括,制作部,企画課,2023,202308,2Q,200001,人件費,S005,確定,452484949,482919580
20240316,大広,メディア統括,総務部,企画課,2023,202403,4Q,500002,媒体社リベート,S003,調整,607806580,476146244
20240112,博報堂,営業統括,総務部,推進課,2023,202401,4Q,100003,売上総利益,S001,通常,72953407,98043993
20240522,博報堂プロダクツ,管理統括,財務経理部,企画課,2024,202405,1Q,400001,媒体手数料収入,S003,調整,257626748,217225610
20230515,博報堂プロダクツ,管理統括,第二営業部,企画課,2023,202305,1Q,300001,営業利益,S003,調整,119171189,100246211
20240328,大広,営業統括,クリエイティブ部,開発課,2023,202403,4Q,300001,営業利益,S002,特別,45841343,42868597
20250220,大広,管理統括,メディアプランニング部,第二課,2024,202502,4Q,500001,広告主負担金,S002,特別,373813710,292084404
20240906,読売広告社,管理統括,第一営業部,第一課,2024,202409,2Q,500002,媒体社リベート,S003,調整,69495566,62318528
20240427,読売広告社,メディア統括,財務経理部,推進課,2024,202404,1Q,200001,人件費,S004,見込,591186123,472137638
20240619,読売広告社,管理統括,財務経理部,第二課,2024,202406,1Q,400003,コンサルティング収入,S002,特別,177620947,254658756
20231003,読売広告社,営業統括,経営企画部,第二課,2023,202310,3Q,400003,コンサルティング収入,S001,通常,88540265,104659016
20231026,博報堂DYメディアパートナーズ,クリエイティブ統括,第一営業部,開発課,2023,202310,3Q,200002,経費,S003,調整,497950119,441768233
20240225,博報堂DYメディアパートナーズ,メディア統括,総務部,開発課,2023,202402,4Q,500002,媒体社リベート,S002,特別,281526158,255572323
20240423,博報堂DYメディアパートナーズ,営業統括,第一営業部,運用課,2024,202404,1Q,100001,売上高,S004,見込,102630511,95663274
20230516,大広,デジタル統括,メディアプランニング部,第三課,2023,202305,1Q,200001,人件費,S002,特別,204013916,221751928
20240122,博報堂プロダクツ,クリエイティブ統括,クリエイティブ部,第三課,2023,202401,4Q,400001,媒体手数料収入,S001,通常,419678244,468088055
20250301,博報堂プロダクツ,管理統括,クリエイティブ部,管理課,2024,202503,4Q,100002,売上原価,S003,調整,488247354,368845825
20231020,大広,デジタル統括,人事部,第三課,2023,202310,3Q,200002,経費,S002,特別,82344641,81547342
20231102,読売広告社,メディア統括,第二営業部,第三課,2023,202311,3Q,300001,営業利益,S002,特別,220648102,316662421
20230525,大広,メディア統括,デジタルマーケティング部,管理課,2023,202305,1Q,100003,売上総利益,S001,通常,240914459,242324626
20250207,大広,デジタル統括,財務経理部,管理課,2024,202502,4Q,400003,コンサルティング収入,S004,見込,408853429,389796252
20230509,読売広告社,メディア統括,制作部,第二課,2023,202305,1Q,400003,コンサルティング収入,S004,見込,41705174,49162194
20240624,大広,デジタル統括,財務経理部,第二課,2024,202406,1Q,300002,経常利益,S002,特別,333627155,346345014
20230528,博報堂,クリエイティブ統括,財務経理部,管理課,2023,202305,1Q,500001,広告主負担金,S001,通常,50873118,49943704
20240411,読売広告社,メディア統括,人事部,第二課,2024,202404,1Q,100002,売上原価,S005,確定,477902370,419950908
20240224,博報堂プロダクツ,営業統括,第二営業部,企画課,2023,202402,4Q,200001,人件費,S005,確定,605744120,486170671
20250325,読売広告社,営業統括,総務部,第二課,2024,202503,4Q,200003,減価償却費,S004,見込,48761841,54187391
20241001,博報堂DYメディアパートナーズ,メディア統括,人事部,管理課,2024,202410,3Q,100001,売上高,S005,確定,301605941,283213103
20250224,博報堂プロダクツ,メディア統括,総務部,推進課,2024,202502,4Q,400001,媒体手数料収入,S002,特別,326453893,253478260
20231202,博報堂,管理統括,経営企画部,企画課,2023,202312,3Q,100001,売上高,S004,見込,333197250,431976072
20230723,博報堂DYメディアパートナーズ,クリエイティブ統括,デジタルマーケティング部,第三課,2023,202307,2Q,300001,営業利益,S003,調整,156147955,219363246
20230825,大広,管理統括,財務経理部,運用課,2023,202308,2Q,200001,人件費,S002,特別,92879689,88259322
20230422,読売広告社,デジタル統括,第一営業部,企画課,2023,202304,1Q,500001,広告主負担金,S003,調整,521031900,433340692
20241106,大広,管理統括,第一営業部,運用課,2024,202411,3Q,400003,コンサルティング収入,S001,通常,381062214,304189443
20240907,博報堂プロダクツ,デジタル統括,経営企画部,運用課,2024,202409,2Q,100001,売上高,S003,調整,315536294,267145346
20231020,読売広告社,メディア統括,経営企画部,運用課,2023,202310,3Q,200002,経費,S002,特別,203682385,293688641
20240321,博報堂DYメディアパートナーズ,メディア統括,財務経理部,推進課,2023,202403,4Q,400002,制作収入,S003,調整,378006373,338052809
20230814,博報堂,メディア統括,第二営業部,管理課,2023,202308,2Q,100003,売上総利益,S005,確定,298532743,310370164
20240520,読売広告社,クリエイティブ統括,財務経理部,第一課,2024,202405,1Q,200003,減価償却費,S003,調整,440719987,332068094
20231126,博報堂プロダクツ,営業統括,総務部,第一課,2023,202311,3Q,200001,人件費,S003,調整,180446608,219972299
20240902,博報堂DYメディアパートナーズ,メディア統括,財務経理部,第二課,2024,202409,2Q,100002,売上原価,S003,調整,144864010,215062977
20230925,博報堂プロダクツ,営業統括,総務部,企画課,2023,202309,2Q,400001,媒体手数料収入,S001,通常,243447880,370996386
20240812,読売広告社,クリエイティブ統括,財務経理部,運用課,2024,202408,2Q,500002,媒体社リベート,S003,調整,250896518,311865655
20241011,博報堂,デジタル統括,第二営業部,第一課,2024,202410,3Q,400001,媒体手数料収入,S001,通常,276256204,223533782
20240727,大広,デジタル統括,クリエイティブ部,運用課,2024,202407,2Q,200003,減価償却費,S002,特別,80910039,99034268
20240516,大広,クリエイティブ統括,クリエイティブ部,第三課,2024,202405,1Q,100003,売上総利益,S001,通常,203613457,168868006
20240508,大広,クリエイティブ統括,財務経理部,管理課,2024,202405,1Q,200001,人件費,S002,特別,25829354,18966923
20250219,博報堂,デジタル統括,財務経理部,開発課,2024,202502,4Q,500001,広告主負担金,S001,通常,50697373,51331902
20230524,博報堂プロダクツ,クリエイティブ統括,経営企画部,運用課,2023,202305,1Q,300001,営業利益,S002,特別,409964434,396577610
20240516,博報堂DYメディアパートナーズ,管理統括,メディアプランニング部,第二課,2024,202405,1Q,200003,減価償却費,S004,見込,104557347,174022617
20230511,読売広告社,営業統括,メディアプランニング部,第三課,2023,202305,1Q,400003,コンサルティング収入,S003,調整,264681484,333829087
20250108,博報堂DYメディアパートナーズ,デジタル統括,デジタルマーケティング部,管理課,2024,202501,4Q,500001,広告主負担金,S001,通常,128177613,130242027
20241226,大広,クリエイティブ統括,メディアプランニング部,第三課,2024,202412,3Q,300001,営業利益,S004,見込,548773786,445236654
20231106,大広,営業統括,人事部,企画課,2023,202311,3Q,100003,売上総利益,S002,特別,150585688,119426864
20240618,博報堂プロダクツ,クリエイティブ統括,第一営業部,第三課,2024,202406,1Q,500001,広告主負担金,S004,見込,355663479,260133447
20230627,博報堂DYメディアパートナーズ,営業統括,財務経理部,推進課,2023,202306,1Q,200003,減価償却費,S005,確定,455101688,342525389
20241101,博報堂DYメディアパートナーズ,メディア統括,第二営業部,第一課,2024,202411,3Q,200003,減価償却費,S003,調整,106221456,88125357
20250301,博報堂,管理統括,第二営業部,第一課,2024,202503,4Q,500001,広告主負担金,S002,特別,447941656,355258156
20250202,大広,メディア統括,デジタルマーケティング部,運用課,2024,202502,4Q,200003,減価償却費,S005,確定,415986840,310331384
20231116,大広,クリエイティブ統括,経営企画部,推進課,2023,202311,3Q,100002,売上原価,S003,調整,362267000,428537823
20230827,博報堂DYメディアパートナーズ,デジタル統括,クリエイティブ部,運用課,2023,202308,2Q,400003,コンサルティング収入,S002,特別,393402082,325939627
20241218,博報堂DYメディアパートナーズ,管理統括,第二営業部,管理課,2024,202412,3Q,200003,減価償却費,S004,見込,443556550,473786542
20241115,大広,クリエイティブ統括,人事部,開発課,2024,202411,3Q,300001,営業利益,S001,通常,415274540,487389231
20241027,大広,デジタル統括,経営企画部,運用課,2024,202410,3Q,300001,営業利益,S005,確定,120988255,122977949
20240516,博報堂プロダクツ,メディア統括,第一営業部,管理課,2024,202405,1Q,500002,媒体社リベート,S001,通常,583869969,471503912
20240617,博報堂,メディア統括,クリエイティブ部,運用課,2024,202406,1Q,100001,売上高,S002,特別,183468087,248588634
20230504,博報堂,デジタル統括,財務経理部,推進課,2023,202305,1Q,500001,広告主負担金,S004,見込,401220146,320019928
20230726,読売広告社,デジタル統括,制作部,開発課,2023,202307,2Q,200001,人件費,S005,確定,40169704,42732940
20231028,読売広告社,クリエイティブ統括,第二営業部,管理課,2023,202310,3Q,400001,媒体手数料収入,S004,見込,586180620,482875531
20231227,大広,管理統括,制作部,管理課,2023,202312,3Q,500002,媒体社リベート,S005,確定,302708813,456734263
20240502,大広,デジタル統括,総務部,第三課,2024,202405,1Q,400001,媒体手数料収入,S004,見込,354947566,472760781
20240925,博報堂プロダクツ,メディア統括,制作部,管理課,2024,202409,2Q,500002,媒体社リベート,S001,通常,281708531,462591242
20250107,博報堂,デジタル統括,経営企画部,推進課,2024,202501,4Q,500002,媒体社リベート,S001,通常,646854375,464295115
20230515,読売広告社,管理統括,第二営業部,第一課,2023,202305,1Q,500001,広告主負担金,S005,確定,328887388,444070612
20230412,博報堂DYメディアパートナーズ,営業統括,経営企画部,開発課,2023,202304,1Q,400003,コンサルティング収入,S004,見込,169992979,226655973
20250121,大広,クリエイティブ統括,人事部,管理課,2024,202501,4Q,100001,売上高,S003,調整,97485272,128036851
20250320,博報堂DYメディアパートナーズ,クリエイティブ統括,経営企画部,第一課,2024,202503,4Q,400003,コンサルティング収入,S003,調整,471368608,403978364
20241111,読売広告社,メディア統括,メディアプランニング部,第二課,2024,202411,3Q,300002,経常利益,S003,調整,146849791,230603086
20230617,博報堂プロダクツ,デジタル統括,クリエイティブ部,推進課,2023,202306,1Q,200003,減価償却費,S004,見込,42171072,59319040
20241021,博報堂プロダクツ,メディア統括,第二営業部,企画課,2024,202410,3Q,200002,経費,S001,通常,423839162,457581521
20240214,博報堂DYメディアパートナーズ,クリエイティブ統括,経営企画部,開発課,2023,202402,4Q,200002,経費,S002,特別,125646520,168670772
20240215,博報堂プロダクツ,管理統括,財務経理部,推進課,2023,202402,4Q,200001,人件費,S005,確定,351112264,364822365
20231115,読売広告社,管理統括,第一営業部,推進課,2023,202311,3Q,300002,経常利益,S005,確定,281533978,343315139
20241120,大広,クリエイティブ統括,財務経理部,開発課,2024,202411,3Q,200003,減価償却費,S004,見込,260609959,254592542
20230410,博報堂DYメディアパートナーズ,管理統括,総務部,第三課,2023,202304,1Q,100001,売上高,S001,通常,160548382,153761347
20240815,読売広告社,営業統括,制作部,運用課,2024,202408,2Q,400002,制作収入,S001,通常,193641117,163811733
20231002,読売広告社,メディア統括,経営企画部,運用課,2023,202310,3Q,200002,経費,S004,見込,386380858,354294129
20250301,博報堂プロダクツ,管理統括,人事部,運用課,2024,202503,4Q,300002,経常利益,S002,特別,188161827,241200222
20241112,読売広告社,クリエイティブ統括,メディアプランニング部,第一課,2024,202411,3Q,400003,コンサルティング収入,S004,見込,221132846,332102334
20250215,読売広告社,デジタル統括,デジタルマーケティング部,推進課,2024,202502,4Q,100001,売上高,S004,見込,276729072,420107735
20231014,博報堂DYメディアパートナーズ,メディア統括,クリエイティブ部,第三課,2023,202310,3Q,100002,売上原価,S005,確定,230426946,235533373
20240105,博報堂プロダクツ,メディア統括,総務部,推進課,2023,202401,4Q,200001,人件費,S005,確定,72408062,52970997
20250214,博報堂,クリエイティブ統括,第一営業部,第二課,2024,202502,4Q,500001,広告主負担金,S004,見込,175801224,223406957
20250121,大広,クリエイティブ統括,メディアプランニング部,管理課,2024,202501,4Q,100001,売上高,S002,特別,124005103,174173530
20240117,博報堂,メディア統括,財務経理部,開発課,2023,202401,4Q,100003,売上総利益,S004,見込,18339717,22701140
20241009,博報堂DYメディアパートナーズ,管理統括,デジタルマーケティング部,運用課,2024,202410,3Q,500001,広告主負担金,S001,通常,330220042,332834401
20231025,博報堂プロダクツ,クリエイティブ統括,人事部,第二課,2023,202310,3Q,200002,経費,S003,調整,47096980,62585847
20241107,博報堂,管理統括,人事部,企画課,2024,202411,3Q,100001,売上高,S002,特別,78369255,111409919
20230606,博報堂,管理統括,財務経理部,運用課,2023,202306,1Q,300002,経常利益,S002,特別,182228199,140022382
20230702,博報堂,デジタル統括,メディアプランニング部,運用課,2023,202307,2Q,400003,コンサルティング収入,S002,特別,311236195,260614788
20230908,読売広告社,メディア統括,経営企画部,推進課,2023,202309,2Q,200001,人件費,S002,特別,81398510,59379538
20240116,読売広告社,メディア統括,メディアプランニング部,第一課,2023,202401,4Q,200003,減価償却費,S002,特別,60115586,57130740
20230517,博報堂DYメディアパートナーズ,営業統括,制作部,第一課,2023,202305,1Q,500001,広告主負担金,S001,通常,153682111,120965135
20240327,博報堂,クリエイティブ統括,経営企画部,管理課,2023,202403,4Q,500001,広告主負担金,S001,通常,414060924,367540221
20241202,博報堂,クリエイティブ統括,メディアプランニング部,管理課,2024,202412,3Q,400002,制作収入,S005,確定,10740928,8765604
20250222,博報堂DYメディアパートナーズ,メディア統括,第二営業部,第二課,2024,202502,4Q,200002,経費,S005,確定,528503610,386946312
20230809,読売広告社,クリエイティブ統括,財務経理部,第一課,2023,202308,2Q,400002,制作収入,S003,調整,388686802,316561367
20230821,博報堂プロダクツ,管理統括,クリエイティブ部,企画課,2023,202308,2Q,100002,売上原価,S002,特別,149660559,189951121
20230910,博報堂,クリエイティブ統括,経営企画部,第一課,2023,202309,2Q,400002,制作収入,S003,調整,505817501,496920904
20241113,大広,クリエイティブ統括,第二営業部,管理課,2024,202411,3Q,100001,売上高,S004,見込,232639245,212693669
20241109,読売広告社,クリエイティブ統括,経営企画部,運用課,2024,202411,3Q,200003,減価償却費,S002,特別,392554943,377486066
20241120,読売広告社,管理統括,制作部,第二課,2024,202411,3Q,200001,人件費,S005,確定,219659456,186983166
20241228,博報堂DYメディアパートナーズ,クリエイティブ統括,財務経理部,第三課,2024,202412,3Q,400002,制作収入,S005,確定,120233775,96395129
20241128,博報堂プロダクツ,営業統括,クリエイティブ部,運用課,2024,202411,3Q,200001,人件費,S002,特別,287061344,310643561
20230728,読売広告社,メディア統括,総務部,推進課,2023,202307,2Q,400003,コンサルティング収入,S003,調整,363517658,358532662
20240416,読売広告社,メディア統括,経営企画部,第一課,2024,202404,1Q,300002,経常利益,S004,見込,651807650,479916644
20230618,読売広告社,メディア統括,制作部,開発課,2023,202306,1Q,400001,媒体手数料収入,S001,通常,361003563,276729207
20241124,博報堂DYメディアパートナーズ,営業統括,総務部,第一課,2024,202411,3Q,100002,売上原価,S005,確定,58731892,72090856
20240318,博報堂DYメディアパートナーズ,管理統括,第一営業部,運用課,2023,202403,4Q,400001,媒体手数料収入,S002,特別,64367350,73015900
20230716,博報堂,メディア統括,第二営業部,運用課,2023,202307,2Q,200002,経費,S004,見込,67976201,58509319
20231214,読売広告社,営業統括,財務経理部,開発課,2023,202312,3Q,500001,広告主負担金,S003,調整,285336007,257769080
20231116,博報堂DYメディアパートナーズ,デジタル統括,経営企画部,第二課,2023,202311,3Q,100001,売上高,S001,通常,400863383,371390243
20250101,読売広告社,管理統括,第二営業部,管理課,2024,202501,4Q,400001,媒体手数料収入,S003,調整,120725561,173498942
20230415,博報堂DYメディアパートナーズ,管理統括,財務経理部,運用課,2023,202304,1Q,200003,減価償却費,S001,通常,62168445,75794791
20240106,博報堂,クリエイティブ統括,第一営業部,第三課,2023,202401,4Q,400001,媒体手数料収入,S005,確定,59256623,71206779
20250320,博報堂プロダクツ,営業統括,総務部,企画課,2024,202503,4Q,100001,売上高,S005,確定,435864519,314555217
20240113,博報堂プロダクツ,クリエイティブ統括,総務部,運用課,2023,202401,4Q,400002,制作収入,S002,特別,41355755,31888962
20240908,博報堂,管理統括,経営企画部,運用課,2024,202409,2Q,500001,広告主負担金,S005,確定,439758279,400232891
20230403,博報堂,デジタル統括,クリエイティブ部,第二課,2023,202304,1Q,200002,経費,S002,特別,542235644,394958073
20230826,博報堂DYメディアパートナーズ,メディア統括,クリエイティブ部,管理課,2023,202308,2Q,100002,売上原価,S005,確定,227349875,298075310
20231216,読売広告社,営業統括,制作部,開発課,2023,202312,3Q,300001,営業利益,S003,調整,425547208,413792267
20230713,博報堂,メディア統括,人事部,運用課,2023,202307,2Q,400002,制作収入,S005,確定,548076266,451594016
20231226,博報堂DYメディアパートナーズ,クリエイティブ統括,デジタルマーケティング部,第一課,2023,202312,3Q,400001,媒体手数料収入,S005,確定,24048325,23401377
20230623,大広,クリエイティブ統括,デジタルマーケティング部,推進課,2023,202306,1Q,500002,媒体社リベート,S004,見込,254106758,259460019
20240217,大広,管理統括,クリエイティブ部,運用課,2023,202402,4Q,500001,広告主負担金,S005,確定,303470404,293181897
20231027,博報堂,メディア統括,第二営業部,運用課,2023,202310,3Q,400001,媒体手数料収入,S005,確定,120133816,151950436
20231010,博報堂プロダクツ,管理統括,第二営業部,第二課,2023,202310,3Q,100002,売上原価,S002,特別,182897787,186167733
20240409,読売広告社,デジタル統括,クリエイティブ部,開発課,2024,202404,1Q,100002,売上原価,S002,特別,225164174,272128499
20240914,博報堂DYメディアパートナーズ,デジタル統括,第一営業部,管理課,2024,202409,2Q,200003,減価償却費,S005,確定,500831460,493625208
20240318,博報堂,デジタル統括,第一営業部,第二課,2023,202403,4Q,100002,売上原価,S002,特別,26250623,39380899
20230709,博報堂,営業統括,総務部,第一課,2023,202307,2Q,200003,減価償却費,S003,調整,420409183,484896331
20241022,大広,メディア統括,第二営業部,開発課,2024,202410,3Q,200003,減価償却費,S004,見込,86926021,117466487
20230627,博報堂プロダクツ,クリエイティブ統括,第二営業部,企画課,2023,202306,1Q,400001,媒体手数料収入,S004,見込,312489466,368110862
20240422,博報堂プロダクツ,営業統括,メディアプランニング部,企画課,2024,202404,1Q,400001,媒体手数料収入,S001,通常,10599931,12898312
20230623,博報堂,営業統括,メディアプランニング部,開発課,2023,202306,1Q,100003,売上総利益,S001,通常,211420226,344225814
20230612,博報堂プロダクツ,デジタル統括,メディアプランニング部,開発課,2023,202306,1Q,200002,経費,S002,特別,300139230,321806984
20230610,博報堂,管理統括,総務部,第三課,2023,202306,1Q,300001,営業利益,S003,調整,83319049,121042937
20240504,博報堂DYメディアパートナーズ,管理統括,経営企画部,企画課,2024,202405,1Q,300002,経常利益,S005,確定,123462896,185797571
20250218,博報堂,営業統括,メディアプランニング部,企画課,2024,202502,4Q,200001,人件費,S004,見込,139856758,169146861
20240121,博報堂プロダクツ,営業統括,第二営業部,運用課,2023,202401,4Q,500001,広告主負担金,S005,確定,324393994,484749795
20230715,博報堂DYメディアパートナーズ,デジタル統括,財務経理部,管理課,2023,202307,2Q,400002,制作収入,S003,調整,374064401,270980596
20230626,大広,クリエイティブ統括,制作部,第一課,2023,202306,1Q,200003,減価償却費,S002,特別,524643376,391487626
20250107,読売広告社,クリエイティブ統括,第二営業部,推進課,2024,202501,4Q,100001,売上高,S003,調整,188486466,212763266
20241202,博報堂,メディア統括,クリエイティブ部,管理課,2024,202412,3Q,400001,媒体手数料収入,S003,調整,67212206,91899848
20240922,博報堂DYメディアパートナーズ,デジタル統括,クリエイティブ部,開発課,2024,202409,2Q,400002,制作収入,S002,特別,273681567,234056537
20240725,博報堂DYメディアパートナーズ,メディア統括,第二営業部,管理課,2024,202407,2Q,500002,媒体社リベート,S004,見込,99030402,141093582
20240710,博報堂,管理統括,経営企画部,企画課,2024,202407,2Q,100001,売上高,S001,通常,541273872,490586490
20240221,博報堂プロダクツ,デジタル統括,メディアプランニング部,第二課,2023,202402,4Q,300002,経常利益,S001,通常,275697577,215908795
20241213,大広,管理統括,第二営業部,第一課,2024,202412,3Q,300002,経常利益,S005,確定,64330016,64390429
20240512,博報堂,管理統括,クリエイティブ部,第三課,2024,202405,1Q,100001,売上高,S002,特別,233598585,169395386
20230618,読売広告社,営業統括,制作部,運用課,2023,202306,1Q,100001,売上高,S002,特別,268006711,312649715
20240524,大広,デジタル統括,クリエイティブ部,管理課,2024,202405,1Q,200001,人件費,S004,見込,53335441,56418717
20240117,読売広告社,営業統括,経営企画部,企画課,2023,202401,4Q,300002,経常利益,S005,確定,342561286,247199974
20240209,博報堂,デジタル統括,第二営業部,管理課,2023,202402,4Q,100001,売上高,S005,確定,130499626,136447447
20240918,大広,メディア統括,クリエイティブ部,管理課,2024,202409,2Q,300002,経常利益,S004,見込,199322429,226072767
20241005,読売広告社,管理統括,財務経理部,企画課,2024,202410,3Q,500001,広告主負担金,S004,見込,477147002,422260715
20240810,博報堂プロダクツ,管理統括,第二営業部,第二課,2024,202408,2Q,400001,媒体手数料収入,S002,特別,282735853,360936524
20240517,大広,営業統括,人事部,推進課,2024,202405,1Q,100003,売上総利益,S002,特別,120043607,134274394
20240906,読売広告社,メディア統括,財務経理部,企画課,2024,202409,2Q,300001,営業利益,S004,見込,11829316,15980875
20240426,大広,デジタル統括,第二営業部,運用課,2024,202404,1Q,500001,広告主負担金,S003,調整,222993426,174442516
20240713,博報堂DYメディアパートナーズ,クリエイティブ統括,人事部,運用課,2024,202407,2Q,200002,経費,S001,通常,465287903,442240286
20230401,博報堂DYメディアパートナーズ,営業統括,クリエイティブ部,企画課,2023,202304,1Q,400002,制作収入,S001,通常,425538512,461136518
20241227,博報堂プロダクツ,クリエイティブ統括,総務部,第三課,2024,202412,3Q,400001,媒体手数料収入,S002,特別,260820719,405569591
20230811,博報堂,クリエイティブ統括,総務部,推進課,2023,202308,2Q,300001,営業利益,S002,特別,227630447,220187307
20240920,博報堂プロダクツ,クリエイティブ統括,クリエイティブ部,運用課,2024,202409,2Q,400001,媒体手数料収入,S001,通常,488782848,487785205
20241213,博報堂DYメディアパートナーズ,クリエイティブ統括,メディアプランニング部,第三課,2024,202412,3Q,100003,売上総利益,S002,特別,183572377,259937463
20230509,博報堂DYメディアパートナーズ,メディア統括,クリエイティブ部,開発課,2023,202305,1Q,100003,売上総利益,S002,特別,229840205,257492343
20231010,博報堂DYメディアパートナーズ,クリエイティブ統括,人事部,運用課,2023,202310,3Q,400002,制作収入,S005,確定,7316202,5763959
20230618,読売広告社,メディア統括,メディアプランニング部,企画課,2023,202306,1Q,400002,制作収入,S003,調整,413848145,374419406
20240502,博報堂,デジタル統括,制作部,推進課,2024,202405,1Q,500002,媒体社リベート,S002,特別,79076078,67533433
20240505,博報堂プロダクツ,デジタル統括,総務部,開発課,2024,202405,1Q,400003,コンサルティング収入,S004,見込,2112794,2810076
20240602,博報堂DYメディアパートナーズ,メディア統括,デジタルマーケティング部,企画課,2024,202406,1Q,200001,人件費,S005,確定,478816236,463887276
20240605,博報堂プロダクツ,デジタル統括,財務経理部,開発課,2024,202406,1Q,100003,売上総利益,S001,通常,398343187,315171035
20240207,博報堂プロダクツ,営業統括,デジタルマーケティング部,第二課,2023,202402,4Q,200001,人件費,S003,調整,89146877,73604481
20250119,読売広告社,メディア統括,財務経理部,運用課,2024,202501,4Q,500002,媒体社リベート,S005,確定,244147628,213843518
20240724,博報堂DYメディアパートナーズ,メディア統括,総務部,運用課,2024,202407,2Q,100002,売上原価,S002,特別,598534301,468218281
20231226,博報堂プロダクツ,営業統括,総務部,第三課,2023,202312,3Q,500002,媒体社リベート,S002,特別,102087866,85065082
20230803,大広,メディア統括,財務経理部,第一課,2023,202308,2Q,300001,営業利益,S005,確定,432856649,367017426
20240226,大広,営業統括,第二営業部,開発課,2023,202402,4Q,300001,営業利益,S003,調整,211017563,159891927
20230506,博報堂DYメディアパートナーズ,クリエイティブ統括,第二営業部,第二課,2023,202305,1Q,500001,広告主負担金,S003,調整,312966864,313463813
20250313,読売広告社,クリエイティブ統括,メディアプランニング部,開発課,2024,202503,4Q,300001,営業利益,S005,確定,156439654,159417250
20241027,博報堂DYメディアパートナーズ,クリエイティブ統括,第一営業部,第一課,2024,202410,3Q,100002,売上原価,S001,通常,263538554,251617485
20250205,大広,メディア統括,財務経理部,推進課,2024,202502,4Q,400002,制作収入,S001,通常,432601366,373611326
20240918,大広,管理統括,総務部,企画課,2024,202409,2Q,100002,売上原価,S002,特別,90785084,134850907
20240424,博報堂DYメディアパートナーズ,デジタル統括,メディアプランニング部,企画課,2024,202404,1Q,300001,営業利益,S005,確定,251492522,179664100
20240817,博報堂DYメディアパートナーズ,デジタル統括,デジタルマーケティング部,企画課,2024,202408,2Q,400002,制作収入,S005,確定,398503556,318113917
20240114,読売広告社,営業統括,第二営業部,第一課,2023,202401,4Q,400003,コンサルティング収入,S001,通常,259246010,315421612
20240824,博報堂DYメディアパートナーズ,営業統括,財務経理部,開発課,2024,202408,2Q,200001,人件費,S004,見込,172962002,183055056
20230616,博報堂,営業統括,財務経理部,第一課,2023,202306,1Q,100003,売上総利益,S005,確定,271610262,313736618
20240912,読売広告社,デジタル統括,総務部,第一課,2024,202409,2Q,400001,媒体手数料収入,S002,特別,339653457,312424640
20231011,博報堂DYメディアパートナーズ,管理統括,クリエイティブ部,第二課,2023,202310,3Q,300002,経常利益,S001,通常,234527392,361187841
20240511,博報堂,営業統括,メディアプランニング部,第二課,2024,202405,1Q,100001,売上高,S004,見込,204619765,149459416
20240924,読売広告社,営業統括,メディアプランニング部,開発課,2024,202409,2Q,500002,媒体社リベート,S005,確定,102092699,165067349
20230914,博報堂DYメディアパートナーズ,メディア統括,デジタルマーケティング部,管理課,2023,202309,2Q,100003,売上総利益,S003,調整,353750118,360884873
20230614,大広,クリエイティブ統括,デジタルマーケティング部,運用課,2023,202306,1Q,400001,媒体手数料収入,S005,確定,218675175,194752772
20240708,大広,営業統括,クリエイティブ部,開発課,2024,202407,2Q,500001,広告主負担金,S004,見込,308938383,243598787
20240508,読売広告社,クリエイティブ統括,第一営業部,開発課,2024,202405,1Q,400001,媒体手数料収入,S001,通常,181435890,269638271
20240420,読売広告社,メディア統括,デジタルマーケティング部,第三課,2024,202404,1Q,500001,広告主負担金,S002,特別,214431900,308624903
20230924,博報堂DYメディアパートナーズ,クリエイティブ統括,財務経理部,管理課,2023,202309,2Q,200002,経費,S003,調整,138339000,171733731
20240828,博報堂プロダクツ,営業統括,デジタルマーケティング部,第二課,2024,202408,2Q,400002,制作収入,S001,通常,18364212,15312008
20240612,読売広告社,クリエイティブ統括,デジタルマーケティング部,第三課,2024,202406,1Q,400002,制作収入,S005,確定,196147692,141219049
20240221,博報堂DYメディアパートナーズ,クリエイティブ統括,第一営業部,第二課,2023,202402,4Q,400002,制作収入,S003,調整,209197552,153432475
20231110,大広,管理統括,第一営業部,推進課,2023,202311,3Q,400003,コンサルティング収入,S003,調整,217360525,348769328
20240223,読売広告社,デジタル統括,メディアプランニング部,推進課,2023,202402,4Q,400002,制作収入,S004,見込,284704753,332511694
20240202,博報堂プロダクツ,営業統括,経営企画部,管理課,2023,202402,4Q,400001,媒体手数料収入,S001,通常,266245460,262640263
20250127,博報堂,管理統括,メディアプランニング部,企画課,2024,202501,4Q,200003,減価償却費,S002,特別,477593235,433441403
20230907,博報堂プロダクツ,クリエイティブ統括,第二営業部,第三課,2023,202309,2Q,500001,広告主負担金,S002,特別,66108454,94050364
20230711,読売広告社,メディア統括,クリエイティブ部,運用課,2023,202307,2Q,500002,媒体社リベート,S005,確定,317261950,414992822
20240224,読売広告社,管理統括,クリエイティブ部,管理課,2023,202402,4Q,300001,営業利益,S002,特別,138273004,197338655
20250223,博報堂,デジタル統括,デジタルマーケティング部,第三課,2024,202502,4Q,500002,媒体社リベート,S004,見込,628479547,450275143
20241214,博報堂,メディア統括,クリエイティブ部,管理課,2024,202412,3Q,400001,媒体手数料収入,S005,確定,157728773,194333825
20230414,大広,デジタル統括,第二営業部,開発課,2023,202304,1Q,400001,媒体手数料収入,S005,確定,80335277,130053879
20240220,博報堂プロダクツ,営業統括,総務部,企画課,2023,202402,4Q,100002,売上原価,S003,調整,342587224,381147242
20230807,読売広告社,デジタル統括,第一営業部,開発課,2023,202308,2Q,200001,人件費,S003,調整,38534979,43144563
20241015,大広,メディア統括,第二営業部,第三課,2024,202410,3Q,200001,人件費,S005,確定,166892154,136665351
20231106,博報堂,管理統括,経営企画部,開発課,2023,202311,3Q,400002,制作収入,S004,見込,74927395,80799474
20240613,大広,管理統括,クリエイティブ部,推進課,2024,202406,1Q,400002,制作収入,S004,見込,34865873,46152162
20231205,大広,管理統括,クリエイティブ部,第三課,2023,202312,3Q,200003,減価償却費,S002,特別,135311806,162509362
20241222,大広,管理統括,デジタルマーケティング部,第二課,2024,202412,3Q,400002,制作収入,S001,通常,67548126,86922348
20230613,博報堂プロダクツ,メディア統括,第二営業部,推進課,2023,202306,1Q,400003,コンサルティング収入,S004,見込,51344959,37649573
20240227,博報堂,クリエイティブ統括,第一営業部,第三課,2023,202402,4Q,500002,媒体社リベート,S001,通常,109922664,181230741
20230512,博報堂DYメディアパートナーズ,デジタル統括,人事部,企画課,2023,202305,1Q,400002,制作収入,S003,調整,217581754,358005207
20250118,博報堂,クリエイティブ統括,財務経理部,管理課,2024,202501,4Q,200002,経費,S001,通常,132358990,113909093
20231022,博報堂,営業統括,経営企画部,企画課,2023,202310,3Q,400001,媒体手数料収入,S002,特別,37766470,46955123
20240228,読売広告社,メディア統括,デジタルマーケティング部,企画課,2023,202402,4Q,500001,広告主負担金,S001,通常,130707605,178770749
20231111,読売広告社,メディア統括,第二営業部,推進課,2023,202311,3Q,400002,制作収入,S003,調整,476978962,389822104
20230917,博報堂DYメディアパートナーズ,営業統括,第一営業部,開発課,2023,202309,2Q,500001,広告主負担金,S003,調整,183460228,140173189
20230710,博報堂プロダクツ,クリエイティブ統括,経営企画部,推進課,2023,202307,2Q,400003,コンサルティング収入,S002,特別,216868624,199463559
20240408,博報堂プロダクツ,デジタル統括,デジタルマーケティング部,開発課,2024,202404,1Q,300001,営業利益,S005,確定,519573792,491132418
20250318,読売広告社,メディア統括,第一営業部,推進課,2024,202503,4Q,100003,売上総利益,S001,通常,44385404,57339163
20231119,博報堂DYメディアパートナーズ,メディア統括,メディアプランニング部,企画課,2023,202311,3Q,400003,コンサルティング収入,S002,特別,69842738,77845702
20230713,博報堂DYメディアパートナーズ,メディア統括,人事部,管理課,2023,202307,2Q,500001,広告主負担金,S002,特別,435706104,497375495
20240216,博報堂DYメディアパートナーズ,メディア統括,第一営業部,運用課,2023,202402,4Q,500002,媒体社リベート,S002,特別,68705054,68678874
20230424,博報堂プロダクツ,クリエイティブ統括,クリエイティブ部,推進課,2023,202304,1Q,500001,広告主負担金,S001,通常,541264078,423542401
20240325,読売広告社,管理統括,クリエイティブ部,第一課,2023,202403,4Q,500002,媒体社リベート,S005,確定,292141699,247384736
20240326,読売広告社,クリエイティブ統括,第二営業部,企画課,2023,202403,4Q,300001,営業利益,S005,確定,198332200,303744751
20241226,博報堂DYメディアパートナーズ,デジタル統括,経営企画部,第三課,2024,202412,3Q,200001,人件費,S001,通常,336547532,249626431
20240325,読売広告社,管理統括,財務経理部,管理課,2023,202403,4Q,200003,減価償却費,S001,通常,479024655,398294861
20240522,博報堂,メディア統括,総務部,第一課,2024,202405,1Q,400003,コンサルティング収入,S004,見込,325096941,328818999
20230713,博報堂DYメディアパートナーズ,営業統括,経営企画部,開発課,2023,202307,2Q,300001,営業利益,S001,通常,227740101,307330804
20230802,博報堂プロダクツ,デジタル統括,総務部,第一課,2023,202308,2Q,500002,媒体社リベート,S001,通常,193004827,297329150
20240919,博報堂プロダクツ,営業統括,制作部,第一課,2024,202409,2Q,100003,売上総利益,S004,見込,62861696,86697288
20250326,読売広告社,クリエイティブ統括,経営企画部,開発課,2024,202503,4Q,300002,経常利益,S005,確定,528677473,474442818
20240122,博報堂DYメディアパートナーズ,クリエイティブ統括,人事部,企画課,2023,202401,4Q,300001,営業利益,S005,確定,349818408,345581847
20230705,大広,管理統括,第二営業部,企画課,2023,202307,2Q,200003,減価償却費,S001,通常,367452785,331472500
20240628,博報堂DYメディアパートナーズ,営業統括,メディアプランニング部,管理課,2024,202406,1Q,300002,経常利益,S002,特別,93837686,95079769
20241127,博報堂DYメディアパートナーズ,メディア統括,人事部,開発課,2024,202411,3Q,300002,経常利益,S005,確定,317593691,307784795
20240315,博報堂プロダクツ,メディア統括,経営企画部,運用課,2023,202403,4Q,200003,減価償却費,S005,確定,183778586,223758016
20230922,博報堂DYメディアパートナーズ,管理統括,経営企画部,第二課,2023,202309,2Q,400002,制作収入,S003,調整,130595530,192239362
20230405,博報堂プロダクツ,クリエイティブ統括,経営企画部,管理課,2023,202304,1Q,100001,売上高,S001,通常,363207718,350849049
20250221,博報堂,クリエイティブ統括,第二営業部,第三課,2024,202502,4Q,100003,売上総利益,S005,確定,127509872,168435276
20230408,博報堂DYメディアパートナーズ,管理統括,経営企画部,推進課,2023,202304,1Q,400003,コンサルティング収入,S002,特別,475318155,386537815
20230825,博報堂プロダクツ,クリエイティブ統括,経営企画部,第一課,2023,202308,2Q,400002,制作収入,S003,調整,537809465,499842041
20250312,博報堂,デジタル統括,総務部,企画課,2024,202503,4Q,400003,コンサルティング収入,S001,通常,148971247,133708804
20241101,博報堂プロダクツ,営業統括,経営企画部,推進課,2024,202411,3Q,400002,制作収入,S004,見込,12323828,10242014
20240804,博報堂プロダクツ,メディア統括,第一営業部,開発課,2024,202408,2Q,500001,広告主負担金,S004,見込,155663838,198542739
20240824,博報堂プロダクツ,クリエイティブ統括,制作部,第二課,2024,202408,2Q,400003,コンサルティング収入,S001,通常,581604767,457900722
20250116,博報堂,デジタル統括,制作部,開発課,2024,202501,4Q,300001,営業利益,S005,確定,156600855,123907939
20240219,博報堂DYメディアパートナーズ,クリエイティブ統括,第二営業部,第二課,2023,202402,4Q,100001,売上高,S004,見込,435306417,329756929
20240222,博報堂DYメディアパートナーズ,営業統括,クリエイティブ部,推進課,2023,202402,4Q,400002,制作収入,S001,通常,13505815,16769138
20231018,博報堂プロダクツ,営業統括,総務部,第二課,2023,202310,3Q,100002,売上原価,S002,特別,56967664,76695322
20241219,博報堂プロダクツ,管理統括,第二営業部,管理課,2024,202412,3Q,200002,経費,S004,見込,326587178,321287917
20230617,読売広告社,管理統括,第二営業部,企画課,2023,202306,1Q,300002,経常利益,S001,通常,359144621,481738244
20231205,博報堂DYメディアパートナーズ,メディア統括,第二営業部,企画課,2023,202312,3Q,100003,売上総利益,S004,見込,96149322,129168959
20250303,博報堂DYメディアパートナーズ,営業統括,デジタルマーケティング部,管理課,2024,202503,4Q,200003,減価償却費,S005,確定,16153132,21120677
20230418,大広,クリエイティブ統括,メディアプランニング部,第三課,2023,202304,1Q,400002,制作収入,S001,通常,142129679,120742028
20230808,博報堂DYメディアパートナーズ,管理統括,制作部,第一課,2023,202308,2Q,100001,売上高,S004,見込,475171353,416036046
20230602,博報堂プロダクツ,クリエイティブ統括,第一営業部,第二課,2023,202306,1Q,500001,広告主負担金,S003,調整,446621980,359599740
20250114,博報堂,クリエイティブ統括,制作部,開発課,2024,202501,4Q,400003,コンサルティング収入,S003,調整,377471065,440502725
20240311,博報堂DYメディアパートナーズ,クリエイティブ統括,総務部,運用課,2023,202403,4Q,300001,営業利益,S002,特別,149550626,171760864
20250321,博報堂プロダクツ,デジタル統括,デジタルマーケティング部,開発課,2024,202503,4Q,100002,売上原価,S002,特別,126579532,175047415
20240816,博報堂,メディア統括,人事部,管理課,2024,202408,2Q,200002,経費,S005,確定,654529331,494262501
20240607,読売広告社,クリエイティブ統括,メディアプランニング部,開発課,2024,202406,1Q,200003,減価償却費,S005,確定,339510198,353783571
20240810,読売広告社,管理統括,第一営業部,第一課,2024,202408,2Q,100001,売上高,S001,通常,392736170,405525723
20240203,博報堂プロダクツ,管理統括,財務経理部,第一課,2023,202402,4Q,400001,媒体手数料収入,S004,見込,239218203,269557269
20230726,博報堂DYメディアパートナーズ,デジタル統括,デジタルマーケティング部,開発課,2023,202307,2Q,100002,売上原価,S002,特別,384596124,496026483
20230702,大広,営業統括,総務部,開発課,2023,202307,2Q,400003,コンサルティング収入,S003,調整,472916120,338513628
20230511,読売広告社,デジタル統括,人事部,推進課,2023,202305,1Q,300001,営業利益,S003,調整,121188622,179638736
20230419,大広,営業統括,第二営業部,管理課,2023,202304,1Q,400003,コンサルティング収入,S004,見込,287582793,413601270
20230911,博報堂DYメディアパートナーズ,デジタル統括,第一営業部,推進課,2023,202309,2Q,100003,売上総利益,S002,特別,15104524,17367266
20240714,博報堂DYメディアパートナーズ,デジタル統括,クリエイティブ部,第一課,2024,202407,2Q,200002,経費,S002,特別,155797551,168995741
20231101,大広,クリエイティブ統括,財務経理部,運用課,2023,202311,3Q,300002,経常利益,S004,見込,270346341,333207784
20250124,博報堂プロダクツ,デジタル統括,第一営業部,運用課,2024,202501,4Q,300001,営業利益,S003,調整,291886808,387769985
20240609,大広,デジタル統括,メディアプランニング部,第三課,2024,202406,1Q,200001,人件費,S002,特別,148735814,242785030
20230626,大広,営業統括,メディアプランニング部,第二課,2023,202306,1Q,400001,媒体手数料収入,S005,確定,167077933,262072440
20250117,博報堂,管理統括,第一営業部,企画課,2024,202501,4Q,100002,売上原価,S004,見込,397766328,424579542
20240625,博報堂DYメディアパートナーズ,クリエイティブ統括,財務経理部,第三課,2024,202406,1Q,100001,売上高,S002,特別,473509855,459729440
20250222,博報堂,メディア統括,総務部,推進課,2024,202502,4Q,400001,媒体手数料収入,S005,確定,185779119,152900716
20240427,読売広告社,メディア統括,第一営業部,第二課,2024,202404,1Q,400002,制作収入,S002,特別,404844981,423659408
20241202,読売広告社,営業統括,人事部,推進課,2024,202412,3Q,400001,媒体手数料収入,S001,通常,160991484,262838246
20240220,読売広告社,メディア統括,クリエイティブ部,開発課,2023,202402,4Q,200001,人件費,S003,調整,349437461,460882450
20240611,博報堂DYメディアパートナーズ,メディア統括,総務部,運用課,2024,202406,1Q,200001,人件費,S002,特別,183465949,174453905
20230918,博報堂プロダクツ,営業統括,総務部,推進課,2023,202309,2Q,300002,経常利益,S004,見込,10213029,12149699
20250108,大広,デジタル統括,制作部,第三課,2024,202501,4Q,100002,売上原価,S001,通常,3381476,5180436
20250226,博報堂DYメディアパートナーズ,管理統括,総務部,第二課,2024,202502,4Q,500001,広告主負担金,S004,見込,330804232,272801974
20250202,博報堂DYメディアパートナーズ,デジタル統括,人事部,第一課,2024,202502,4Q,200002,経費,S001,通常,415114486,468732191
20240514,大広,管理統括,第二営業部,管理課,2024,202405,1Q,300001,営業利益,S002,特別,543370179,481636631
20240810,読売広告社,営業統括,総務部,管理課,2024,202408,2Q,100002,売上原価,S002,特別,367441411,373114257
20231006,読売広告社,クリエイティブ統括,デジタルマーケティング部,第三課,2023,202310,3Q,400001,媒体手数料収入,S004,見込,244608453,204702645
20230911,大広,営業統括,制作部,第一課,2023,202309,2Q,300001,営業利益,S005,確定,323416483,460460853
20240404,博報堂プロダクツ,メディア統括,財務経理部,開発課,2024,202404,1Q,300001,営業利益,S003,調整,384149843,359957815
20240407,大広,デジタル統括,メディアプランニング部,企画課,2024,202404,1Q,200001,人件費,S004,見込,366536106,381197499
20241118,博報堂DYメディアパートナーズ,デジタル統括,デジタルマーケティング部,企画課,2024,202411,3Q,100001,売上高,S003,調整,255534497,207067739
20240526,博報堂DYメディアパートナーズ,管理統括,制作部,開発課,2024,202405,1Q,400002,制作収入,S001,通常,409209007,343321308
20231204,博報堂DYメディアパートナーズ,管理統括,第一営業部,推進課,2023,202312,3Q,400003,コンサルティング収入,S004,見込,208248593,326576112
20231105,博報堂DYメディアパートナーズ,営業統括,人事部,企画課,2023,202311,3Q,300001,営業利益,S002,特別,345649034,260309426
20250321,大広,デジタル統括,経営企画部,第三課,2024,202503,4Q,200003,減価償却費,S002,特別,92198232,149536389
20230721,博報堂プロダクツ,デジタル統括,デジタルマーケティング部,推進課,2023,202307,2Q,100002,売上原価,S001,通常,169422639,143167003
20241114,大広,クリエイティブ統括,第二営業部,管理課,2024,202411,3Q,400001,媒体手数料収入,S001,通常,327269717,370409559
20241214,博報堂,メディア統括,経営企画部,管理課,2024,202412,3Q,400002,制作収入,S002,特別,415857619,322347079
20240726,博報堂,営業統括,第二営業部,第一課,2024,202407,2Q,300002,経常利益,S004,見込,80889520,106120522
20230512,博報堂DYメディアパートナーズ,営業統括,人事部,開発課,2023,202305,1Q,200002,経費,S001,通常,363749779,320881570
20250101,読売広告社,メディア統括,デジタルマーケティング部,管理課,2024,202501,4Q,300001,営業利益,S002,特別,91005853,118951773
20230620,博報堂プロダクツ,クリエイティブ統括,総務部,企画課,2023,202306,1Q,200001,人件費,S001,通常,165534343,162886098
20240725,読売広告社,メディア統括,総務部,第三課,2024,202407,2Q,100003,売上総利益,S002,特別,253846745,238088283
20241212,大広,クリエイティブ統括,第二営業部,第三課,2024,202412,3Q,400002,制作収入,S003,調整,315134944,437015616
20250106,大広,営業統括,人事部,企画課,2024,202501,4Q,100001,売上高,S005,確定,508978883,473384693
20230622,博報堂プロダクツ,管理統括,財務経理部,第三課,2023,202306,1Q,500002,媒体社リベート,S004,見込,186063369,184592415
20241113,大広,デジタル統括,制作部,開発課,2024,202411,3Q,100001,売上高,S002,特別,473782979,407884008
20240519,大広,デジタル統括,制作部,運用課,2024,202405,1Q,200002,経費,S002,特別,247957260,182351709
20240903,博報堂,管理統括,第二営業部,開発課,2024,202409,2Q,200003,減価償却費,S002,特別,204713152,321665776
20230601,博報堂,クリエイティブ統括,第一営業部,運用課,2023,202306,1Q,200003,減価償却費,S004,見込,173560026,217935661
20240905,博報堂,管理統括,クリエイティブ部,推進課,2024,202409,2Q,400003,コンサルティング収入,S005,確定,574414999,426155815
20230426,博報堂プロダクツ,営業統括,第二営業部,第二課,2023,202304,1Q,100002,売上原価,S005,確定,404880529,439244563
20240127,博報堂,営業統括,制作部,開発課,2023,202401,4Q,100003,売上総利益,S002,特別,54415170,62744026
20250317,読売広告社,営業統括,第二営業部,推進課,2024,202503,4Q,100002,売上原価,S002,特別,180820120,280146566
20250314,博報堂プロダクツ,管理統括,デジタルマーケティング部,第一課,2024,202503,4Q,100003,売上総利益,S005,確定,195072659,180419076
20240208,博報堂,営業統括,デジタルマーケティング部,運用課,2023,202402,4Q,200003,減価償却費,S005,確定,170152590,135379477
20240515,読売広告社,管理統括,制作部,推進課,2024,202405,1Q,100003,売上総利益,S003,調整,359483242,388371636
20230818,博報堂DYメディアパートナーズ,デジタル統括,制作部,企画課,2023,202308,2Q,400002,制作収入,S005,確定,389143774,490143345
20230424,博報堂,クリエイティブ統括,クリエイティブ部,管理課,2023,202304,1Q,400003,コンサルティング収入,S003,調整,231871542,231105899
20240316,博報堂プロダクツ,メディア統括,人事部,開発課,2023,202403,4Q,300002,経常利益,S005,確定,216021209,155983268
20230609,博報堂プロダクツ,クリエイティブ統括,デジタルマーケティング部,運用課,2023,202306,1Q,100001,売上高,S001,通常,643502975,478024724
20230614,博報堂プロダクツ,管理統括,クリエイティブ部,推進課,2023,202306,1Q,100002,売上原価,S001,通常,43377429,59361552
20241028,博報堂プロダクツ,管理統括,制作部,第一課,2024,202410,3Q,400003,コンサルティング収入,S004,見込,371891123,319797060
20241027,博報堂DYメディアパートナーズ,管理統括,第一営業部,開発課,2024,202410,3Q,100002,売上原価,S005,確定,234130725,236835026
20231223,博報堂DYメディアパートナーズ,営業統括,メディアプランニング部,開発課,2023,202312,3Q,100001,売上高,S003,調整,272274751,334605308
20231223,大広,管理統括,第一営業部,企画課,2023,202312,3Q,200001,人件費,S002,特別,230993027,375394580
20240325,博報堂DYメディアパートナーズ,メディア統括,第二営業部,第一課,2023,202403,4Q,100002,売上原価,S002,特別,434860551,423021252
20240724,博報堂,管理統括,第二営業部,第二課,2024,202407,2Q,400003,コンサルティング収入,S003,調整,261829171,385044461
20240408,博報堂,クリエイティブ統括,総務部,第一課,2024,202404,1Q,500002,媒体社リベート,S002,特別,100427679,123448013
20230506,読売広告社,クリエイティブ統括,人事部,第三課,2023,202305,1Q,300002,経常利益,S001,通常,360257286,451309246
20240717,博報堂,管理統括,第一営業部,開発課,2024,202407,2Q,300001,営業利益,S001,通常,181471311,195270635
20240602,博報堂,管理統括,経営企画部,管理課,2024,202406,1Q,200002,経費,S004,見込,95734911,69410632
20230901,博報堂DYメディアパートナーズ,営業統括,経営企画部,開発課,2023,202309,2Q,400003,コンサルティング収入,S005,確定,173600838,160410109
20230605,読売広告社,クリエイティブ統括,第一営業部,第三課,2023,202306,1Q,200002,経費,S002,特別,141161324,192370828
20230602,博報堂DYメディアパートナーズ,営業統括,人事部,開発課,2023,202306,1Q,300001,営業利益,S002,特別,354486108,336029630
20250314,読売広告社,クリエイティブ統括,第二営業部,推進課,2024,202503,4Q,500001,広告主負担金,S001,通常,278538931,251964205
20240303,大広,管理統括,総務部,開発課,2023,202403,4Q,100001,売上高,S004,見込,507323929,379972008
20240520,大広,営業統括,財務経理部,第三課,2024,202405,1Q,300001,営業利益,S003,調整,232172433,287610658
20240310,読売広告社,クリエイティブ統括,第二営業部,運用課,2023,202403,4Q,100001,売上高,S002,特別,175911742,203257971
20250328,博報堂プロダクツ,管理統括,人事部,第一課,2024,202503,4Q,100003,売上総利益,S005,確定,446151659,332811724
20230407,博報堂,管理統括,クリエイティブ部,開発課,2023,202304,1Q,500001,広告主負担金,S005,確定,540118051,428842456
20241017,大広,メディア統括,第二営業部,第一課,2024,202410,3Q,200003,減価償却費,S003,調整,256853008,192638019
20240116,博報堂プロダクツ,メディア統括,デジタルマーケティング部,第三課,2023,202401,4Q,300001,営業利益,S001,通常,196543020,300464428
20240412,大広,営業統括,人事部,運用課,2024,202404,1Q,100003,売上総利益,S004,見込,134038242,108472283
20240501,読売広告社,メディア統括,第二営業部,管理課,2024,202405,1Q,100003,売上総利益,S001,通常,342127268,365849070
20230528,大広,管理統括,総務部,運用課,2023,202305,1Q,500002,媒体社リベート,S004,見込,86143801,66709262
20240805,博報堂プロダクツ,クリエイティブ統括,デジタルマーケティング部,推進課,2024,202408,2Q,200003,減価償却費,S002,特別,335399900,385925570
20240628,博報堂DYメディアパートナーズ,クリエイティブ統括,第二営業部,第三課,2024,202406,1Q,400002,制作収入,S005,確定,354306247,343002487
20231102,大広,管理統括,経営企画部,管理課,2023,202311,3Q,400003,コンサルティング収入,S003,調整,295556767,330093302
20230614,博報堂,メディア統括,総務部,管理課,2023,202306,1Q,300001,営業利益,S002,特別,422785558,324606309
20240310,大広,営業統括,第二営業部,企画課,2023,202403,4Q,500001,広告主負担金,S005,確定,415480387,405091529
20240507,博報堂プロダクツ,営業統括,経営企画部,企画課,2024,202405,1Q,200002,経費,S002,特別,323592478,336132097
20230820,博報堂プロダクツ,メディア統括,第一営業部,推進課,2023,202308,2Q,300002,経常利益,S005,確定,132080670,198343474
20241003,博報堂プロダクツ,営業統括,第二営業部,推進課,2024,202410,3Q,200003,減価償却費,S005,確定,605494549,491908415
20231011,博報堂プロダクツ,メディア統括,第二営業部,企画課,2023,202310,3Q,100003,売上総利益,S002,特別,144857826,196826339
20250127,大広,営業統括,経営企画部,推進課,2024,202501,4Q,500001,広告主負担金,S005,確定,496161546,426264965
20241010,博報堂,営業統括,第二営業部,推進課,2024,202410,3Q,300001,営業利益,S004,見込,119422140,116778033
20230405,博報堂DYメディアパートナーズ,メディア統括,クリエイティブ部,企画課,2023,202304,1Q,400001,媒体手数料収入,S005,確定,470804966,439412639
20240518,大広,管理統括,総務部,推進課,2024,202405,1Q,200001,人件費,S005,確定,312004120,467964083
20250107,博報堂DYメディアパートナーズ,デジタル統括,経営企画部,開発課,2024,202501,4Q,100002,売上原価,S004,見込,1681011,2374192
20240703,博報堂プロダクツ,営業統括,第一営業部,企画課,2024,202407,2Q,100003,売上総利益,S002,特別,49372890,42661149
20231222,博報堂プロダクツ,デジタル統括,デジタルマーケティング部,管理課,2023,202312,3Q,100002,売上原価,S001,通常,102298988,117627852
20241015,大広,メディア統括,デジタルマーケティング部,第三課,2024,202410,3Q,500002,媒体社リベート,S002,特別,394902993,365716925
20230923,大広,デジタル統括,クリエイティブ部,第三課,2023,202309,2Q,500001,広告主負担金,S004,見込,316025323,376590074
20240907,博報堂プロダクツ,クリエイティブ統括,人事部,推進課,2024,202409,2Q,500002,媒体社リベート,S004,見込,137963544,172573617
20250222,博報堂,営業統括,人事部,企画課,2024,202502,4Q,200002,経費,S004,見込,495153632,487059387
20241210,博報堂,管理統括,経営企画部,推進課,2024,202412,3Q,200001,人件費,S002,特別,77996707,99442788
20250225,博報堂DYメディアパートナーズ,デジタル統括,総務部,開発課,2024,202502,4Q,100002,売上原価,S004,見込,129627171,136262044
20240509,読売広告社,営業統括,財務経理部,第二課,2024,202405,1Q,100001,売上高,S001,通常,21025448,19429245
20240323,博報堂DYメディアパートナーズ,営業統括,クリエイティブ部,企画課,2023,202403,4Q,100003,売上総利益,S003,調整,144964247,181518558
20250205,大広,クリエイティブ統括,総務部,第二課,2024,202502,4Q,300001,営業利益,S003,調整,133407532,192426530
20230424,博報堂,営業統括,総務部,開発課,2023,202304,1Q,200001,人件費,S005,確定,41560686,30044180
20250307,博報堂DYメディアパートナーズ,デジタル統括,人事部,開発課,2024,202503,4Q,200003,減価償却費,S002,特別,528130025,481954368
20240123,博報堂,クリエイティブ統括,総務部,第三課,2023,202401,4Q,400003,コンサルティング収入,S002,特別,124580715,143263965
20250210,博報堂DYメディアパートナーズ,クリエイティブ統括,デジタルマーケティング部,企画課,2024,202502,4Q,200001,人件費,S005,確定,378886526,307504011
20241211,博報堂プロダクツ,メディア統括,経営企画部,第二課,2024,202412,3Q,400003,コンサルティング収入,S003,調整,214235150,202782475
20231106,博報堂,管理統括,クリエイティブ部,運用課,2023,202311,3Q,400002,制作収入,S005,確定,64667380,71749063
20230606,大広,管理統括,第一営業部,開発課,2023,202306,1Q,400003,コンサルティング収入,S001,通常,509591291,491652659
20240408,読売広告社,デジタル統括,第二営業部,推進課,2024,202404,1Q,200001,人件費,S004,見込,416764404,382532743
20230701,読売広告社,管理統括,総務部,開発課,2023,202307,2Q,300002,経常利益,S004,見込,432795479,470396445
20240907,博報堂DYメディアパートナーズ,メディア統括,メディアプランニング部,運用課,2024,202409,2Q,100001,売上高,S001,通常,248917492,186111811
20250101,博報堂,クリエイティブ統括,デジタルマーケティング部,第一課,2024,202501,4Q,400001,媒体手数料収入,S003,調整,22723943,24028150
20240805,博報堂DYメディアパートナーズ,デジタル統括,人事部,開発課,2024,202408,2Q,100002,売上原価,S002,特別,226452993,340390588
20241104,博報堂プロダクツ,メディア統括,メディアプランニング部,第一課,2024,202411,3Q,400002,制作収入,S005,確定,249589006,182132613
20230918,博報堂DYメディアパートナーズ,クリエイティブ統括,クリエイティブ部,開発課,2023,202309,2Q,400001,媒体手数料収入,S004,見込,325098337,267080493
20231115,読売広告社,クリエイティブ統括,経営企画部,第二課,2023,202311,3Q,300001,営業利益,S004,見込,330875222,498456294
20240404,読売広告社,管理統括,メディアプランニング部,第三課,2024,202404,1Q,100003,売上総利益,S005,確定,187881799,294626986
20240704,読売広告社,管理統括,メディアプランニング部,第三課,2024,202407,2Q,400003,コンサルティング収入,S001,通常,30370909,41259429
20230522,博報堂プロダクツ,デジタル統括,制作部,企画課,2023,202305,1Q,200002,経費,S005,確定,15249114,21624463
20231014,博報堂,クリエイティブ統括,メディアプランニング部,第三課,2023,202310,3Q,100001,売上高,S002,特別,128900048,151870745
20240216,博報堂プロダクツ,デジタル統括,総務部,企画課,2023,202402,4Q,300001,営業利益,S003,調整,97822112,81851862
20230616,読売広告社,デジタル統括,経営企画部,第三課,2023,202306,1Q,200001,人件費,S001,通常,91824104,111938660
20241021,読売広告社,営業統括,クリエイティブ部,企画課,2024,202410,3Q,400001,媒体手数料収入,S004,見込,110752196,176570598
20240120,読売広告社,メディア統括,第一営業部,開発課,2023,202401,4Q,500002,媒体社リベート,S002,特別,216968428,267277083
20240919,博報堂,営業統括,第一営業部,運用課,2024,202409,2Q,400002,制作収入,S003,調整,221256339,291035260
20250307,大広,管理統括,財務経理部,第一課,2024,202503,4Q,200002,経費,S004,見込,335508439,303093721
20231226,博報堂プロダクツ,メディア統括,クリエイティブ部,第一課,2023,202312,3Q,100003,売上総利益,S003,調整,625728771,453147285
20240315,博報堂DYメディアパートナーズ,管理統括,制作部,管理課,2023,202403,4Q,100001,売上高,S002,特別,495857179,365289860
20230726,博報堂DYメディアパートナーズ,デジタル統括,人事部,開発課,2023,202307,2Q,200003,減価償却費,S001,通常,206820971,215133314
20240321,博報堂DYメディアパートナーズ,営業統括,人事部,開発課,2023,202403,4Q,200003,減価償却費,S004,見込,136855038,200217403
20240418,博報堂,営業統括,クリエイティブ部,第一課,2024,202404,1Q,500001,広告主負担金,S001,通常,582649504,433093423
20231110,博報堂DYメディアパートナーズ,デジタル統括,制作部,第一課,2023,202311,3Q,200003,減価償却費,S001,通常,276386952,428529522
20240909,博報堂DYメディアパートナーズ,メディア統括,人事部,第二課,2024,202409,2Q,100001,売上高,S003,調整,68300138,58309629
20240404,博報堂,デジタル統括,メディアプランニング部,第二課,2024,202404,1Q,100003,売上総利益,S005,確定,221624817,158709396
20230506,博報堂プロダクツ,メディア統括,財務経理部,第三課,2023,202305,1Q,300001,営業利益,S003,調整,40120747,52976535
20230518,博報堂,デジタル統括,第二営業部,開発課,2023,202305,1Q,300001,営業利益,S005,確定,438941485,442588998
20250211,博報堂DYメディアパートナーズ,営業統括,経営企画部,第一課,2024,202502,4Q,100002,売上原価,S004,見込,171417310,143832228
20240516,読売広告社,管理統括,第一営業部,第一課,2024,202405,1Q,300001,営業利益,S005,確定,285660634,249532672
20230713,大広,デジタル統括,メディアプランニング部,管理課,2023,202307,2Q,200001,人件費,S001,通常,211130161,161511160
20240125,博報堂DYメディアパートナーズ,クリエイティブ統括,メディアプランニング部,第二課,2023,202401,4Q,300002,経常利益,S001,通常,65309898,69966619
20250104,博報堂DYメディアパートナーズ,営業統括,総務部,第三課,2024,202501,4Q,200001,人件費,S005,確定,364123892,280611537
20240601,博報堂,デジタル統括,人事部,第二課,2024,202406,1Q,500002,媒体社リベート,S002,特別,196568806,151212520
20250319,博報堂DYメディアパートナーズ,デジタル統括,制作部,第三課,2024,202503,4Q,500002,媒体社リベート,S005,確定,185591880,283522949
20241115,博報堂DYメディアパートナーズ,営業統括,クリエイティブ部,推進課,2024,202411,3Q,300002,経常利益,S004,見込,147688356,130954046
20230519,博報堂DYメディアパートナーズ,メディア統括,経営企画部,第一課,2023,202305,1Q,100002,売上原価,S002,特別,327580079,354220888
20240306,読売広告社,クリエイティブ統括,総務部,推進課,2023,202403,4Q,100001,売上高,S005,確定,165110605,190738105
20240525,博報堂DYメディアパートナーズ,営業統括,第二営業部,第二課,2024,202405,1Q,200003,減価償却費,S003,調整,508730690,414248461
20230405,博報堂プロダクツ,クリエイティブ統括,第二営業部,運用課,2023,202304,1Q,400001,媒体手数料収入,S004,見込,52149388,82092319
20250307,博報堂,管理統括,経営企画部,第二課,2024,202503,4Q,400002,制作収入,S005,確定,245634124,383280127
20241212,読売広告社,メディア統括,総務部,管理課,2024,202412,3Q,100002,売上原価,S001,通常,142145746,201882266
20240420,博報堂DYメディアパートナーズ,営業統括,第一営業部,企画課,2024,202404,1Q,200001,人件費,S004,見込,231311272,226843192
20240225,博報堂DYメディアパートナーズ,メディア統括,人事部,第一課,2023,202402,4Q,500002,媒体社リベート,S002,特別,476808086,404891645
