RB処理日,会社,部門G,部門,部署,年度,年月,四半期,管理項目コード,管理項目名称,補助項目コード,補助項目名称,実績,予算
20230913,博報堂DYメディアパートナーズ,デジタル統括,経営企画部,開発課,2023,202309,2Q,200001,人件費,S004,見込,31259348,41008108
20241110,博報堂,デジタル統括,第二営業部,第一課,2024,202411,3Q,100003,売上総利益,S001,通常,70046894,57151113
20240106,博報堂プロダクツ,デジタル統括,人事部,第二課,2023,202401,4Q,300002,経常利益,S003,調整,304941533,303225140
20241201,博報堂,クリエイティブ統括,経営企画部,企画課,2024,202412,3Q,100003,売上総利益,S003,調整,169158007,196301198
20240624,博報堂,メディア統括,総務部,運用課,2024,202406,1Q,300001,営業利益,S003,調整,19982678,15000599
20231121,博報堂DYメディアパートナーズ,メディア統括,人事部,第二課,2023,202311,3Q,400002,制作収入,S003,調整,339551301,312689553
20250209,博報堂プロダクツ,営業統括,クリエイティブ部,第二課,2024,202502,4Q,100001,売上高,S002,特別,278889436,384948410
20240722,博報堂,管理統括,第一営業部,開発課,2024,202407,2Q,500002,媒体社リベート,S003,調整,336706903,383840068
20240819,博報堂,デジタル統括,クリエイティブ部,企画課,2024,202408,2Q,300001,営業利益,S003,調整,503250315,478394929
20240309,博報堂プロダクツ,デジタル統括,第二営業部,第三課,2023,202403,4Q,500002,媒体社リベート,S003,調整,86960928,63839209
20240220,博報堂DYメディアパートナーズ,デジタル統括,メディアプランニング部,企画課,2023,202402,4Q,200003,減価償却費,S005,確定,44787537,47869280
20241127,博報堂,メディア統括,メディアプランニング部,開発課,2024,202411,3Q,500002,媒体社リベート,S001,通常,354250828,365700752
20241025,大広,クリエイティブ統括,制作部,運用課,2024,202410,3Q,400002,制作収入,S003,調整,447239468,496229402
20240502,博報堂,メディア統括,メディアプランニング部,管理課,2024,202405,1Q,300002,経常利益,S002,特別,236865557,311077302
20250321,博報堂DYメディアパートナーズ,メディア統括,人事部,第三課,2024,202503,4Q,100001,売上高,S004,見込,312211712,423438901
20241012,博報堂DYメディアパートナーズ,クリエイティブ統括,財務経理部,運用課,2024,202410,3Q,500002,媒体社リベート,S003,調整,231412636,230327499
20231022,読売広告社,クリエイティブ統括,総務部,第三課,2023,202310,3Q,200002,経費,S001,通常,347807854,372247156
20230804,博報堂プロダクツ,営業統括,総務部,第二課,2023,202308,2Q,300002,経常利益,S005,確定,86729148,68086750
20250214,大広,メディア統括,第二営業部,第三課,2024,202502,4Q,300002,経常利益,S005,確定,284017179,239213086
20250107,博報堂,デジタル統括,財務経理部,第三課,2024,202501,4Q,400002,制作収入,S002,特別,100024527,76468111
20240108,大広,管理統括,総務部,第一課,2023,202401,4Q,300002,経常利益,S002,特別,55079330,54536066
20240401,博報堂プロダクツ,管理統括,デジタルマーケティング部,運用課,2024,202404,1Q,400003,コンサルティング収入,S003,調整,164913447,135471801
20240809,博報堂プロダクツ,管理統括,第一営業部,開発課,2024,202408,2Q,400003,コンサルティング収入,S005,確定,245230110,311301563
20241028,読売広告社,管理統括,デジタルマーケティング部,第三課,2024,202410,3Q,300001,営業利益,S002,特別,142066338,118768076
20231225,博報堂,デジタル統括,財務経理部,第一課,2023,202312,3Q,200003,減価償却費,S004,見込,255372970,224673471
20240318,大広,クリエイティブ統括,制作部,管理課,2023,202403,4Q,200001,人件費,S003,調整,228643526,265592960
20230923,博報堂プロダクツ,営業統括,デジタルマーケティング部,第三課,2023,202309,2Q,100002,売上原価,S003,調整,424869029,479479462
20240123,博報堂DYメディアパートナーズ,管理統括,メディアプランニング部,管理課,2023,202401,4Q,500002,媒体社リベート,S004,見込,487472552,387149979
20240913,読売広告社,メディア統括,クリエイティブ部,推進課,2024,202409,2Q,500001,広告主負担金,S004,見込,253188014,215912062
20250312,読売広告社,営業統括,デジタルマーケティング部,運用課,2024,202503,4Q,200003,減価償却費,S004,見込,435136585,343665313
20231219,博報堂DYメディアパートナーズ,クリエイティブ統括,クリエイティブ部,運用課,2023,202312,3Q,200003,減価償却費,S005,確定,159536816,253143991
20230622,博報堂DYメディアパートナーズ,メディア統括,第一営業部,第三課,2023,202306,1Q,100002,売上原価,S001,通常,341466578,489556724
20230603,博報堂プロダクツ,営業統括,第二営業部,管理課,2023,202306,1Q,100003,売上総利益,S002,特別,425052847,413554106
20230727,大広,デジタル統括,総務部,第三課,2023,202307,2Q,400002,制作収入,S005,確定,131093657,206417834
20230917,博報堂,クリエイティブ統括,第二営業部,開発課,2023,202309,2Q,500001,広告主負担金,S005,確定,54298295,78161722
20241206,読売広告社,デジタル統括,制作部,第二課,2024,202412,3Q,500002,媒体社リベート,S004,見込,280302315,427001281
20231215,大広,クリエイティブ統括,財務経理部,企画課,2023,202312,3Q,200002,経費,S002,特別,403841333,328850673
20231021,大広,営業統括,財務経理部,管理課,2023,202310,3Q,400001,媒体手数料収入,S003,調整,311850043,370967991
20241008,読売広告社,クリエイティブ統括,人事部,第三課,2024,202410,3Q,100003,売上総利益,S004,見込,10507945,14030271
20240505,読売広告社,管理統括,経営企画部,第三課,2024,202405,1Q,400001,媒体手数料収入,S002,特別,161843703,177040124
20250108,大広,営業統括,第二営業部,管理課,2024,202501,4Q,100001,売上高,S002,特別,297293932,225215699
20240605,読売広告社,デジタル統括,総務部,運用課,2024,202406,1Q,100003,売上総利益,S001,通常,324788906,298086041
20240506,大広,クリエイティブ統括,制作部,第三課,2024,202405,1Q,100003,売上総利益,S005,確定,500477571,412095974
20230824,大広,メディア統括,制作部,第三課,2023,202308,2Q,100003,売上総利益,S001,通常,17468052,14746472
20240317,博報堂,デジタル統括,デジタルマーケティング部,開発課,2023,202403,4Q,200001,人件費,S005,確定,435993096,315334958
20240219,大広,デジタル統括,クリエイティブ部,第一課,2023,202402,4Q,300002,経常利益,S005,確定,175219214,272656832
20231204,博報堂,メディア統括,第一営業部,第三課,2023,202312,3Q,400002,制作収入,S005,確定,220462552,294000774
20231113,博報堂,デジタル統括,クリエイティブ部,開発課,2023,202311,3Q,300001,営業利益,S001,通常,488094813,404645413
20240219,大広,デジタル統括,人事部,推進課,2023,202402,4Q,300001,営業利益,S004,見込,248936805,318398782
20250328,大広,管理統括,第一営業部,運用課,2024,202503,4Q,500002,媒体社リベート,S003,調整,204269771,309345027
20240419,読売広告社,メディア統括,制作部,第一課,2024,202404,1Q,400001,媒体手数料収入,S004,見込,343146452,301438683
20230605,大広,管理統括,第二営業部,第一課,2023,202306,1Q,200001,人件費,S001,通常,626774796,495585835
20230801,博報堂プロダクツ,クリエイティブ統括,人事部,第三課,2023,202308,2Q,100003,売上総利益,S005,確定,457880345,404548240
20231121,読売広告社,管理統括,制作部,第三課,2023,202311,3Q,200002,経費,S004,見込,432661413,462346585
20241222,博報堂プロダクツ,メディア統括,制作部,第二課,2024,202412,3Q,500001,広告主負担金,S004,見込,293457890,277029396
20240226,大広,管理統括,第二営業部,第三課,2023,202402,4Q,200001,人件費,S004,見込,203292230,214789859
20240702,読売広告社,営業統括,第二営業部,第三課,2024,202407,2Q,100001,売上高,S004,見込,257900703,384234177
20230708,博報堂,営業統括,財務経理部,第二課,2023,202307,2Q,500001,広告主負担金,S002,特別,39125744,30174913
20250210,博報堂DYメディアパートナーズ,管理統括,経営企画部,運用課,2024,202502,4Q,400003,コンサルティング収入,S005,確定,243052568,214772497
20250205,博報堂DYメディアパートナーズ,デジタル統括,デジタルマーケティング部,運用課,2024,202502,4Q,100001,売上高,S002,特別,202413361,206505795
20240324,大広,メディア統括,第二営業部,第二課,2023,202403,4Q,500001,広告主負担金,S004,見込,292915960,482215625
20250103,大広,メディア統括,財務経理部,管理課,2024,202501,4Q,300001,営業利益,S001,通常,338456796,294409884
20250308,大広,デジタル統括,第一営業部,第一課,2024,202503,4Q,400003,コンサルティング収入,S001,通常,188862534,308004092
20240817,博報堂DYメディアパートナーズ,クリエイティブ統括,メディアプランニング部,管理課,2024,202408,2Q,500001,広告主負担金,S005,確定,234122125,287940639
20230720,博報堂,営業統括,第二営業部,推進課,2023,202307,2Q,500002,媒体社リベート,S005,確定,27810018,32801818
20230626,読売広告社,管理統括,第二営業部,第二課,2023,202306,1Q,200001,人件費,S001,通常,250126986,299925682
20231021,博報堂プロダクツ,クリエイティブ統括,メディアプランニング部,第一課,2023,202310,3Q,500001,広告主負担金,S005,確定,311153208,226203053
20250202,博報堂DYメディアパートナーズ,営業統括,総務部,運用課,2024,202502,4Q,200002,経費,S005,確定,29970265,47380152
20240614,大広,クリエイティブ統括,総務部,企画課,2024,202406,1Q,400003,コンサルティング収入,S003,調整,66719410,100588091
20240725,博報堂,メディア統括,総務部,開発課,2024,202407,2Q,300001,営業利益,S003,調整,458150627,378206432
20241026,博報堂プロダクツ,デジタル統括,総務部,第二課,2024,202410,3Q,300001,営業利益,S001,通常,318617250,236345510
20250304,読売広告社,営業統括,第一営業部,管理課,2024,202503,4Q,300001,営業利益,S001,通常,126358624,106587547
20230411,大広,営業統括,人事部,推進課,2023,202304,1Q,300002,経常利益,S005,確定,232931136,264398613
20241205,博報堂DYメディアパートナーズ,営業統括,クリエイティブ部,第三課,2024,202412,3Q,300002,経常利益,S003,調整,329383430,332766271
20241007,博報堂プロダクツ,クリエイティブ統括,デジタルマーケティング部,開発課,2024,202410,3Q,500002,媒体社リベート,S002,特別,47125604,34432521
20241108,読売広告社,メディア統括,人事部,推進課,2024,202411,3Q,300002,経常利益,S001,通常,156494445,176941007
20230617,博報堂DYメディアパートナーズ,デジタル統括,デジタルマーケティング部,第一課,2023,202306,1Q,400003,コンサルティング収入,S001,通常,321467766,327637423
20240402,博報堂プロダクツ,デジタル統括,メディアプランニング部,第一課,2024,202404,1Q,400001,媒体手数料収入,S005,確定,229542527,250837647
20240812,読売広告社,クリエイティブ統括,第一営業部,推進課,2024,202408,2Q,200002,経費,S004,見込,240397049,215765359
20250113,博報堂,管理統括,制作部,第三課,2024,202501,4Q,100003,売上総利益,S001,通常,161966016,142889912
20240709,博報堂プロダクツ,デジタル統括,人事部,開発課,2024,202407,2Q,400002,制作収入,S004,見込,232109915,341560614
20240321,大広,デジタル統括,財務経理部,開発課,2023,202403,4Q,500002,媒体社リベート,S001,通常,363591683,281196640
20241008,大広,管理統括,メディアプランニング部,推進課,2024,202410,3Q,500002,媒体社リベート,S005,確定,35521016,30193289
20241214,読売広告社,メディア統括,制作部,運用課,2024,202412,3Q,400001,媒体手数料収入,S002,特別,276322815,406350591
20240926,博報堂,デジタル統括,総務部,第三課,2024,202409,2Q,200003,減価償却費,S005,確定,309701230,233024616
20240909,博報堂DYメディアパートナーズ,クリエイティブ統括,総務部,開発課,2024,202409,2Q,400001,媒体手数料収入,S002,特別,189504573,310549803
20250112,博報堂プロダクツ,営業統括,人事部,企画課,2024,202501,4Q,400001,媒体手数料収入,S002,特別,572592418,482285710
20240524,博報堂,クリエイティブ統括,財務経理部,第一課,2024,202405,1Q,100001,売上高,S001,通常,394005745,385117499
20230915,博報堂,営業統括,経営企画部,第二課,2023,202309,2Q,100002,売上原価,S002,特別,339095701,291958997
20230518,読売広告社,メディア統括,人事部,開発課,2023,202305,1Q,500002,媒体社リベート,S002,特別,221120951,248521949
20230910,大広,営業統括,第二営業部,管理課,2023,202309,2Q,400003,コンサルティング収入,S002,特別,411377240,499208917
20231125,博報堂プロダクツ,デジタル統括,財務経理部,第二課,2023,202311,3Q,400001,媒体手数料収入,S004,見込,160266507,219702489
20231003,博報堂DYメディアパートナーズ,デジタル統括,第二営業部,推進課,2023,202310,3Q,400002,制作収入,S001,通常,530410350,430260325
20231019,読売広告社,メディア統括,第一営業部,運用課,2023,202310,3Q,100001,売上高,S005,確定,545379828,480640282
20240223,博報堂プロダクツ,デジタル統括,クリエイティブ部,企画課,2023,202402,4Q,200003,減価償却費,S002,特別,348996850,310002582
20241118,読売広告社,デジタル統括,デジタルマーケティング部,開発課,2024,202411,3Q,500001,広告主負担金,S004,見込,286164783,338905628
20241227,博報堂,クリエイティブ統括,経営企画部,第二課,2024,202412,3Q,200001,人件費,S001,通常,272567688,272134351
20230801,博報堂,デジタル統括,経営企画部,管理課,2023,202308,2Q,300001,営業利益,S005,確定,234732357,216885951
20240524,博報堂,クリエイティブ統括,メディアプランニング部,第三課,2024,202405,1Q,400002,制作収入,S003,調整,301217851,473247481
20241110,読売広告社,管理統括,メディアプランニング部,開発課,2024,202411,3Q,100003,売上総利益,S001,通常,29987228,27196540
20250319,読売広告社,デジタル統括,第一営業部,運用課,2024,202503,4Q,200002,経費,S004,見込,260466733,223894614
20240716,博報堂DYメディアパートナーズ,管理統括,総務部,運用課,2024,202407,2Q,200003,減価償却費,S001,通常,514933125,403266495
20240526,博報堂DYメディアパートナーズ,デジタル統括,メディアプランニング部,管理課,2024,202405,1Q,400002,制作収入,S001,通常,96330121,70487516
20231103,博報堂DYメディアパートナーズ,クリエイティブ統括,経営企画部,推進課,2023,202311,3Q,100001,売上高,S001,通常,428002107,416131157
20230717,博報堂,メディア統括,第二営業部,企画課,2023,202307,2Q,100001,売上高,S004,見込,414679431,386540358
20250316,博報堂プロダクツ,デジタル統括,第一営業部,運用課,2024,202503,4Q,200001,人件費,S002,特別,191388939,231348132
20241027,博報堂,営業統括,デジタルマーケティング部,開発課,2024,202410,3Q,100003,売上総利益,S003,調整,61597164,97213752
20230402,読売広告社,メディア統括,制作部,第一課,2023,202304,1Q,400003,コンサルティング収入,S005,確定,149221025,173067513
20240108,博報堂DYメディアパートナーズ,デジタル統括,第二営業部,推進課,2023,202401,4Q,400002,制作収入,S004,見込,258896529,367751367
20250127,博報堂,管理統括,第一営業部,開発課,2024,202501,4Q,200001,人件費,S003,調整,140968456,139630821
20240920,博報堂プロダクツ,メディア統括,デジタルマーケティング部,第三課,2024,202409,2Q,200001,人件費,S002,特別,63640480,89543666
20241204,博報堂DYメディアパートナーズ,クリエイティブ統括,第二営業部,管理課,2024,202412,3Q,200001,人件費,S002,特別,218447018,167688984
20230902,博報堂DYメディアパートナーズ,メディア統括,総務部,第二課,2023,202309,2Q,300001,営業利益,S002,特別,231268389,180912264
20231018,博報堂DYメディアパートナーズ,デジタル統括,デジタルマーケティング部,管理課,2023,202310,3Q,200003,減価償却費,S003,調整,473686217,378957955
20231109,博報堂DYメディアパートナーズ,管理統括,経営企画部,第二課,2023,202311,3Q,400002,制作収入,S001,通常,519996385,454404357
20231218,博報堂プロダクツ,クリエイティブ統括,財務経理部,開発課,2023,202312,3Q,500001,広告主負担金,S002,特別,367407529,340264332
20231014,博報堂,メディア統括,デジタルマーケティング部,企画課,2023,202310,3Q,400002,制作収入,S001,通常,82907602,60704949
20231212,博報堂プロダクツ,営業統括,制作部,推進課,2023,202312,3Q,200001,人件費,S005,確定,308980287,309527896
20240101,大広,管理統括,第一営業部,企画課,2023,202401,4Q,200003,減価償却費,S004,見込,18786592,28745118
20230925,大広,デジタル統括,第二営業部,企画課,2023,202309,2Q,500002,媒体社リベート,S001,通常,158903569,128740365
20241127,博報堂,営業統括,制作部,推進課,2024,202411,3Q,200002,経費,S001,通常,474495619,496831865
20231203,博報堂DYメディアパートナーズ,管理統括,クリエイティブ部,開発課,2023,202312,3Q,400001,媒体手数料収入,S003,調整,176192769,147897999
20240323,大広,メディア統括,デジタルマーケティング部,第二課,2023,202403,4Q,500002,媒体社リベート,S002,特別,527504854,392041476
20230714,読売広告社,デジタル統括,デジタルマーケティング部,第二課,2023,202307,2Q,100001,売上高,S003,調整,12303215,16025343
20231002,大広,デジタル統括,人事部,開発課,2023,202310,3Q,100002,売上原価,S001,通常,314255603,355491056
20240708,博報堂DYメディアパートナーズ,メディア統括,デジタルマーケティング部,運用課,2024,202407,2Q,500001,広告主負担金,S002,特別,369975398,434470504
20230913,博報堂プロダクツ,デジタル統括,第一営業部,運用課,2023,202309,2Q,100002,売上原価,S002,特別,122198510,122929935
20250113,読売広告社,デジタル統括,財務経理部,第三課,2024,202501,4Q,200003,減価償却費,S002,特別,32796837,26809125
20230505,読売広告社,クリエイティブ統括,総務部,第二課,2023,202305,1Q,400001,媒体手数料収入,S003,調整,299142371,250420607
20230712,博報堂プロダクツ,営業統括,第二営業部,運用課,2023,202307,2Q,500002,媒体社リベート,S003,調整,35598257,29820825
20240314,読売広告社,メディア統括,経営企画部,運用課,2023,202403,4Q,300001,営業利益,S001,通常,100478397,147791404
20250315,博報堂プロダクツ,デジタル統括,経営企画部,管理課,2024,202503,4Q,200002,経費,S005,確定,218282020,199511199
20230706,博報堂DYメディアパートナーズ,営業統括,制作部,管理課,2023,202307,2Q,500001,広告主負担金,S002,特別,266188354,326349658
20250208,博報堂DYメディアパートナーズ,営業統括,第一営業部,第三課,2024,202502,4Q,400002,制作収入,S005,確定,281143348,419966606
20230825,博報堂DYメディアパートナーズ,メディア統括,第一営業部,第一課,2023,202308,2Q,300001,営業利益,S004,見込,175382710,153940142
20230715,博報堂DYメディアパートナーズ,営業統括,総務部,管理課,2023,202307,2Q,300002,経常利益,S004,見込,297653431,323714670
20230912,博報堂DYメディアパートナーズ,営業統括,財務経理部,第二課,2023,202309,2Q,400002,制作収入,S001,通常,318222779,244240262
20230725,博報堂プロダクツ,メディア統括,第一営業部,管理課,2023,202307,2Q,400001,媒体手数料収入,S004,見込,45073184,38472639
20250208,博報堂プロダクツ,管理統括,クリエイティブ部,第二課,2024,202502,4Q,300001,営業利益,S005,確定,126130281,134303959
20230623,博報堂プロダクツ,管理統括,メディアプランニング部,企画課,2023,202306,1Q,200003,減価償却費,S005,確定,175830760,132158578
20240715,博報堂プロダクツ,メディア統括,デジタルマーケティング部,開発課,2024,202407,2Q,200002,経費,S001,通常,241216416,303176466
20250328,博報堂,デジタル統括,クリエイティブ部,企画課,2024,202503,4Q,100002,売上原価,S005,確定,55636353,40096884
20240211,読売広告社,メディア統括,第二営業部,第一課,2023,202402,4Q,500002,媒体社リベート,S001,通常,144582263,146446644
20230402,博報堂DYメディアパートナーズ,管理統括,経営企画部,開発課,2023,202304,1Q,300001,営業利益,S005,確定,86626386,63913768
20230714,大広,デジタル統括,デジタルマーケティング部,第二課,2023,202307,2Q,100001,売上高,S005,確定,199248226,306584622
20250228,博報堂DYメディアパートナーズ,管理統括,メディアプランニング部,管理課,2024,202502,4Q,100001,売上高,S003,調整,278241969,289355730
20231101,博報堂プロダクツ,デジタル統括,デジタルマーケティング部,第一課,2023,202311,3Q,300001,営業利益,S002,特別,245292557,269012101
20230721,博報堂,クリエイティブ統括,第一営業部,第二課,2023,202307,2Q,100002,売上原価,S003,調整,513858569,409240804
20230620,博報堂プロダクツ,管理統括,経営企画部,第三課,2023,202306,1Q,400003,コンサルティング収入,S002,特別,315693318,409919729
20230818,大広,メディア統括,総務部,第二課,2023,202308,2Q,500001,広告主負担金,S001,通常,320990210,285288464
20240222,博報堂プロダクツ,メディア統括,メディアプランニング部,第二課,2023,202402,4Q,500002,媒体社リベート,S004,見込,11310551,13528287
20241014,博報堂DYメディアパートナーズ,クリエイティブ統括,クリエイティブ部,第三課,2024,202410,3Q,400001,媒体手数料収入,S004,見込,412350749,398741996
20230901,博報堂,クリエイティブ統括,人事部,企画課,2023,202309,2Q,100002,売上原価,S004,見込,82233314,75551422
20230411,博報堂プロダクツ,管理統括,クリエイティブ部,運用課,2023,202304,1Q,200003,減価償却費,S004,見込,80183930,107936077
20230509,博報堂,デジタル統括,財務経理部,第三課,2023,202305,1Q,100001,売上高,S001,通常,195537813,228722948
20250116,大広,デジタル統括,総務部,運用課,2024,202501,4Q,100003,売上総利益,S001,通常,567617301,441848906
20241012,博報堂,デジタル統括,制作部,第一課,2024,202410,3Q,300002,経常利益,S003,調整,411539921,300934427
20240617,博報堂プロダクツ,管理統括,経営企画部,第一課,2024,202406,1Q,200001,人件費,S004,見込,261112338,401085243
20240726,大広,メディア統括,財務経理部,企画課,2024,202407,2Q,500002,媒体社リベート,S002,特別,85689662,128641114
20240703,大広,営業統括,第一営業部,第三課,2024,202407,2Q,400002,制作収入,S003,調整,132647132,101990148
20231128,大広,クリエイティブ統括,クリエイティブ部,運用課,2023,202311,3Q,100001,売上高,S001,通常,78871115,81102046
20240724,読売広告社,デジタル統括,財務経理部,運用課,2024,202407,2Q,300001,営業利益,S004,見込,148277657,115715292
20240703,博報堂DYメディアパートナーズ,メディア統括,人事部,推進課,2024,202407,2Q,300002,経常利益,S004,見込,427023923,442619792
20230623,博報堂DYメディアパートナーズ,デジタル統括,クリエイティブ部,開発課,2023,202306,1Q,100001,売上高,S003,調整,396327414,358443362
20240528,博報堂,デジタル統括,財務経理部,第一課,2024,202405,1Q,500001,広告主負担金,S005,確定,143778838,149399371
20231112,博報堂DYメディアパートナーズ,デジタル統括,メディアプランニング部,推進課,2023,202311,3Q,400003,コンサルティング収入,S004,見込,315749254,344167809
20230818,読売広告社,営業統括,経営企画部,管理課,2023,202308,2Q,300001,営業利益,S002,特別,46971478,65606687
20240104,博報堂,デジタル統括,財務経理部,管理課,2023,202401,4Q,400003,コンサルティング収入,S005,確定,164919975,137036120
20241023,博報堂プロダクツ,管理統括,人事部,第二課,2024,202410,3Q,100003,売上総利益,S003,調整,36587447,28954381
20240722,博報堂DYメディアパートナーズ,営業統括,総務部,推進課,2024,202407,2Q,500002,媒体社リベート,S005,確定,59458230,48057737
20240909,博報堂プロダクツ,営業統括,制作部,管理課,2024,202409,2Q,400003,コンサルティング収入,S004,見込,71083908,51259423
20240316,大広,メディア統括,財務経理部,第三課,2023,202403,4Q,100003,売上総利益,S004,見込,108415262,123687029
20240304,大広,クリエイティブ統括,経営企画部,企画課,2023,202403,4Q,100002,売上原価,S001,通常,154638604,177044094
20241223,読売広告社,クリエイティブ統括,メディアプランニング部,第一課,2024,202412,3Q,400003,コンサルティング収入,S002,特別,497564434,481052592
20230613,大広,クリエイティブ統括,人事部,企画課,2023,202306,1Q,100002,売上原価,S001,通常,77620866,115613197
20241019,大広,メディア統括,総務部,運用課,2024,202410,3Q,300002,経常利益,S005,確定,137124181,100522411
20230927,博報堂,メディア統括,メディアプランニング部,管理課,2023,202309,2Q,300001,営業利益,S005,確定,178966362,278235089
20241203,大広,管理統括,クリエイティブ部,第三課,2024,202412,3Q,200001,人件費,S002,特別,163170399,211556345
20250221,大広,メディア統括,クリエイティブ部,第三課,2024,202502,4Q,100003,売上総利益,S003,調整,240581399,242587633
20240826,大広,管理統括,財務経理部,管理課,2024,202408,2Q,100003,売上総利益,S004,見込,56196995,44389875
20240404,博報堂プロダクツ,管理統括,人事部,第一課,2024,202404,1Q,200003,減価償却費,S004,見込,321589933,338106981
20250128,読売広告社,管理統括,総務部,開発課,2024,202501,4Q,400002,制作収入,S001,通常,229027667,247944110
20231124,博報堂,デジタル統括,クリエイティブ部,第三課,2023,202311,3Q,500002,媒体社リベート,S005,確定,159514423,184319073
20241023,大広,管理統括,第一営業部,推進課,2024,202410,3Q,400002,制作収入,S005,確定,393034822,355714673
20230514,大広,営業統括,総務部,第一課,2023,202305,1Q,300002,経常利益,S004,見込,136944453,193583086
20230902,博報堂,営業統括,人事部,推進課,2023,202309,2Q,400001,媒体手数料収入,S001,通常,295321682,221307033
20250121,博報堂DYメディアパートナーズ,メディア統括,第一営業部,企画課,2024,202501,4Q,400002,制作収入,S005,確定,381870340,434021733
20250308,博報堂DYメディアパートナーズ,クリエイティブ統括,メディアプランニング部,推進課,2024,202503,4Q,300002,経常利益,S004,見込,392861832,347218680
20240114,大広,デジタル統括,財務経理部,企画課,2023,202401,4Q,400001,媒体手数料収入,S003,調整,478844926,377451718
20240326,博報堂DYメディアパートナーズ,メディア統括,人事部,第一課,2023,202403,4Q,400001,媒体手数料収入,S003,調整,547385692,413974028
20231216,博報堂プロダクツ,デジタル統括,制作部,管理課,2023,202312,3Q,200001,人件費,S003,調整,182124605,240109048
20240504,博報堂DYメディアパートナーズ,営業統括,メディアプランニング部,運用課,2024,202405,1Q,100003,売上総利益,S002,特別,62252188,73129347
20230828,博報堂,メディア統括,総務部,推進課,2023,202308,2Q,500002,媒体社リベート,S001,通常,2091025,3008722
20231127,博報堂DYメディアパートナーズ,メディア統括,人事部,推進課,2023,202311,3Q,400002,制作収入,S003,調整,1619501,2387007
20250311,博報堂,メディア統括,クリエイティブ部,開発課,2024,202503,4Q,400001,媒体手数料収入,S005,確定,80871190,118212978
20231228,大広,クリエイティブ統括,第二営業部,運用課,2023,202312,3Q,100002,売上原価,S002,特別,592101883,473478890
20241127,読売広告社,管理統括,第二営業部,第一課,2024,202411,3Q,500002,媒体社リベート,S001,通常,14670307,10816872
20230416,大広,メディア統括,第一営業部,運用課,2023,202304,1Q,300002,経常利益,S004,見込,290056641,326476851
20230827,博報堂,メディア統括,人事部,第三課,2023,202308,2Q,400001,媒体手数料収入,S005,確定,77668826,107094228
20250208,博報堂DYメディアパートナーズ,クリエイティブ統括,人事部,運用課,2024,202502,4Q,200002,経費,S003,調整,410490899,366712401
20240201,博報堂,クリエイティブ統括,メディアプランニング部,第一課,2023,202402,4Q,200002,経費,S001,通常,92972359,109806550
20240210,読売広告社,デジタル統括,第二営業部,推進課,2023,202402,4Q,400002,制作収入,S005,確定,374523829,268957905
20230516,博報堂,クリエイティブ統括,総務部,企画課,2023,202305,1Q,200003,減価償却費,S004,見込,323093937,316157498
20241115,博報堂プロダクツ,管理統括,総務部,第三課,2024,202411,3Q,200002,経費,S003,調整,407389522,375594664
20240509,博報堂DYメディアパートナーズ,営業統括,人事部,第二課,2024,202405,1Q,100001,売上高,S004,見込,438166466,458917188
20240609,大広,管理統括,制作部,運用課,2024,202406,1Q,100001,売上高,S002,特別,55049640,55488104
20231216,大広,営業統括,総務部,企画課,2023,202312,3Q,200003,減価償却費,S005,確定,206720819,247771187
20240718,大広,デジタル統括,メディアプランニング部,企画課,2024,202407,2Q,500001,広告主負担金,S001,通常,174648519,219123631
20241113,博報堂DYメディアパートナーズ,メディア統括,総務部,企画課,2024,202411,3Q,200003,減価償却費,S001,通常,336962559,241278909
20240422,博報堂DYメディアパートナーズ,デジタル統括,制作部,第一課,2024,202404,1Q,400002,制作収入,S001,通常,405110075,332424081
20230601,博報堂プロダクツ,クリエイティブ統括,メディアプランニング部,第二課,2023,202306,1Q,500001,広告主負担金,S004,見込,297872523,407716490
20250103,博報堂DYメディアパートナーズ,デジタル統括,第一営業部,開発課,2024,202501,4Q,400002,制作収入,S002,特別,364071403,322295967
20241223,博報堂,管理統括,経営企画部,企画課,2024,202412,3Q,200001,人件費,S003,調整,554965856,484602375
20230426,博報堂プロダクツ,営業統括,クリエイティブ部,推進課,2023,202304,1Q,500002,媒体社リベート,S001,通常,293436881,354795982
20240222,博報堂DYメディアパートナーズ,メディア統括,クリエイティブ部,第三課,2023,202402,4Q,200003,減価償却費,S003,調整,113260709,125407625
20240105,博報堂プロダクツ,営業統括,経営企画部,推進課,2023,202401,4Q,400001,媒体手数料収入,S003,調整,239563822,375439886
20230603,博報堂,クリエイティブ統括,第一営業部,管理課,2023,202306,1Q,100002,売上原価,S002,特別,74458479,59600544
20250224,読売広告社,管理統括,制作部,運用課,2024,202502,4Q,200001,人件費,S003,調整,240117738,228446168
20240105,博報堂,デジタル統括,デジタルマーケティング部,推進課,2023,202401,4Q,100003,売上総利益,S003,調整,423722593,448070651
20241128,博報堂,管理統括,総務部,第二課,2024,202411,3Q,500002,媒体社リベート,S002,特別,137779803,103351615
20230520,読売広告社,デジタル統括,制作部,推進課,2023,202305,1Q,300002,経常利益,S003,調整,382301140,282158894
20240801,読売広告社,デジタル統括,総務部,推進課,2024,202408,2Q,200002,経費,S003,調整,476906388,351392784
20241219,博報堂プロダクツ,クリエイティブ統括,経営企画部,第一課,2024,202412,3Q,400002,制作収入,S003,調整,429266420,410253593
20231020,博報堂,デジタル統括,メディアプランニング部,第二課,2023,202310,3Q,400001,媒体手数料収入,S001,通常,386033936,374306521
20231011,大広,営業統括,第二営業部,運用課,2023,202310,3Q,400003,コンサルティング収入,S005,確定,48946639,76542965
20240722,博報堂DYメディアパートナーズ,管理統括,制作部,第二課,2024,202407,2Q,100003,売上総利益,S002,特別,198457841,279287201
20240222,博報堂,クリエイティブ統括,経営企画部,企画課,2023,202402,4Q,100003,売上総利益,S002,特別,44554051,70818805
20241222,読売広告社,メディア統括,メディアプランニング部,開発課,2024,202412,3Q,400003,コンサルティング収入,S002,特別,254788418,190644171
20241221,博報堂プロダクツ,メディア統括,財務経理部,開発課,2024,202412,3Q,100003,売上総利益,S001,通常,88950302,110389728
20230504,博報堂プロダクツ,メディア統括,メディアプランニング部,運用課,2023,202305,1Q,200002,経費,S002,特別,114373239,140818933
20240904,読売広告社,管理統括,総務部,運用課,2024,202409,2Q,300002,経常利益,S003,調整,46116219,76683183
20231125,博報堂プロダクツ,営業統括,経営企画部,第二課,2023,202311,3Q,100002,売上原価,S003,調整,71238963,110687512
20231128,博報堂DYメディアパートナーズ,メディア統括,制作部,第三課,2023,202311,3Q,200003,減価償却費,S002,特別,94405839,121170929
20241013,読売広告社,メディア統括,クリエイティブ部,第一課,2024,202410,3Q,200001,人件費,S001,通常,284741639,376633184
20230908,博報堂,クリエイティブ統括,デジタルマーケティング部,企画課,2023,202309,2Q,100001,売上高,S005,確定,130639221,103417684
20231215,博報堂プロダクツ,デジタル統括,総務部,推進課,2023,202312,3Q,500002,媒体社リベート,S003,調整,275559742,266104295
20240725,大広,営業統括,第二営業部,第三課,2024,202407,2Q,500002,媒体社リベート,S001,通常,159118044,135991758
20241117,大広,営業統括,総務部,推進課,2024,202411,3Q,100002,売上原価,S004,見込,116419818,104712768
20231014,博報堂,管理統括,デジタルマーケティング部,第三課,2023,202310,3Q,400003,コンサルティング収入,S001,通常,244618631,182075365
20250226,大広,管理統括,総務部,第三課,2024,202502,4Q,500002,媒体社リベート,S003,調整,173973154,129726994
20240602,博報堂,デジタル統括,人事部,管理課,2024,202406,1Q,100001,売上高,S004,見込,22212576,27020384
20240112,博報堂DYメディアパートナーズ,管理統括,制作部,企画課,2023,202401,4Q,200003,減価償却費,S001,通常,14187285,15968498
20250107,大広,クリエイティブ統括,人事部,企画課,2024,202501,4Q,300002,経常利益,S003,調整,295480667,320564610
20230811,博報堂DYメディアパートナーズ,メディア統括,制作部,推進課,2023,202308,2Q,200002,経費,S005,確定,322785330,455877624
20250114,読売広告社,メディア統括,財務経理部,第二課,2024,202501,4Q,500001,広告主負担金,S001,通常,303980254,325504447
20230606,博報堂,営業統括,経営企画部,第一課,2023,202306,1Q,100001,売上高,S004,見込,85935338,69002966
20230512,読売広告社,デジタル統括,人事部,第三課,2023,202305,1Q,100003,売上総利益,S005,確定,500379670,432692455
20230602,博報堂,メディア統括,第二営業部,管理課,2023,202306,1Q,400003,コンサルティング収入,S002,特別,420995580,483882268
20241207,博報堂,メディア統括,第二営業部,第三課,2024,202412,3Q,300001,営業利益,S003,調整,78471172,59127509
20240502,博報堂プロダクツ,管理統括,制作部,第二課,2024,202405,1Q,400001,媒体手数料収入,S002,特別,26326165,36076498
20240720,博報堂,営業統括,人事部,企画課,2024,202407,2Q,400003,コンサルティング収入,S002,特別,508699122,465421726
20240319,博報堂プロダクツ,クリエイティブ統括,第一営業部,第二課,2023,202403,4Q,100002,売上原価,S003,調整,439981692,382365647
20230906,大広,メディア統括,制作部,第一課,2023,202309,2Q,100001,売上高,S004,見込,452835397,385467312
20250214,大広,管理統括,第一営業部,第一課,2024,202502,4Q,400003,コンサルティング収入,S001,通常,343670828,304355460
20240821,博報堂,営業統括,第二営業部,運用課,2024,202408,2Q,400003,コンサルティング収入,S004,見込,192318481,211241641
20240613,博報堂DYメディアパートナーズ,クリエイティブ統括,クリエイティブ部,第二課,2024,202406,1Q,300001,営業利益,S002,特別,161503275,123121183
20231219,大広,営業統括,制作部,第三課,2023,202312,3Q,400002,制作収入,S005,確定,196198016,271215722
20240728,博報堂,メディア統括,第二営業部,運用課,2024,202407,2Q,100001,売上高,S001,通常,258942125,199824680
20240316,博報堂,メディア統括,総務部,開発課,2023,202403,4Q,300002,経常利益,S002,特別,428916901,367920037
20241221,博報堂DYメディアパートナーズ,管理統括,財務経理部,第一課,2024,202412,3Q,200001,人件費,S005,確定,312036324,371941046
20241026,大広,クリエイティブ統括,第一営業部,第二課,2024,202410,3Q,200002,経費,S001,通常,115997335,192890327
20230423,博報堂,管理統括,第一営業部,第三課,2023,202304,1Q,400002,制作収入,S003,調整,260565379,212303914
20240711,大広,メディア統括,第一営業部,企画課,2024,202407,2Q,500002,媒体社リベート,S004,見込,23864592,21675578
20230623,博報堂,メディア統括,クリエイティブ部,企画課,2023,202306,1Q,400001,媒体手数料収入,S004,見込,512104221,417660082
20250317,博報堂,営業統括,第二営業部,管理課,2024,202503,4Q,300001,営業利益,S005,確定,261475108,210731125
20240824,博報堂DYメディアパートナーズ,デジタル統括,制作部,企画課,2024,202408,2Q,200001,人件費,S005,確定,9627250,8938209
20241216,博報堂プロダクツ,営業統括,人事部,第二課,2024,202412,3Q,400001,媒体手数料収入,S005,確定,364683599,326110749
20240206,博報堂プロダクツ,デジタル統括,メディアプランニング部,第二課,2023,202402,4Q,100003,売上総利益,S003,調整,164358286,166251529
20231118,大広,デジタル統括,第二営業部,管理課,2023,202311,3Q,200001,人件費,S002,特別,400978610,358916176
20231004,大広,営業統括,第二営業部,管理課,2023,202310,3Q,100002,売上原価,S004,見込,28665346,31011694
20250209,博報堂プロダクツ,デジタル統括,制作部,推進課,2024,202502,4Q,500002,媒体社リベート,S002,特別,207545925,254293487
20231004,博報堂,営業統括,メディアプランニング部,運用課,2023,202310,3Q,200002,経費,S005,確定,441710234,462812476
20240211,博報堂,メディア統括,総務部,推進課,2023,202402,4Q,400002,制作収入,S004,見込,565336713,476958140
20250324,博報堂,デジタル統括,第二営業部,開発課,2024,202503,4Q,200001,人件費,S003,調整,533813634,402876026
20241103,博報堂,営業統括,財務経理部,運用課,2024,202411,3Q,100003,売上総利益,S001,通常,124135364,124150952
20240712,博報堂DYメディアパートナーズ,クリエイティブ統括,財務経理部,運用課,2024,202407,2Q,300001,営業利益,S004,見込,342520989,349177102
20240413,博報堂,メディア統括,財務経理部,第一課,2024,202404,1Q,200003,減価償却費,S004,見込,250674024,260949810
20231001,博報堂,メディア統括,デジタルマーケティング部,第三課,2023,202310,3Q,200003,減価償却費,S003,調整,444044934,332482193
20240917,博報堂DYメディアパートナーズ,クリエイティブ統括,制作部,企画課,2024,202409,2Q,400003,コンサルティング収入,S004,見込,192878787,227784600
20230826,大広,管理統括,総務部,開発課,2023,202308,2Q,400001,媒体手数料収入,S003,調整,104478468,104865285
20240710,大広,管理統括,人事部,開発課,2024,202407,2Q,400003,コンサルティング収入,S004,見込,487259766,476825193
20240723,博報堂,管理統括,財務経理部,開発課,2024,202407,2Q,400003,コンサルティング収入,S005,確定,117636851,182936236
20231203,読売広告社,メディア統括,クリエイティブ部,管理課,2023,202312,3Q,300001,営業利益,S002,特別,79171619,73285752
20230822,博報堂,クリエイティブ統括,経営企画部,運用課,2023,202308,2Q,100003,売上総利益,S002,特別,132096497,111998488
20250324,博報堂プロダクツ,管理統括,第二営業部,開発課,2024,202503,4Q,300002,経常利益,S001,通常,89940947,118057288
20230907,読売広告社,管理統括,デジタルマーケティング部,運用課,2023,202309,2Q,200002,経費,S004,見込,29938478,35845147
20230520,博報堂プロダクツ,クリエイティブ統括,クリエイティブ部,開発課,2023,202305,1Q,500001,広告主負担金,S004,見込,166631001,261817215
20231109,博報堂DYメディアパートナーズ,営業統括,人事部,推進課,2023,202311,3Q,400003,コンサルティング収入,S004,見込,63300954,62625173
20230718,博報堂,クリエイティブ統括,財務経理部,推進課,2023,202307,2Q,200002,経費,S004,見込,376289089,459458330
20240813,博報堂,デジタル統括,総務部,開発課,2024,202408,2Q,400001,媒体手数料収入,S002,特別,278726589,208843551
20240622,博報堂DYメディアパートナーズ,デジタル統括,制作部,運用課,2024,202406,1Q,100002,売上原価,S001,通常,131081143,147520098
20240905,大広,管理統括,デジタルマーケティング部,開発課,2024,202409,2Q,200002,経費,S002,特別,398848459,390248428
20240423,大広,デジタル統括,経営企画部,推進課,2024,202404,1Q,400002,制作収入,S005,確定,120169572,107812097
20240212,博報堂,管理統括,第一営業部,第一課,2023,202402,4Q,300001,営業利益,S004,見込,88933649,120331010
20230820,大広,クリエイティブ統括,デジタルマーケティング部,運用課,2023,202308,2Q,100003,売上総利益,S004,見込,336683134,362853767
20240914,博報堂DYメディアパートナーズ,営業統括,人事部,開発課,2024,202409,2Q,100001,売上高,S002,特別,214277701,356275259
20230507,大広,クリエイティブ統括,総務部,管理課,2023,202305,1Q,300001,営業利益,S001,通常,378524444,434656789
20231013,博報堂プロダクツ,メディア統括,財務経理部,第一課,2023,202310,3Q,200002,経費,S004,見込,534474072,464664462
20240417,博報堂プロダクツ,クリエイティブ統括,人事部,第三課,2024,202404,1Q,300001,営業利益,S004,見込,95272501,144735384
20240607,博報堂プロダクツ,メディア統括,制作部,第二課,2024,202406,1Q,400003,コンサルティング収入,S005,確定,468989161,336229119
20240110,読売広告社,クリエイティブ統括,デジタルマーケティング部,第二課,2023,202401,4Q,200001,人件費,S002,特別,233069474,333796683
20250109,博報堂,デジタル統括,経営企画部,管理課,2024,202501,4Q,200002,経費,S004,見込,73774572,119997179
20240217,博報堂DYメディアパートナーズ,管理統括,クリエイティブ部,運用課,2023,202402,4Q,200002,経費,S003,調整,675936749,485060349
20241127,大広,デジタル統括,第一営業部,第二課,2024,202411,3Q,500002,媒体社リベート,S003,調整,303970259,438634870
20250301,大広,クリエイティブ統括,第二営業部,第三課,2024,202503,4Q,100003,売上総利益,S005,確定,291795231,214626357
20230915,博報堂プロダクツ,クリエイティブ統括,メディアプランニング部,開発課,2023,202309,2Q,200001,人件費,S001,通常,374306320,354947731
20231218,博報堂DYメディアパートナーズ,営業統括,第一営業部,企画課,2023,202312,3Q,300001,営業利益,S001,通常,170446955,274580378
20250206,博報堂DYメディアパートナーズ,クリエイティブ統括,第二営業部,運用課,2024,202502,4Q,100003,売上総利益,S003,調整,233834260,191252919
20240318,大広,メディア統括,財務経理部,第一課,2023,202403,4Q,100003,売上総利益,S003,調整,167770829,276850731
20240118,読売広告社,クリエイティブ統括,経営企画部,企画課,2023,202401,4Q,100003,売上総利益,S002,特別,65104460,88174002
20230918,大広,管理統括,経営企画部,第一課,2023,202309,2Q,300002,経常利益,S004,見込,94377428,109254926
20230523,読売広告社,管理統括,人事部,第二課,2023,202305,1Q,100003,売上総利益,S004,見込,154898280,176188477
20250214,大広,デジタル統括,第一営業部,推進課,2024,202502,4Q,200001,人件費,S004,見込,380353203,408222704
20231217,博報堂DYメディアパートナーズ,デジタル統括,メディアプランニング部,第三課,2023,202312,3Q,200001,人件費,S004,見込,232791067,291269755
20231205,博報堂プロダクツ,クリエイティブ統括,経営企画部,運用課,2023,202312,3Q,100002,売上原価,S002,特別,325009793,259735588
20231108,大広,営業統括,メディアプランニング部,第一課,2023,202311,3Q,200003,減価償却費,S005,確定,121676157,90331336
20240721,博報堂,デジタル統括,デジタルマーケティング部,第一課,2024,202407,2Q,300002,経常利益,S004,見込,214510146,180275979
20240507,博報堂DYメディアパートナーズ,クリエイティブ統括,デジタルマーケティング部,管理課,2024,202405,1Q,300001,営業利益,S004,見込,110274435,162878861
20240717,大広,クリエイティブ統括,クリエイティブ部,第一課,2024,202407,2Q,400002,制作収入,S005,確定,34343056,29267618
20250104,読売広告社,メディア統括,制作部,企画課,2024,202501,4Q,200002,経費,S001,通常,68285366,53458462
20241114,大広,メディア統括,総務部,第一課,2024,202411,3Q,200003,減価償却費,S003,調整,114306993,109654229
20250316,博報堂DYメディアパートナーズ,クリエイティブ統括,経営企画部,第三課,2024,202503,4Q,200002,経費,S003,調整,28510775,26706625
20240112,博報堂,クリエイティブ統括,財務経理部,第三課,2023,202401,4Q,100003,売上総利益,S001,通常,349890717,264877259
20240218,読売広告社,営業統括,総務部,第一課,2023,202402,4Q,200001,人件費,S005,確定,310566985,374924893
20231011,読売広告社,メディア統括,人事部,企画課,2023,202310,3Q,400002,制作収入,S001,通常,559245046,499145171
20240420,博報堂プロダクツ,営業統括,第二営業部,第三課,2024,202404,1Q,100002,売上原価,S001,通常,172981498,278271198
20240516,博報堂,クリエイティブ統括,総務部,第二課,2024,202405,1Q,500002,媒体社リベート,S002,特別,345952551,315463643
20240119,博報堂,メディア統括,財務経理部,推進課,2023,202401,4Q,500002,媒体社リベート,S004,見込,49136798,39183263
20240415,読売広告社,デジタル統括,経営企画部,推進課,2024,202404,1Q,200003,減価償却費,S004,見込,203898889,306011124
20230808,大広,クリエイティブ統括,第二営業部,第一課,2023,202308,2Q,300001,営業利益,S005,確定,360937201,296114052
20240703,博報堂プロダクツ,クリエイティブ統括,クリエイティブ部,運用課,2024,202407,2Q,500001,広告主負担金,S003,調整,539964541,424820795
20240811,博報堂DYメディアパートナーズ,デジタル統括,第一営業部,第三課,2024,202408,2Q,500002,媒体社リベート,S005,確定,381857563,359004612
20230502,博報堂DYメディアパートナーズ,営業統括,経営企画部,運用課,2023,202305,1Q,200002,経費,S004,見込,70712251,65787450
20240616,博報堂DYメディアパートナーズ,デジタル統括,制作部,企画課,2024,202406,1Q,200003,減価償却費,S004,見込,252713447,217002639
20230805,博報堂プロダクツ,デジタル統括,クリエイティブ部,第一課,2023,202308,2Q,300001,営業利益,S002,特別,330562457,359858728
20240108,博報堂DYメディアパートナーズ,メディア統括,デジタルマーケティング部,運用課,2023,202401,4Q,400001,媒体手数料収入,S005,確定,344758057,290249266
20240510,読売広告社,デジタル統括,第一営業部,第一課,2024,202405,1Q,500002,媒体社リベート,S002,特別,31512458,31528562
20231223,博報堂DYメディアパートナーズ,デジタル統括,第二営業部,第一課,2023,202312,3Q,100003,売上総利益,S004,見込,201897800,300090810
20250125,博報堂プロダクツ,クリエイティブ統括,財務経理部,管理課,2024,202501,4Q,200001,人件費,S001,通常,344887234,328227629
20241120,博報堂,管理統括,デジタルマーケティング部,運用課,2024,202411,3Q,500001,広告主負担金,S004,見込,118759506,160464406
20230604,大広,クリエイティブ統括,第二営業部,開発課,2023,202306,1Q,500001,広告主負担金,S003,調整,448013357,324495959
20240727,博報堂,管理統括,総務部,企画課,2024,202407,2Q,400002,制作収入,S004,見込,557557569,499167538
20240119,読売広告社,管理統括,人事部,管理課,2023,202401,4Q,300001,営業利益,S004,見込,210784376,161492395
20240207,博報堂DYメディアパートナーズ,デジタル統括,第二営業部,運用課,2023,202402,4Q,200003,減価償却費,S005,確定,584267106,483893783
20230523,大広,メディア統括,総務部,第三課,2023,202305,1Q,500001,広告主負担金,S001,通常,506739592,403735004
20241009,読売広告社,クリエイティブ統括,人事部,開発課,2024,202410,3Q,500002,媒体社リベート,S004,見込,166877113,216869786
20230805,博報堂プロダクツ,営業統括,人事部,開発課,2023,202308,2Q,100003,売上総利益,S001,通常,436052259,387830430
20230625,大広,営業統括,第一営業部,第一課,2023,202306,1Q,200001,人件費,S003,調整,370586535,284236508
20230414,大広,メディア統括,第一営業部,第一課,2023,202304,1Q,400003,コンサルティング収入,S005,確定,5604170,4574329
20230912,大広,クリエイティブ統括,第二営業部,第二課,2023,202309,2Q,100002,売上原価,S004,見込,631291374,462470917
20230914,大広,メディア統括,経営企画部,第三課,2023,202309,2Q,300001,営業利益,S005,確定,196566253,227058303
20250308,読売広告社,メディア統括,第二営業部,企画課,2024,202503,4Q,400001,媒体手数料収入,S005,確定,401031252,479885873
20241202,博報堂DYメディアパートナーズ,クリエイティブ統括,第二営業部,推進課,2024,202412,3Q,200002,経費,S001,通常,62258404,73181126
20250328,大広,メディア統括,総務部,第三課,2024,202503,4Q,400002,制作収入,S001,通常,458774220,388082775
20250110,博報堂,メディア統括,デジタルマーケティング部,第二課,2024,202501,4Q,100003,売上総利益,S004,見込,234751969,376490401
20240207,大広,営業統括,クリエイティブ部,運用課,2023,202402,4Q,500001,広告主負担金,S004,見込,113926848,93854721
20241004,大広,デジタル統括,人事部,第三課,2024,202410,3Q,500001,広告主負担金,S002,特別,185315614,178069723
20230613,読売広告社,管理統括,第一営業部,第一課,2023,202306,1Q,200002,経費,S005,確定,102814194,133580206
20231218,読売広告社,営業統括,第一営業部,第二課,2023,202312,3Q,400002,制作収入,S004,見込,114717885,115220026
20250205,博報堂,デジタル統括,人事部,運用課,2024,202502,4Q,500002,媒体社リベート,S003,調整,42650483,34198334
20240322,博報堂DYメディアパートナーズ,メディア統括,人事部,推進課,2023,202403,4Q,300001,営業利益,S004,見込,8674206,8704685
20241214,博報堂DYメディアパートナーズ,管理統括,メディアプランニング部,運用課,2024,202412,3Q,200001,人件費,S005,確定,348879168,286806837
20230715,読売広告社,メディア統括,クリエイティブ部,推進課,2023,202307,2Q,300002,経常利益,S003,調整,208489989,189209529
20231125,読売広告社,クリエイティブ統括,第二営業部,第二課,2023,202311,3Q,500001,広告主負担金,S002,特別,166843726,162163340
20250326,博報堂プロダクツ,クリエイティブ統括,第二営業部,推進課,2024,202503,4Q,100002,売上原価,S001,通常,282696380,415003110
20240904,博報堂,営業統括,制作部,推進課,2024,202409,2Q,500002,媒体社リベート,S001,通常,288771669,221030451
20241128,読売広告社,メディア統括,メディアプランニング部,企画課,2024,202411,3Q,200001,人件費,S003,調整,271499015,295037090
20231107,博報堂プロダクツ,クリエイティブ統括,総務部,推進課,2023,202311,3Q,100002,売上原価,S003,調整,467170519,427493661
20240806,読売広告社,管理統括,第一営業部,第一課,2024,202408,2Q,300001,営業利益,S002,特別,331473799,385510152
20230513,博報堂,クリエイティブ統括,デジタルマーケティング部,企画課,2023,202305,1Q,100002,売上原価,S003,調整,266840033,409621410
20240108,博報堂プロダクツ,管理統括,クリエイティブ部,第一課,2023,202401,4Q,200001,人件費,S001,通常,165587089,169312314
20230712,読売広告社,管理統括,第一営業部,開発課,2023,202307,2Q,200003,減価償却費,S001,通常,94977891,154601121
20230714,博報堂DYメディアパートナーズ,デジタル統括,人事部,第二課,2023,202307,2Q,100002,売上原価,S004,見込,419846953,338378216
20240202,大広,メディア統括,総務部,第三課,2023,202402,4Q,100003,売上総利益,S001,通常,234142844,288836903
20230419,博報堂プロダクツ,デジタル統括,財務経理部,第三課,2023,202304,1Q,100002,売上原価,S001,通常,242346189,288315371
20230714,博報堂プロダクツ,デジタル統括,制作部,第二課,2023,202307,2Q,100002,売上原価,S005,確定,513482691,492941841
20241106,博報堂プロダクツ,営業統括,総務部,企画課,2024,202411,3Q,200001,人件費,S003,調整,116903534,169720599
20240515,博報堂DYメディアパートナーズ,クリエイティブ統括,人事部,第一課,2024,202405,1Q,100003,売上総利益,S005,確定,469405548,480610942
20240507,読売広告社,メディア統括,デジタルマーケティング部,企画課,2024,202405,1Q,400002,制作収入,S002,特別,170125391,241137563
20240714,博報堂プロダクツ,営業統括,経営企画部,第三課,2024,202407,2Q,500001,広告主負担金,S005,確定,39801796,35200160
20240501,大広,メディア統括,第二営業部,第三課,2024,202405,1Q,200002,経費,S003,調整,353583543,386564035
20230707,博報堂プロダクツ,メディア統括,第二営業部,推進課,2023,202307,2Q,200001,人件費,S001,通常,110756866,106759784
20240221,読売広告社,クリエイティブ統括,第二営業部,第一課,2023,202402,4Q,200001,人件費,S002,特別,146727836,122766899
20240213,博報堂プロダクツ,営業統括,総務部,運用課,2023,202402,4Q,200001,人件費,S003,調整,203150687,153644600
20240407,博報堂DYメディアパートナーズ,クリエイティブ統括,総務部,第三課,2024,202404,1Q,400001,媒体手数料収入,S005,確定,79617253,125483448
20240316,博報堂,クリエイティブ統括,第二営業部,運用課,2023,202403,4Q,200001,人件費,S005,確定,244627029,389487670
20240609,読売広告社,クリエイティブ統括,第二営業部,管理課,2024,202406,1Q,500001,広告主負担金,S002,特別,563454994,484434850
20240328,博報堂DYメディアパートナーズ,デジタル統括,総務部,第二課,2023,202403,4Q,400003,コンサルティング収入,S005,確定,128871980,111249380
20231119,大広,クリエイティブ統括,総務部,第三課,2023,202311,3Q,100003,売上総利益,S004,見込,85604696,92261779
20240723,大広,デジタル統括,総務部,第三課,2024,202407,2Q,500002,媒体社リベート,S003,調整,306980914,399399222
20241106,博報堂,営業統括,総務部,第一課,2024,202411,3Q,100001,売上高,S002,特別,307846112,406326451
20231113,博報堂プロダクツ,クリエイティブ統括,クリエイティブ部,企画課,2023,202311,3Q,200002,経費,S004,見込,431412174,310767520
20250320,博報堂,営業統括,財務経理部,第三課,2024,202503,4Q,200002,経費,S001,通常,47763123,47521422
20230505,大広,クリエイティブ統括,クリエイティブ部,管理課,2023,202305,1Q,500001,広告主負担金,S005,確定,238258249,193338245
20240110,読売広告社,デジタル統括,メディアプランニング部,第二課,2023,202401,4Q,100002,売上原価,S001,通常,627609764,451906829
20240906,博報堂,管理統括,人事部,開発課,2024,202409,2Q,200003,減価償却費,S004,見込,210568067,173302900
20231228,博報堂DYメディアパートナーズ,営業統括,人事部,第三課,2023,202312,3Q,200003,減価償却費,S005,確定,206729528,207607946
20240308,博報堂DYメディアパートナーズ,クリエイティブ統括,クリエイティブ部,開発課,2023,202403,4Q,400002,制作収入,S003,調整,367480813,328131437
20240309,大広,管理統括,クリエイティブ部,開発課,2023,202403,4Q,300002,経常利益,S001,通常,348408893,304672317
20240506,読売広告社,営業統括,第一営業部,推進課,2024,202405,1Q,500002,媒体社リベート,S002,特別,171149769,231941173
20230920,博報堂プロダクツ,デジタル統括,人事部,運用課,2023,202309,2Q,100003,売上総利益,S004,見込,57921810,84098165
20241219,博報堂プロダクツ,クリエイティブ統括,総務部,管理課,2024,202412,3Q,500001,広告主負担金,S005,確定,468177549,371913482
20240411,博報堂プロダクツ,管理統括,制作部,第一課,2024,202404,1Q,500001,広告主負担金,S001,通常,121695847,87127187
20240122,博報堂DYメディアパートナーズ,管理統括,制作部,運用課,2023,202401,4Q,200001,人件費,S003,調整,294673032,271241409
20240810,博報堂DYメディアパートナーズ,営業統括,制作部,第二課,2024,202408,2Q,400002,制作収入,S005,確定,88300636,103621612
20231207,大広,デジタル統括,財務経理部,管理課,2023,202312,3Q,100001,売上高,S004,見込,22756934,24962791
20240815,読売広告社,クリエイティブ統括,人事部,開発課,2024,202408,2Q,300001,営業利益,S002,特別,185107410,152813128
20250213,博報堂プロダクツ,デジタル統括,第一営業部,第三課,2024,202502,4Q,100001,売上高,S003,調整,203503944,294668974
20240516,博報堂DYメディアパートナーズ,管理統括,クリエイティブ部,開発課,2024,202405,1Q,400002,制作収入,S001,通常,12895191,17578021
20240506,大広,クリエイティブ統括,クリエイティブ部,第三課,2024,202405,1Q,200001,人件費,S001,通常,212178596,194377107
20230527,博報堂プロダクツ,メディア統括,経営企画部,開発課,2023,202305,1Q,500002,媒体社リベート,S001,通常,449648133,415891071
20230606,大広,クリエイティブ統括,総務部,推進課,2023,202306,1Q,500002,媒体社リベート,S002,特別,395040951,399293230
20250316,大広,営業統括,総務部,企画課,2024,202503,4Q,300001,営業利益,S004,見込,49699564,63234462
20241220,大広,クリエイティブ統括,第二営業部,推進課,2024,202412,3Q,400001,媒体手数料収入,S004,見込,311765539,256274419
20230711,大広,デジタル統括,第一営業部,第三課,2023,202307,2Q,200003,減価償却費,S001,通常,22842741,20189830
20250114,大広,デジタル統括,第二営業部,運用課,2024,202501,4Q,300001,営業利益,S004,見込,358238666,425879981
20240507,博報堂プロダクツ,メディア統括,制作部,第三課,2024,202405,1Q,300002,経常利益,S002,特別,103064263,110784269
20240310,大広,メディア統括,財務経理部,第二課,2023,202403,4Q,100003,売上総利益,S001,通常,343899403,427205828
20241119,読売広告社,営業統括,制作部,運用課,2024,202411,3Q,100001,売上高,S005,確定,211418321,311947112
20250205,博報堂DYメディアパートナーズ,クリエイティブ統括,クリエイティブ部,管理課,2024,202502,4Q,200002,経費,S002,特別,102316412,119481293
20240611,博報堂DYメディアパートナーズ,クリエイティブ統括,クリエイティブ部,第二課,2024,202406,1Q,100003,売上総利益,S004,見込,482267114,416352094
20230619,博報堂プロダクツ,管理統括,経営企画部,推進課,2023,202306,1Q,100003,売上総利益,S003,調整,64249348,81003845
20230508,読売広告社,営業統括,制作部,企画課,2023,202305,1Q,200003,減価償却費,S005,確定,449844781,468609174
20240916,博報堂DYメディアパートナーズ,メディア統括,第一営業部,開発課,2024,202409,2Q,300001,営業利益,S005,確定,178828626,158741773
20231210,大広,管理統括,クリエイティブ部,第二課,2023,202312,3Q,100001,売上高,S003,調整,198645918,245300175
20240908,大広,デジタル統括,メディアプランニング部,第三課,2024,202409,2Q,400003,コンサルティング収入,S005,確定,573521741,409692527
20240101,読売広告社,クリエイティブ統括,メディアプランニング部,第一課,2023,202401,4Q,400002,制作収入,S004,見込,45150528,32962007
20240210,読売広告社,管理統括,制作部,管理課,2023,202402,4Q,300001,営業利益,S004,見込,304649980,296013991
20250311,大広,クリエイティブ統括,第二営業部,企画課,2024,202503,4Q,300002,経常利益,S005,確定,402460873,307723741
20240312,博報堂DYメディアパートナーズ,クリエイティブ統括,クリエイティブ部,管理課,2023,202403,4Q,400003,コンサルティング収入,S004,見込,112498082,170920750
20231028,読売広告社,クリエイティブ統括,メディアプランニング部,運用課,2023,202310,3Q,400002,制作収入,S004,見込,204382322,193180416
20230526,博報堂,営業統括,財務経理部,第三課,2023,202305,1Q,400001,媒体手数料収入,S003,調整,194888745,207565335
20230507,博報堂,営業統括,財務経理部,推進課,2023,202305,1Q,200001,人件費,S003,調整,221193773,322353712
20231226,読売広告社,クリエイティブ統括,経営企画部,推進課,2023,202312,3Q,200002,経費,S001,通常,84768312,75016563
20240926,読売広告社,営業統括,財務経理部,管理課,2024,202409,2Q,400003,コンサルティング収入,S002,特別,413439958,299688524
20231018,大広,管理統括,総務部,第三課,2023,202310,3Q,200001,人件費,S002,特別,130124839,186957829
20240303,博報堂DYメディアパートナーズ,クリエイティブ統括,経営企画部,推進課,2023,202403,4Q,200002,経費,S001,通常,136501185,110357258
20241122,博報堂,クリエイティブ統括,クリエイティブ部,運用課,2024,202411,3Q,200002,経費,S005,確定,214560165,183687251
20230618,博報堂DYメディアパートナーズ,営業統括,デジタルマーケティング部,第一課,2023,202306,1Q,500002,媒体社リベート,S004,見込,68230441,73814279
20230614,読売広告社,メディア統括,総務部,第三課,2023,202306,1Q,200003,減価償却費,S002,特別,307011943,491569273
20240713,博報堂プロダクツ,メディア統括,第二営業部,第三課,2024,202407,2Q,100002,売上原価,S001,通常,226976485,266662313
20240818,読売広告社,営業統括,総務部,運用課,2024,202408,2Q,300001,営業利益,S004,見込,509918098,429353215
20230902,博報堂,デジタル統括,制作部,第三課,2023,202309,2Q,200001,人件費,S002,特別,499449237,400804215
20240913,博報堂,管理統括,クリエイティブ部,第二課,2024,202409,2Q,100001,売上高,S003,調整,79834068,112194464
20240714,博報堂プロダクツ,管理統括,第二営業部,第三課,2024,202407,2Q,100001,売上高,S003,調整,64948024,78033927
20241013,博報堂DYメディアパートナーズ,デジタル統括,総務部,推進課,2024,202410,3Q,300002,経常利益,S004,見込,116956851,167562442
20240104,読売広告社,営業統括,総務部,第二課,2023,202401,4Q,200003,減価償却費,S004,見込,406415652,328343803
20240508,博報堂DYメディアパートナーズ,メディア統括,制作部,推進課,2024,202405,1Q,400001,媒体手数料収入,S001,通常,581892605,443822728
20240102,博報堂,デジタル統括,メディアプランニング部,開発課,2023,202401,4Q,300001,営業利益,S003,調整,642457275,494470773
20240909,博報堂プロダクツ,管理統括,制作部,企画課,2024,202409,2Q,500001,広告主負担金,S003,調整,295433448,363107230
20240127,博報堂プロダクツ,デジタル統括,経営企画部,企画課,2023,202401,4Q,400001,媒体手数料収入,S003,調整,373198773,462069492
20230411,大広,クリエイティブ統括,デジタルマーケティング部,企画課,2023,202304,1Q,400003,コンサルティング収入,S005,確定,107938900,77784416
20241226,博報堂,メディア統括,デジタルマーケティング部,推進課,2024,202412,3Q,500002,媒体社リベート,S005,確定,140088892,163026577
20240216,博報堂DYメディアパートナーズ,メディア統括,第一営業部,運用課,2023,202402,4Q,300001,営業利益,S004,見込,113242208,103726523
20241124,博報堂DYメディアパートナーズ,営業統括,人事部,第三課,2024,202411,3Q,100003,売上総利益,S005,確定,88037356,90594167
20240320,博報堂プロダクツ,メディア統括,人事部,管理課,2023,202403,4Q,300001,営業利益,S003,調整,139026329,203837162
20241203,博報堂,営業統括,人事部,第二課,2024,202412,3Q,400001,媒体手数料収入,S004,見込,71596360,53768925
20240816,大広,メディア統括,第一営業部,管理課,2024,202408,2Q,400001,媒体手数料収入,S005,確定,249278480,219818687
20240324,博報堂DYメディアパートナーズ,クリエイティブ統括,メディアプランニング部,第一課,2023,202403,4Q,500001,広告主負担金,S001,通常,455570906,425537845
20250322,博報堂プロダクツ,デジタル統括,クリエイティブ部,管理課,2024,202503,4Q,100002,売上原価,S003,調整,499593166,414284991
20241124,読売広告社,営業統括,制作部,運用課,2024,202411,3Q,400003,コンサルティング収入,S001,通常,366500477,348350786
20240526,博報堂プロダクツ,クリエイティブ統括,メディアプランニング部,開発課,2024,202405,1Q,300002,経常利益,S002,特別,271548603,215876492
20240720,読売広告社,デジタル統括,人事部,開発課,2024,202407,2Q,500002,媒体社リベート,S004,見込,335654050,266527990
20230710,読売広告社,デジタル統括,クリエイティブ部,第一課,2023,202307,2Q,100001,売上高,S003,調整,596537759,453607803
20240328,読売広告社,営業統括,デジタルマーケティング部,推進課,2023,202403,4Q,500002,媒体社リベート,S005,確定,175407206,262849783
20250214,博報堂,営業統括,デジタルマーケティング部,推進課,2024,202502,4Q,400003,コンサルティング収入,S004,見込,351985571,449904283
20240921,大広,管理統括,第一営業部,第三課,2024,202409,2Q,400001,媒体手数料収入,S005,確定,532495283,483328376
20240915,読売広告社,クリエイティブ統括,人事部,第二課,2024,202409,2Q,200002,経費,S004,見込,59806971,79863822
20241028,博報堂,メディア統括,クリエイティブ部,第二課,2024,202410,3Q,500002,媒体社リベート,S004,見込,92109650,100322968
20250327,博報堂プロダクツ,デジタル統括,デジタルマーケティング部,管理課,2024,202503,4Q,400003,コンサルティング収入,S003,調整,568009505,462115151
20250212,博報堂DYメディアパートナーズ,メディア統括,総務部,管理課,2024,202502,4Q,100002,売上原価,S004,見込,188375982,204398443
20250301,読売広告社,営業統括,第二営業部,開発課,2024,202503,4Q,400003,コンサルティング収入,S002,特別,60083666,53171856
20241127,博報堂プロダクツ,メディア統括,メディアプランニング部,運用課,2024,202411,3Q,400003,コンサルティング収入,S005,確定,498511897,458251069
20231006,大広,メディア統括,第一営業部,第二課,2023,202310,3Q,300001,営業利益,S003,調整,224812606,249338148
20241204,博報堂,管理統括,財務経理部,開発課,2024,202412,3Q,300001,営業利益,S004,見込,84382713,83544385
20240514,読売広告社,デジタル統括,人事部,第一課,2024,202405,1Q,100002,売上原価,S003,調整,363587837,387001384
20240520,大広,クリエイティブ統括,デジタルマーケティング部,企画課,2024,202405,1Q,200002,経費,S005,確定,535957523,448030865
20230607,大広,クリエイティブ統括,総務部,運用課,2023,202306,1Q,100001,売上高,S002,特別,325486349,260464712
20240423,読売広告社,デジタル統括,クリエイティブ部,第二課,2024,202404,1Q,400002,制作収入,S005,確定,55133842,45728940
20240806,博報堂プロダクツ,デジタル統括,財務経理部,企画課,2024,202408,2Q,400002,制作収入,S002,特別,247674236,209574219
20241112,大広,メディア統括,人事部,推進課,2024,202411,3Q,500002,媒体社リベート,S002,特別,72560579,115631530
20241104,博報堂プロダクツ,営業統括,人事部,第二課,2024,202411,3Q,400001,媒体手数料収入,S005,確定,301474544,344693422
20230615,博報堂DYメディアパートナーズ,デジタル統括,メディアプランニング部,管理課,2023,202306,1Q,500002,媒体社リベート,S001,通常,303080984,335830611
20231104,博報堂DYメディアパートナーズ,クリエイティブ統括,クリエイティブ部,第一課,2023,202311,3Q,500001,広告主負担金,S005,確定,273028115,269732373
20230806,読売広告社,メディア統括,第一営業部,開発課,2023,202308,2Q,300001,営業利益,S002,特別,405770191,359749769
20250107,博報堂プロダクツ,メディア統括,デジタルマーケティング部,第三課,2024,202501,4Q,100002,売上原価,S001,通常,446373751,421923580
20230815,博報堂,デジタル統括,総務部,開発課,2023,202308,2Q,400001,媒体手数料収入,S003,調整,164075690,123394966
20230626,博報堂プロダクツ,クリエイティブ統括,第二営業部,開発課,2023,202306,1Q,200002,経費,S002,特別,430577639,455740004
20250309,大広,デジタル統括,制作部,開発課,2024,202503,4Q,200002,経費,S001,通常,194639245,145431686
20241213,博報堂DYメディアパートナーズ,管理統括,財務経理部,第二課,2024,202412,3Q,500001,広告主負担金,S005,確定,321780745,275610308
20240803,博報堂DYメディアパートナーズ,クリエイティブ統括,メディアプランニング部,運用課,2024,202408,2Q,500002,媒体社リベート,S002,特別,199583731,326085118
20240113,博報堂DYメディアパートナーズ,管理統括,デジタルマーケティング部,第二課,2023,202401,4Q,400003,コンサルティング収入,S001,通常,500611717,374508123
20230626,博報堂DYメディアパートナーズ,管理統括,財務経理部,開発課,2023,202306,1Q,500001,広告主負担金,S005,確定,35396359,43340338
20240708,読売広告社,デジタル統括,デジタルマーケティング部,運用課,2024,202407,2Q,400003,コンサルティング収入,S004,見込,91197381,99311604
20241116,博報堂プロダクツ,クリエイティブ統括,財務経理部,第三課,2024,202411,3Q,200001,人件費,S005,確定,105722700,165927121
20240421,博報堂プロダクツ,デジタル統括,メディアプランニング部,運用課,2024,202404,1Q,100003,売上総利益,S004,見込,317455022,277126870
20240802,博報堂,メディア統括,クリエイティブ部,第二課,2024,202408,2Q,200001,人件費,S004,見込,323634016,352221489
20240304,大広,営業統括,財務経理部,運用課,2023,202403,4Q,400003,コンサルティング収入,S003,調整,319037724,477985024
20231014,博報堂DYメディアパートナーズ,管理統括,メディアプランニング部,企画課,2023,202310,3Q,100002,売上原価,S005,確定,56327915,74718141
20240302,大広,メディア統括,人事部,運用課,2023,202403,4Q,400002,制作収入,S005,確定,38544528,45418599
20230728,大広,デジタル統括,人事部,企画課,2023,202307,2Q,200003,減価償却費,S005,確定,309931060,253514214
20231210,博報堂DYメディアパートナーズ,メディア統括,財務経理部,運用課,2023,202312,3Q,400003,コンサルティング収入,S001,通常,205219815,180298244
20230620,博報堂DYメディアパートナーズ,メディア統括,メディアプランニング部,管理課,2023,202306,1Q,100001,売上高,S003,調整,282654687,363940211
20241103,読売広告社,デジタル統括,財務経理部,第一課,2024,202411,3Q,100003,売上総利益,S004,見込,213734327,213463400
20250123,博報堂,管理統括,第二営業部,開発課,2024,202501,4Q,500002,媒体社リベート,S002,特別,219096530,265207695
20230515,博報堂プロダクツ,営業統括,制作部,第三課,2023,202305,1Q,100002,売上原価,S004,見込,320762984,412577581
20231201,博報堂DYメディアパートナーズ,デジタル統括,経営企画部,第三課,2023,202312,3Q,100003,売上総利益,S003,調整,377213308,381704302
20240204,大広,クリエイティブ統括,財務経理部,管理課,2023,202402,4Q,200003,減価償却費,S005,確定,296663191,433027532
20230512,博報堂DYメディアパートナーズ,クリエイティブ統括,クリエイティブ部,開発課,2023,202305,1Q,400003,コンサルティング収入,S001,通常,81018024,62028924
20241210,博報堂DYメディアパートナーズ,デジタル統括,クリエイティブ部,管理課,2024,202412,3Q,100001,売上高,S004,見込,270717416,298507278
20240126,博報堂プロダクツ,管理統括,メディアプランニング部,推進課,2023,202401,4Q,100003,売上総利益,S005,確定,147339911,146903859
20231021,大広,メディア統括,人事部,運用課,2023,202310,3Q,200003,減価償却費,S005,確定,66060554,75590161
20240612,博報堂プロダクツ,営業統括,制作部,第二課,2024,202406,1Q,100001,売上高,S004,見込,144872244,221031020
20240906,博報堂DYメディアパートナーズ,管理統括,人事部,企画課,2024,202409,2Q,500001,広告主負担金,S004,見込,319718413,461915200
20240516,読売広告社,営業統括,経営企画部,推進課,2024,202405,1Q,400002,制作収入,S002,特別,218031688,250882387
20240728,博報堂プロダクツ,クリエイティブ統括,第一営業部,推進課,2024,202407,2Q,500002,媒体社リベート,S003,調整,321605656,411589013
20230523,博報堂プロダクツ,メディア統括,クリエイティブ部,開発課,2023,202305,1Q,200001,人件費,S002,特別,73075018,71807866
20250224,大広,管理統括,第一営業部,第二課,2024,202502,4Q,400001,媒体手数料収入,S001,通常,34065085,33210851
20230715,博報堂DYメディアパートナーズ,クリエイティブ統括,クリエイティブ部,推進課,2023,202307,2Q,200003,減価償却費,S001,通常,443986008,359428723
20240820,博報堂DYメディアパートナーズ,クリエイティブ統括,制作部,企画課,2024,202408,2Q,100003,売上総利益,S005,確定,233422563,211945796
20230501,博報堂,クリエイティブ統括,人事部,推進課,2023,202305,1Q,200002,経費,S002,特別,249674231,199128840
20231026,読売広告社,管理統括,第一営業部,企画課,2023,202310,3Q,500002,媒体社リベート,S002,特別,500003916,453524213
20240314,博報堂プロダクツ,クリエイティブ統括,経営企画部,第二課,2023,202403,4Q,300002,経常利益,S001,通常,80638813,125650944
20231210,読売広告社,クリエイティブ統括,人事部,第三課,2023,202312,3Q,100003,売上総利益,S001,通常,332163274,330353158
20240127,博報堂DYメディアパートナーズ,クリエイティブ統括,クリエイティブ部,管理課,2023,202401,4Q,100001,売上高,S001,通常,60826961,81608234
20240614,読売広告社,管理統括,経営企画部,第一課,2024,202406,1Q,100003,売上総利益,S004,見込,260444270,197021917
20230409,博報堂DYメディアパートナーズ,メディア統括,デジタルマーケティング部,推進課,2023,202304,1Q,400001,媒体手数料収入,S001,通常,65122178,77790519
20240511,博報堂,営業統括,第二営業部,第一課,2024,202405,1Q,500001,広告主負担金,S002,特別,66211438,80530602
20230602,博報堂,デジタル統括,デジタルマーケティング部,企画課,2023,202306,1Q,300002,経常利益,S003,調整,424005279,395712313
20240209,大広,営業統括,総務部,開発課,2023,202402,4Q,100003,売上総利益,S005,確定,122426661,111066322
20230724,博報堂DYメディアパートナーズ,クリエイティブ統括,メディアプランニング部,企画課,2023,202307,2Q,400001,媒体手数料収入,S005,確定,405753179,418090682
20230619,博報堂DYメディアパートナーズ,営業統括,財務経理部,管理課,2023,202306,1Q,200001,人件費,S001,通常,238118102,372862034
20230621,博報堂DYメディアパートナーズ,クリエイティブ統括,制作部,推進課,2023,202306,1Q,500002,媒体社リベート,S001,通常,278959778,335488299
20231001,大広,営業統括,財務経理部,管理課,2023,202310,3Q,300002,経常利益,S005,確定,168773160,237937089
20230926,読売広告社,クリエイティブ統括,デジタルマーケティング部,第三課,2023,202309,2Q,400002,制作収入,S003,調整,364677349,265939220
20240724,大広,営業統括,メディアプランニング部,第三課,2024,202407,2Q,500001,広告主負担金,S001,通常,180578500,155987542
20240221,博報堂DYメディアパートナーズ,メディア統括,メディアプランニング部,企画課,2023,202402,4Q,200002,経費,S005,確定,568843933,435908566
20240625,大広,メディア統括,デジタルマーケティング部,推進課,2024,202406,1Q,200001,人件費,S004,見込,2237282,2760821
20240412,博報堂DYメディアパートナーズ,クリエイティブ統括,人事部,第一課,2024,202404,1Q,200003,減価償却費,S005,確定,112059155,167823520
20250210,読売広告社,デジタル統括,財務経理部,第一課,2024,202502,4Q,100001,売上高,S005,確定,55751635,92108024
20240426,博報堂プロダクツ,管理統括,クリエイティブ部,運用課,2024,202404,1Q,400003,コンサルティング収入,S005,確定,670450496,498041362
20250126,博報堂DYメディアパートナーズ,クリエイティブ統括,第一営業部,管理課,2024,202501,4Q,200003,減価償却費,S003,調整,144003574,171337098
20250102,読売広告社,デジタル統括,第二営業部,運用課,2024,202501,4Q,100001,売上高,S001,通常,80275794,68897348
20230710,博報堂,デジタル統括,クリエイティブ部,推進課,2023,202307,2Q,300002,経常利益,S005,確定,159999097,250684245
20230623,読売広告社,営業統括,第二営業部,管理課,2023,202306,1Q,100002,売上原価,S002,特別,143553886,133288663
20230625,読売広告社,管理統括,クリエイティブ部,企画課,2023,202306,1Q,100001,売上高,S004,見込,493832079,379600986
20230610,博報堂DYメディアパートナーズ,メディア統括,制作部,第二課,2023,202306,1Q,100001,売上高,S005,確定,35046609,36337283
20250124,博報堂プロダクツ,メディア統括,総務部,第二課,2024,202501,4Q,100003,売上総利益,S004,見込,323719273,412179727
20250111,大広,クリエイティブ統括,経営企画部,管理課,2024,202501,4Q,400002,制作収入,S001,通常,379529089,488431802
20241116,博報堂プロダクツ,管理統括,制作部,運用課,2024,202411,3Q,500001,広告主負担金,S001,通常,85753103,90124368
20240323,読売広告社,デジタル統括,第一営業部,第三課,2023,202403,4Q,400002,制作収入,S005,確定,44103297,62659478
20240419,博報堂,クリエイティブ統括,制作部,推進課,2024,202404,1Q,100001,売上高,S004,見込,414639170,343551898
20240922,博報堂DYメディアパートナーズ,クリエイティブ統括,人事部,第一課,2024,202409,2Q,200002,経費,S001,通常,277452707,281070831
20240522,博報堂DYメディアパートナーズ,メディア統括,デジタルマーケティング部,第一課,2024,202405,1Q,300001,営業利益,S005,確定,65231369,47734910
20240709,読売広告社,デジタル統括,デジタルマーケティング部,開発課,2024,202407,2Q,100003,売上総利益,S002,特別,512078717,378502359
20240406,博報堂DYメディアパートナーズ,クリエイティブ統括,制作部,運用課,2024,202404,1Q,300002,経常利益,S005,確定,308228307,257132853
20230427,読売広告社,デジタル統括,制作部,企画課,2023,202304,1Q,300001,営業利益,S001,通常,150101479,221170384
20240318,博報堂プロダクツ,営業統括,総務部,企画課,2023,202403,4Q,200001,人件費,S003,調整,19448182,29655543
20240605,大広,営業統括,第一営業部,管理課,2024,202406,1Q,300002,経常利益,S001,通常,297147003,264918979
20250327,博報堂DYメディアパートナーズ,クリエイティブ統括,財務経理部,推進課,2024,202503,4Q,200001,人件費,S001,通常,297858763,284306839
20240626,博報堂プロダクツ,管理統括,人事部,管理課,2024,202406,1Q,500002,媒体社リベート,S002,特別,388875910,289958228
20240123,博報堂プロダクツ,メディア統括,経営企画部,管理課,2023,202401,4Q,500001,広告主負担金,S001,通常,227172765,195777764
20231010,博報堂,メディア統括,人事部,推進課,2023,202310,3Q,200002,経費,S002,特別,125130646,143209288
20230420,大広,デジタル統括,制作部,開発課,2023,202304,1Q,400003,コンサルティング収入,S002,特別,92390260,67196555
20241221,博報堂DYメディアパートナーズ,デジタル統括,経営企画部,第二課,2024,202412,3Q,300002,経常利益,S005,確定,486371152,452735697
20241202,読売広告社,管理統括,クリエイティブ部,運用課,2024,202412,3Q,400003,コンサルティング収入,S004,見込,214735168,184356563
20240228,博報堂DYメディアパートナーズ,デジタル統括,制作部,管理課,2023,202402,4Q,100002,売上原価,S003,調整,636218003,499726729
20241219,博報堂プロダクツ,営業統括,経営企画部,第三課,2024,202412,3Q,500001,広告主負担金,S004,見込,483827287,350544686
20230910,読売広告社,営業統括,デジタルマーケティング部,管理課,2023,202309,2Q,100001,売上高,S001,通常,257227750,424846510
20230922,博報堂DYメディアパートナーズ,管理統括,メディアプランニング部,管理課,2023,202309,2Q,400001,媒体手数料収入,S002,特別,185013970,304483021
20230715,博報堂プロダクツ,クリエイティブ統括,第二営業部,第一課,2023,202307,2Q,400001,媒体手数料収入,S003,調整,2060108,2368007
20240323,読売広告社,クリエイティブ統括,制作部,企画課,2023,202403,4Q,400001,媒体手数料収入,S004,見込,278314968,241877563
20230412,博報堂プロダクツ,デジタル統括,総務部,開発課,2023,202304,1Q,300002,経常利益,S001,通常,610203148,457138445
20230820,大広,メディア統括,第二営業部,第一課,2023,202308,2Q,200001,人件費,S002,特別,261933517,405699125
20230911,大広,クリエイティブ統括,財務経理部,管理課,2023,202309,2Q,400002,制作収入,S005,確定,171961953,133743826
20240209,博報堂,デジタル統括,経営企画部,推進課,2023,202402,4Q,300002,経常利益,S003,調整,254851343,343468022
20250117,博報堂DYメディアパートナーズ,メディア統括,クリエイティブ部,第二課,2024,202501,4Q,200003,減価償却費,S002,特別,80453957,100626426
20231024,博報堂プロダクツ,営業統括,メディアプランニング部,開発課,2023,202310,3Q,300001,営業利益,S005,確定,69980880,72041636
20240910,博報堂,メディア統括,メディアプランニング部,企画課,2024,202409,2Q,400003,コンサルティング収入,S005,確定,48858045,54961657
20241121,博報堂プロダクツ,メディア統括,総務部,推進課,2024,202411,3Q,400001,媒体手数料収入,S002,特別,29447364,38544799
20240902,博報堂プロダクツ,営業統括,人事部,第三課,2024,202409,2Q,400001,媒体手数料収入,S001,通常,341476986,399794004
20241208,大広,営業統括,第一営業部,第一課,2024,202412,3Q,100002,売上原価,S005,確定,230055739,234764757
20240723,博報堂,営業統括,クリエイティブ部,運用課,2024,202407,2Q,100002,売上原価,S005,確定,162757116,180908575
20250304,大広,管理統括,制作部,第三課,2024,202503,4Q,400003,コンサルティング収入,S003,調整,487111886,469546674
20231125,大広,管理統括,第二営業部,推進課,2023,202311,3Q,300002,経常利益,S004,見込,361882131,408441211
20240824,博報堂,メディア統括,メディアプランニング部,運用課,2024,202408,2Q,400003,コンサルティング収入,S004,見込,460579731,488142794
20231225,読売広告社,デジタル統括,第一営業部,運用課,2023,202312,3Q,300002,経常利益,S004,見込,268781207,247496212
20240615,博報堂プロダクツ,営業統括,経営企画部,管理課,2024,202406,1Q,100002,売上原価,S002,特別,598822816,438477615
20241128,読売広告社,営業統括,メディアプランニング部,運用課,2024,202411,3Q,100002,売上原価,S005,確定,268707939,298965633
20240517,大広,管理統括,財務経理部,管理課,2024,202405,1Q,400002,制作収入,S004,見込,54728890,82073157
20230703,大広,デジタル統括,人事部,第一課,2023,202307,2Q,100003,売上総利益,S005,確定,170361514,186170484
20240607,博報堂,営業統括,第一営業部,開発課,2024,202406,1Q,100003,売上総利益,S002,特別,153695318,141971631
20230424,読売広告社,管理統括,制作部,管理課,2023,202304,1Q,300002,経常利益,S003,調整,221461217,319182110
20240505,博報堂,管理統括,財務経理部,第三課,2024,202405,1Q,200001,人件費,S004,見込,321700346,229887973
20240123,大広,クリエイティブ統括,第一営業部,推進課,2023,202401,4Q,100002,売上原価,S002,特別,154459972,179758451
20230408,読売広告社,管理統括,第一営業部,第二課,2023,202304,1Q,200001,人件費,S003,調整,522759821,390032180
20250205,大広,デジタル統括,総務部,第二課,2024,202502,4Q,300001,営業利益,S002,特別,69829751,54990741
20250117,博報堂プロダクツ,管理統括,メディアプランニング部,企画課,2024,202501,4Q,100003,売上総利益,S005,確定,43040124,62917424
20250324,大広,メディア統括,制作部,開発課,2024,202503,4Q,200001,人件費,S001,通常,420652555,474407404
20230623,大広,管理統括,総務部,推進課,2023,202306,1Q,100002,売上原価,S003,調整,475513461,460696222
20241028,博報堂,メディア統括,人事部,企画課,2024,202410,3Q,300001,営業利益,S001,通常,72645077,87077854
20231020,読売広告社,メディア統括,デジタルマーケティング部,管理課,2023,202310,3Q,400003,コンサルティング収入,S004,見込,291090580,423505822
20230414,博報堂,営業統括,制作部,運用課,2023,202304,1Q,400002,制作収入,S002,特別,139243184,154779277
20231127,博報堂プロダクツ,デジタル統括,総務部,第一課,2023,202311,3Q,100002,売上原価,S004,見込,220189426,188080126
20240626,大広,営業統括,第二営業部,第一課,2024,202406,1Q,100001,売上高,S002,特別,531499189,404203690
20230517,博報堂プロダクツ,営業統括,クリエイティブ部,第二課,2023,202305,1Q,300002,経常利益,S005,確定,272096352,213031598
20250227,博報堂プロダクツ,営業統括,総務部,管理課,2024,202502,4Q,100002,売上原価,S002,特別,179061852,211885545
20230828,博報堂DYメディアパートナーズ,営業統括,第二営業部,第二課,2023,202308,2Q,400003,コンサルティング収入,S001,通常,534589102,431634528
20231025,博報堂,営業統括,第二営業部,管理課,2023,202310,3Q,300002,経常利益,S001,通常,222727871,337949052
20240113,博報堂,管理統括,財務経理部,推進課,2023,202401,4Q,100003,売上総利益,S002,特別,144630430,194994000
20231126,読売広告社,クリエイティブ統括,経営企画部,運用課,2023,202311,3Q,400003,コンサルティング収入,S003,調整,11128136,7958995
20230528,博報堂プロダクツ,管理統括,人事部,第二課,2023,202305,1Q,200003,減価償却費,S005,確定,136475409,135866707
20231013,大広,クリエイティブ統括,第二営業部,運用課,2023,202310,3Q,200003,減価償却費,S005,確定,476885848,366656816
20240528,博報堂プロダクツ,管理統括,財務経理部,開発課,2024,202405,1Q,300001,営業利益,S002,特別,287032724,312263733
20230706,博報堂プロダクツ,営業統括,クリエイティブ部,管理課,2023,202307,2Q,200003,減価償却費,S004,見込,83137698,110490742
20231128,博報堂DYメディアパートナーズ,デジタル統括,制作部,第一課,2023,202311,3Q,200003,減価償却費,S004,見込,394581487,404124374
20230820,博報堂DYメディアパートナーズ,営業統括,第一営業部,運用課,2023,202308,2Q,100001,売上高,S002,特別,186777929,199597446
20230428,博報堂DYメディアパートナーズ,クリエイティブ統括,デジタルマーケティング部,開発課,2023,202304,1Q,100003,売上総利益,S005,確定,209547022,167472498
20230825,大広,営業統括,第二営業部,企画課,2023,202308,2Q,300002,経常利益,S001,通常,144442902,133616396
20240417,読売広告社,メディア統括,財務経理部,推進課,2024,202404,1Q,300001,営業利益,S002,特別,99939932,102832786
20230627,大広,管理統括,メディアプランニング部,第二課,2023,202306,1Q,300002,経常利益,S005,確定,251558351,225550272
20240110,博報堂,クリエイティブ統括,クリエイティブ部,推進課,2023,202401,4Q,500001,広告主負担金,S001,通常,89356661,89157218
20240715,博報堂DYメディアパートナーズ,デジタル統括,制作部,第一課,2024,202407,2Q,200002,経費,S002,特別,150835539,179087294
20250218,大広,メディア統括,第一営業部,推進課,2024,202502,4Q,200001,人件費,S001,通常,300003917,436685240
20250328,博報堂プロダクツ,メディア統括,第二営業部,第三課,2024,202503,4Q,200003,減価償却費,S005,確定,558330840,480418550
20241103,博報堂プロダクツ,営業統括,人事部,管理課,2024,202411,3Q,100002,売上原価,S002,特別,42269090,32416422
20240624,大広,メディア統括,制作部,企画課,2024,202406,1Q,400003,コンサルティング収入,S002,特別,116568050,97145857
20250217,読売広告社,クリエイティブ統括,財務経理部,第三課,2024,202502,4Q,400001,媒体手数料収入,S005,確定,342798870,344266713
20240202,博報堂,メディア統括,第一営業部,企画課,2023,202402,4Q,400003,コンサルティング収入,S001,通常,450995443,478825958
20230622,読売広告社,デジタル統括,経営企画部,開発課,2023,202306,1Q,300001,営業利益,S004,見込,374229672,404221343
20250205,読売広告社,営業統括,財務経理部,企画課,2024,202502,4Q,100001,売上高,S004,見込,329360018,356897567
20240201,読売広告社,クリエイティブ統括,第二営業部,第二課,2023,202402,4Q,100003,売上総利益,S003,調整,240175609,235264557
20241202,博報堂,管理統括,財務経理部,企画課,2024,202412,3Q,200002,経費,S002,特別,439624501,338678122
20240801,読売広告社,メディア統括,制作部,運用課,2024,202408,2Q,100001,売上高,S002,特別,336087328,300693747
20230810,博報堂DYメディアパートナーズ,デジタル統括,第二営業部,管理課,2023,202308,2Q,300002,経常利益,S002,特別,278864766,387200799
20230507,大広,メディア統括,総務部,開発課,2023,202305,1Q,300002,経常利益,S001,通常,273892030,260146436
20230927,大広,メディア統括,クリエイティブ部,運用課,2023,202309,2Q,300001,営業利益,S005,確定,45134745,55519860
20250104,大広,クリエイティブ統括,第二営業部,管理課,2024,202501,4Q,500002,媒体社リベート,S002,特別,331165191,252593549
20250221,大広,デジタル統括,第一営業部,第三課,2024,202502,4Q,200003,減価償却費,S002,特別,110460709,146988115
20231119,博報堂DYメディアパートナーズ,営業統括,第一営業部,推進課,2023,202311,3Q,300002,経常利益,S002,特別,167875933,159379492
20240819,読売広告社,営業統括,経営企画部,運用課,2024,202408,2Q,400001,媒体手数料収入,S001,通常,515455076,373838406
20231004,博報堂プロダクツ,管理統括,制作部,管理課,2023,202310,3Q,500002,媒体社リベート,S004,見込,340717280,437569238
20240205,博報堂,メディア統括,経営企画部,第三課,2023,202402,4Q,100003,売上総利益,S002,特別,153537988,121925387
20230513,博報堂,管理統括,クリエイティブ部,管理課,2023,202305,1Q,200003,減価償却費,S003,調整,94377212,69561033
20250104,博報堂プロダクツ,メディア統括,財務経理部,開発課,2024,202501,4Q,100001,売上高,S003,調整,568263799,418272976
20230907,博報堂プロダクツ,営業統括,制作部,企画課,2023,202309,2Q,500002,媒体社リベート,S005,確定,476597271,394393672
20231201,読売広告社,クリエイティブ統括,人事部,第三課,2023,202312,3Q,400003,コンサルティング収入,S003,調整,336290971,298596681
20230516,博報堂,デジタル統括,クリエイティブ部,第二課,2023,202305,1Q,500002,媒体社リベート,S001,通常,259494415,344955256
20241010,博報堂プロダクツ,営業統括,財務経理部,第一課,2024,202410,3Q,200001,人件費,S003,調整,36070416,26361356
20230627,博報堂,営業統括,財務経理部,推進課,2023,202306,1Q,100001,売上高,S004,見込,47678219,48997473
20231016,大広,クリエイティブ統括,財務経理部,推進課,2023,202310,3Q,400003,コンサルティング収入,S004,見込,275868551,202519796
20240328,博報堂DYメディアパートナーズ,デジタル統括,デジタルマーケティング部,第三課,2023,202403,4Q,200001,人件費,S005,確定,177808293,269802158
20240613,博報堂DYメディアパートナーズ,デジタル統括,人事部,企画課,2024,202406,1Q,300002,経常利益,S001,通常,278515982,258029567
20250321,読売広告社,管理統括,人事部,第一課,2024,202503,4Q,200001,人件費,S001,通常,5616928,7200723
20250305,読売広告社,メディア統括,クリエイティブ部,運用課,2024,202503,4Q,500002,媒体社リベート,S005,確定,221127882,332008857
20230817,読売広告社,管理統括,第二営業部,第三課,2023,202308,2Q,300002,経常利益,S003,調整,254765322,251254486
20230526,博報堂,管理統括,第二営業部,第二課,2023,202305,1Q,400001,媒体手数料収入,S005,確定,377692523,295977906
20230905,大広,管理統括,制作部,第三課,2023,202309,2Q,400002,制作収入,S004,見込,64443496,67490179
20240502,大広,デジタル統括,デジタルマーケティング部,推進課,2024,202405,1Q,100001,売上高,S001,通常,227200488,296343960
20241028,博報堂DYメディアパートナーズ,デジタル統括,デジタルマーケティング部,管理課,2024,202410,3Q,100003,売上総利益,S001,通常,170437994,160356021
20230711,博報堂プロダクツ,メディア統括,人事部,管理課,2023,202307,2Q,200002,経費,S002,特別,538226693,407658313
20231106,読売広告社,メディア統括,第一営業部,運用課,2023,202311,3Q,200002,経費,S004,見込,235909475,293857086
20240810,博報堂プロダクツ,管理統括,メディアプランニング部,推進課,2024,202408,2Q,200002,経費,S004,見込,26769841,29198783
20231025,読売広告社,管理統括,人事部,企画課,2023,202310,3Q,500001,広告主負担金,S001,通常,240841341,278468454
20241218,博報堂DYメディアパートナーズ,管理統括,デジタルマーケティング部,運用課,2024,202412,3Q,200001,人件費,S005,確定,506839941,436584573
20231211,博報堂DYメディアパートナーズ,管理統括,第二営業部,推進課,2023,202312,3Q,400003,コンサルティング収入,S003,調整,34485877,26498767
20240519,読売広告社,管理統括,総務部,企画課,2024,202405,1Q,300002,経常利益,S004,見込,62102934,101362310
20231007,博報堂プロダクツ,メディア統括,財務経理部,第一課,2023,202310,3Q,100003,売上総利益,S005,確定,317699195,257440757
20240616,博報堂プロダクツ,営業統括,経営企画部,推進課,2024,202406,1Q,500002,媒体社リベート,S002,特別,81241840,83674011
20230816,博報堂プロダクツ,デジタル統括,総務部,開発課,2023,202308,2Q,400002,制作収入,S003,調整,26695615,23641264
20240521,大広,管理統括,総務部,管理課,2024,202405,1Q,100001,売上高,S004,見込,75600657,114610821
20250324,読売広告社,デジタル統括,メディアプランニング部,管理課,2024,202503,4Q,400002,制作収入,S002,特別,51506682,41835118
20231201,大広,営業統括,財務経理部,管理課,2023,202312,3Q,300002,経常利益,S003,調整,225506859,266349913
20231118,博報堂DYメディアパートナーズ,デジタル統括,メディアプランニング部,第三課,2023,202311,3Q,200002,経費,S005,確定,99987132,132931207
20241120,読売広告社,クリエイティブ統括,人事部,管理課,2024,202411,3Q,500001,広告主負担金,S003,調整,200325798,155627989
20250305,博報堂,メディア統括,第二営業部,第一課,2024,202503,4Q,200001,人件費,S002,特別,90850914,133424456
20240225,大広,管理統括,第二営業部,第三課,2023,202402,4Q,100003,売上総利益,S003,調整,53279579,46063253
20230909,大広,クリエイティブ統括,メディアプランニング部,推進課,2023,202309,2Q,200001,人件費,S005,確定,366445714,298008606
20230626,博報堂DYメディアパートナーズ,クリエイティブ統括,第二営業部,推進課,2023,202306,1Q,100001,売上高,S005,確定,27669178,27368451
20230718,博報堂プロダクツ,管理統括,第一営業部,開発課,2023,202307,2Q,400003,コンサルティング収入,S001,通常,553331989,407783313
20231222,博報堂DYメディアパートナーズ,管理統括,デジタルマーケティング部,企画課,2023,202312,3Q,400003,コンサルティング収入,S003,調整,449034107,371201438
20240515,読売広告社,メディア統括,デジタルマーケティング部,企画課,2024,202405,1Q,400002,制作収入,S002,特別,524947003,436652184
20240227,大広,管理統括,クリエイティブ部,第三課,2023,202402,4Q,500001,広告主負担金,S001,通常,81337357,88714456
20240605,大広,メディア統括,デジタルマーケティング部,推進課,2024,202406,1Q,100003,売上総利益,S002,特別,251019664,269073041
20240324,読売広告社,メディア統括,財務経理部,企画課,2023,202403,4Q,400002,制作収入,S002,特別,224328054,195012725
20230726,読売広告社,管理統括,デジタルマーケティング部,企画課,2023,202307,2Q,400001,媒体手数料収入,S002,特別,296054430,228641757
20250204,読売広告社,デジタル統括,財務経理部,管理課,2024,202502,4Q,400002,制作収入,S003,調整,337580341,346041295
20240222,博報堂DYメディアパートナーズ,クリエイティブ統括,第二営業部,第二課,2023,202402,4Q,400001,媒体手数料収入,S003,調整,546305719,413945817
20231002,博報堂,管理統括,総務部,第三課,2023,202310,3Q,500002,媒体社リベート,S005,確定,276336379,379261643
20231211,大広,クリエイティブ統括,人事部,運用課,2023,202312,3Q,200003,減価償却費,S001,通常,290850431,348885027
20240208,博報堂プロダクツ,クリエイティブ統括,財務経理部,第三課,2023,202402,4Q,400001,媒体手数料収入,S001,通常,214646275,327408714
20231003,読売広告社,メディア統括,メディアプランニング部,推進課,2023,202310,3Q,200001,人件費,S001,通常,173089242,140990333
20240605,博報堂プロダクツ,クリエイティブ統括,制作部,第一課,2024,202406,1Q,500001,広告主負担金,S002,特別,35077307,33380193
20230819,博報堂,デジタル統括,制作部,第三課,2023,202308,2Q,200003,減価償却費,S004,見込,318657863,235102741
20231212,博報堂DYメディアパートナーズ,営業統括,第二営業部,開発課,2023,202312,3Q,100002,売上原価,S003,調整,334717974,378488648
20240926,読売広告社,デジタル統括,制作部,企画課,2024,202409,2Q,400002,制作収入,S004,見込,123815064,126066419
20240827,読売広告社,クリエイティブ統括,財務経理部,第一課,2024,202408,2Q,500002,媒体社リベート,S003,調整,200533240,257060651
20241116,読売広告社,デジタル統括,制作部,推進課,2024,202411,3Q,100002,売上原価,S003,調整,429656440,445260258
20241218,博報堂DYメディアパートナーズ,管理統括,第一営業部,運用課,2024,202412,3Q,100001,売上高,S001,通常,19298332,15956771
20230618,大広,管理統括,経営企画部,第二課,2023,202306,1Q,300001,営業利益,S004,見込,354966811,296656461
20240701,博報堂DYメディアパートナーズ,デジタル統括,第一営業部,運用課,2024,202407,2Q,100003,売上総利益,S004,見込,234034086,229378654
20241228,博報堂,デジタル統括,第一営業部,管理課,2024,202412,3Q,100002,売上原価,S004,見込,154202188,226162603
20241018,大広,営業統括,制作部,管理課,2024,202410,3Q,300001,営業利益,S004,見込,321242693,417282098
20230518,博報堂,デジタル統括,経営企画部,第一課,2023,202305,1Q,500001,広告主負担金,S005,確定,66799314,55312294
20240320,大広,メディア統括,クリエイティブ部,開発課,2023,202403,4Q,300001,営業利益,S001,通常,222835540,190585035
20250108,博報堂プロダクツ,営業統括,メディアプランニング部,第一課,2024,202501,4Q,100002,売上原価,S004,見込,319606544,466063027
20250210,博報堂DYメディアパートナーズ,クリエイティブ統括,クリエイティブ部,第三課,2024,202502,4Q,400001,媒体手数料収入,S005,確定,126188257,136725701
20240823,博報堂プロダクツ,デジタル統括,財務経理部,企画課,2024,202408,2Q,200001,人件費,S004,見込,48997015,56602117
20230910,大広,営業統括,メディアプランニング部,管理課,2023,202309,2Q,500001,広告主負担金,S001,通常,15169990,13638997
20250209,博報堂DYメディアパートナーズ,管理統括,総務部,管理課,2024,202502,4Q,500002,媒体社リベート,S001,通常,341449111,358651288
20240911,読売広告社,クリエイティブ統括,経営企画部,推進課,2024,202409,2Q,100002,売上原価,S003,調整,171862372,222101626
20240823,博報堂DYメディアパートナーズ,デジタル統括,経営企画部,第一課,2024,202408,2Q,100002,売上原価,S003,調整,334962971,310245671
20240801,博報堂DYメディアパートナーズ,クリエイティブ統括,デジタルマーケティング部,第三課,2024,202408,2Q,100002,売上原価,S003,調整,435172393,329479750
20230703,読売広告社,メディア統括,経営企画部,運用課,2023,202307,2Q,300001,営業利益,S004,見込,435488864,311697586
20231119,博報堂,管理統括,第一営業部,管理課,2023,202311,3Q,100002,売上原価,S003,調整,354961784,405033292
20241003,博報堂プロダクツ,営業統括,第二営業部,企画課,2024,202410,3Q,100003,売上総利益,S005,確定,336571391,407200864
20230502,大広,営業統括,人事部,推進課,2023,202305,1Q,100003,売上総利益,S001,通常,410684502,424591229
20240419,博報堂DYメディアパートナーズ,クリエイティブ統括,クリエイティブ部,開発課,2024,202404,1Q,200001,人件費,S005,確定,487941879,378065638
20241015,博報堂プロダクツ,管理統括,メディアプランニング部,管理課,2024,202410,3Q,400003,コンサルティング収入,S004,見込,259667407,199669877
20240516,大広,クリエイティブ統括,第一営業部,第二課,2024,202405,1Q,300001,営業利益,S005,確定,95538976,97429116
20240704,読売広告社,メディア統括,経営企画部,運用課,2024,202407,2Q,400002,制作収入,S005,確定,459512007,382492537
20240112,博報堂プロダクツ,クリエイティブ統括,総務部,開発課,2023,202401,4Q,200003,減価償却費,S001,通常,389227141,383818049
20230903,読売広告社,営業統括,制作部,第三課,2023,202309,2Q,300002,経常利益,S001,通常,127521710,120177441
20230525,読売広告社,メディア統括,経営企画部,第二課,2023,202305,1Q,500002,媒体社リベート,S004,見込,142703084,171531133
20230712,大広,クリエイティブ統括,総務部,企画課,2023,202307,2Q,200002,経費,S004,見込,290472790,315281537
20250321,大広,クリエイティブ統括,総務部,運用課,2024,202503,4Q,500002,媒体社リベート,S001,通常,368116535,319634639
20230728,大広,管理統括,メディアプランニング部,管理課,2023,202307,2Q,500001,広告主負担金,S004,見込,53123166,57357506
20230518,博報堂DYメディアパートナーズ,管理統括,メディアプランニング部,企画課,2023,202305,1Q,200001,人件費,S002,特別,112929569,101438039
20240423,大広,営業統括,第一営業部,運用課,2024,202404,1Q,400002,制作収入,S005,確定,40798600,57443364
20230702,博報堂,クリエイティブ統括,第一営業部,推進課,2023,202307,2Q,500001,広告主負担金,S002,特別,362233683,498062876
20231020,博報堂プロダクツ,営業統括,制作部,第三課,2023,202310,3Q,300002,経常利益,S002,特別,632144311,485014851
20230504,大広,メディア統括,デジタルマーケティング部,開発課,2023,202305,1Q,500001,広告主負担金,S005,確定,180270966,153849749
20240202,博報堂,メディア統括,クリエイティブ部,運用課,2023,202402,4Q,300002,経常利益,S001,通常,120219961,86967493
20250112,大広,メディア統括,第二営業部,第三課,2024,202501,4Q,200003,減価償却費,S002,特別,377912196,363296527
20241207,大広,営業統括,経営企画部,第一課,2024,202412,3Q,100003,売上総利益,S002,特別,249157813,208520263
20250302,博報堂,クリエイティブ統括,経営企画部,第二課,2024,202503,4Q,200002,経費,S002,特別,166637480,222923601
20240904,大広,管理統括,総務部,企画課,2024,202409,2Q,400003,コンサルティング収入,S004,見込,112751835,118261941
20230428,博報堂,営業統括,メディアプランニング部,企画課,2023,202304,1Q,100002,売上原価,S001,通常,389645753,405791814
20240321,大広,デジタル統括,メディアプランニング部,第二課,2023,202403,4Q,400001,媒体手数料収入,S005,確定,233944881,221274925
20230516,読売広告社,メディア統括,第一営業部,第二課,2023,202305,1Q,400001,媒体手数料収入,S001,通常,9146612,9037541
20231109,博報堂DYメディアパートナーズ,デジタル統括,第一営業部,運用課,2023,202311,3Q,300002,経常利益,S005,確定,497781914,375339837
20250120,博報堂,デジタル統括,制作部,推進課,2024,202501,4Q,200001,人件費,S003,調整,433088111,322683524
20250326,博報堂,営業統括,財務経理部,運用課,2024,202503,4Q,400002,制作収入,S004,見込,420955704,389865961
20241217,読売広告社,メディア統括,総務部,第三課,2024,202412,3Q,400001,媒体手数料収入,S004,見込,101799574,153134291
20240927,博報堂DYメディアパートナーズ,メディア統括,第一営業部,第一課,2024,202409,2Q,200001,人件費,S005,確定,295381584,396491453
20241219,博報堂プロダクツ,営業統括,クリエイティブ部,運用課,2024,202412,3Q,300002,経常利益,S001,通常,219165445,160742521
20241213,博報堂DYメディアパートナーズ,メディア統括,制作部,開発課,2024,202412,3Q,100003,売上総利益,S001,通常,167391573,178669266
20240707,博報堂,デジタル統括,第一営業部,第二課,2024,202407,2Q,400002,制作収入,S002,特別,75245449,101087195
20240308,大広,営業統括,総務部,推進課,2023,202403,4Q,200002,経費,S001,通常,241122375,194516118
20231025,読売広告社,管理統括,人事部,第二課,2023,202310,3Q,100002,売上原価,S003,調整,182361655,211029451
20241222,博報堂DYメディアパートナーズ,管理統括,クリエイティブ部,推進課,2024,202412,3Q,500001,広告主負担金,S001,通常,134270470,145793127
20250309,読売広告社,クリエイティブ統括,経営企画部,推進課,2024,202503,4Q,200003,減価償却費,S002,特別,386169351,457672404
20240312,博報堂,クリエイティブ統括,第一営業部,管理課,2023,202403,4Q,500002,媒体社リベート,S002,特別,121261236,102871300
20230822,博報堂プロダクツ,デジタル統括,メディアプランニング部,運用課,2023,202308,2Q,400003,コンサルティング収入,S005,確定,410787277,406593452
20230701,大広,クリエイティブ統括,人事部,第一課,2023,202307,2Q,500001,広告主負担金,S005,確定,112783518,170088459
20231201,博報堂プロダクツ,メディア統括,メディアプランニング部,第三課,2023,202312,3Q,500002,媒体社リベート,S005,確定,301057831,228983431
20240223,読売広告社,管理統括,デジタルマーケティング部,第二課,2023,202402,4Q,200003,減価償却費,S002,特別,123226728,94655563
20240914,博報堂,営業統括,人事部,第三課,2024,202409,2Q,300002,経常利益,S002,特別,168682508,167319359
20240114,大広,管理統括,第一営業部,第二課,2023,202401,4Q,200002,経費,S005,確定,494602676,482881979
20241004,大広,管理統括,総務部,管理課,2024,202410,3Q,100001,売上高,S004,見込,329299937,279240956
20240401,博報堂,クリエイティブ統括,経営企画部,推進課,2024,202404,1Q,200002,経費,S001,通常,486951329,389175965
20241117,博報堂DYメディアパートナーズ,クリエイティブ統括,財務経理部,運用課,2024,202411,3Q,200002,経費,S002,特別,213491822,153486266
20240502,博報堂,管理統括,クリエイティブ部,企画課,2024,202405,1Q,500001,広告主負担金,S002,特別,307272584,320773019
20240424,大広,クリエイティブ統括,第一営業部,開発課,2024,202404,1Q,200002,経費,S005,確定,295434280,363261136
20240216,読売広告社,デジタル統括,制作部,企画課,2023,202402,4Q,200001,人件費,S002,特別,314214384,277695300
20230513,博報堂DYメディアパートナーズ,クリエイティブ統括,クリエイティブ部,運用課,2023,202305,1Q,400002,制作収入,S001,通常,283449642,332935553
20240208,博報堂プロダクツ,管理統括,デジタルマーケティング部,第二課,2023,202402,4Q,100001,売上高,S002,特別,558571528,414607147
20230605,博報堂DYメディアパートナーズ,デジタル統括,人事部,運用課,2023,202306,1Q,200001,人件費,S004,見込,215675797,171652950
20241119,博報堂プロダクツ,管理統括,財務経理部,第三課,2024,202411,3Q,300001,営業利益,S005,確定,427335307,412206667
20231215,読売広告社,営業統括,経営企画部,第三課,2023,202312,3Q,100002,売上原価,S003,調整,18662734,25740530
20240513,博報堂,営業統括,人事部,第二課,2024,202405,1Q,200003,減価償却費,S001,通常,57795953,44379832
20240203,大広,管理統括,総務部,第一課,2023,202402,4Q,200002,経費,S004,見込,332336654,261064909
20230926,読売広告社,クリエイティブ統括,第二営業部,推進課,2023,202309,2Q,300002,経常利益,S002,特別,480059679,486405651
20231023,博報堂DYメディアパートナーズ,メディア統括,メディアプランニング部,企画課,2023,202310,3Q,100002,売上原価,S004,見込,138037397,151216787
20230703,博報堂プロダクツ,メディア統括,経営企画部,開発課,2023,202307,2Q,200003,減価償却費,S001,通常,38471149,29942302
20240701,読売広告社,営業統括,経営企画部,運用課,2024,202407,2Q,400003,コンサルティング収入,S005,確定,290020067,210568979
20240617,博報堂プロダクツ,管理統括,財務経理部,運用課,2024,202406,1Q,100001,売上高,S001,通常,57642625,52232415
20241205,博報堂DYメディアパートナーズ,クリエイティブ統括,財務経理部,企画課,2024,202412,3Q,500002,媒体社リベート,S005,確定,101942950,157298791
20230416,博報堂プロダクツ,メディア統括,第二営業部,企画課,2023,202304,1Q,500002,媒体社リベート,S003,調整,206831353,209171609
20241016,博報堂,管理統括,デジタルマーケティング部,管理課,2024,202410,3Q,100003,売上総利益,S002,特別,112210197,107314801
20240411,博報堂プロダクツ,営業統括,メディアプランニング部,第三課,2024,202404,1Q,500001,広告主負担金,S005,確定,7713697,6656030
20230603,博報堂,デジタル統括,メディアプランニング部,第一課,2023,202306,1Q,400002,制作収入,S001,通常,447817485,341904296
20241219,大広,メディア統括,メディアプランニング部,運用課,2024,202412,3Q,500002,媒体社リベート,S004,見込,375170691,290860417
20230612,博報堂DYメディアパートナーズ,デジタル統括,第二営業部,第三課,2023,202306,1Q,400002,制作収入,S004,見込,308142793,271863566
20240122,博報堂プロダクツ,デジタル統括,クリエイティブ部,推進課,2023,202401,4Q,200002,経費,S003,調整,371196297,416081435
20231119,博報堂,デジタル統括,経営企画部,企画課,2023,202311,3Q,400001,媒体手数料収入,S004,見込,387552445,335380284
20231021,博報堂プロダクツ,デジタル統括,制作部,第二課,2023,202310,3Q,100001,売上高,S002,特別,199113575,192406889
20231228,大広,営業統括,第一営業部,第一課,2023,202312,3Q,200003,減価償却費,S002,特別,6258324,5946654
20240407,博報堂,デジタル統括,経営企画部,第三課,2024,202404,1Q,100001,売上高,S003,調整,311888474,389718318
20230913,大広,営業統括,総務部,企画課,2023,202309,2Q,500001,広告主負担金,S003,調整,670764821,498452784
20231221,博報堂プロダクツ,管理統括,第二営業部,第三課,2023,202312,3Q,100001,売上高,S003,調整,322580106,395331457
20240513,博報堂DYメディアパートナーズ,メディア統括,総務部,運用課,2024,202405,1Q,400003,コンサルティング収入,S002,特別,243420538,275708388
20231022,読売広告社,メディア統括,経営企画部,第二課,2023,202310,3Q,400001,媒体手数料収入,S002,特別,179962035,263424845
20240517,博報堂DYメディアパートナーズ,デジタル統括,人事部,運用課,2024,202405,1Q,100002,売上原価,S004,見込,451367369,496082305
20240720,博報堂DYメディアパートナーズ,デジタル統括,第二営業部,運用課,2024,202407,2Q,500002,媒体社リベート,S004,見込,359063265,446346879
20240716,博報堂,クリエイティブ統括,メディアプランニング部,管理課,2024,202407,2Q,500002,媒体社リベート,S004,見込,195215242,212009696
20230902,博報堂,メディア統括,財務経理部,管理課,2023,202309,2Q,500001,広告主負担金,S001,通常,89729394,86004556
20250114,博報堂プロダクツ,営業統括,デジタルマーケティング部,推進課,2024,202501,4Q,100003,売上総利益,S001,通常,334868653,252935477
20230802,大広,管理統括,経営企画部,第一課,2023,202308,2Q,200003,減価償却費,S003,調整,391989400,301268457
20250208,大広,管理統括,人事部,企画課,2024,202502,4Q,100001,売上高,S005,確定,404258460,326389825
20240728,博報堂DYメディアパートナーズ,デジタル統括,人事部,企画課,2024,202407,2Q,200002,経費,S004,見込,550749705,429966192
20240310,大広,営業統括,メディアプランニング部,第三課,2023,202403,4Q,100001,売上高,S002,特別,244523585,348281218
20240615,読売広告社,管理統括,経営企画部,第一課,2024,202406,1Q,300001,営業利益,S002,特別,297397851,255602642
20230717,博報堂プロダクツ,管理統括,人事部,開発課,2023,202307,2Q,200003,減価償却費,S005,確定,630102620,481499979
20230728,読売広告社,営業統括,総務部,第一課,2023,202307,2Q,100003,売上総利益,S005,確定,90456450,125109368
20250204,大広,デジタル統括,第二営業部,推進課,2024,202502,4Q,100002,売上原価,S003,調整,402899560,334631479
20250217,博報堂,管理統括,第一営業部,第三課,2024,202502,4Q,200001,人件費,S005,確定,350269327,341342920
20240603,博報堂プロダクツ,クリエイティブ統括,メディアプランニング部,第三課,2024,202406,1Q,100002,売上原価,S005,確定,406677361,470520722
20230909,博報堂,メディア統括,第二営業部,開発課,2023,202309,2Q,200001,人件費,S003,調整,297553006,232319067
20241005,博報堂DYメディアパートナーズ,管理統括,クリエイティブ部,第三課,2024,202410,3Q,400002,制作収入,S002,特別,253642558,365880103
20230601,博報堂,メディア統括,総務部,第三課,2023,202306,1Q,100001,売上高,S005,確定,291987676,407443114
20240801,博報堂,管理統括,第一営業部,管理課,2024,202408,2Q,300002,経常利益,S001,通常,404607646,464109423
20250224,博報堂DYメディアパートナーズ,管理統括,第一営業部,推進課,2024,202502,4Q,200002,経費,S001,通常,51276230,73312595
20230802,博報堂,デジタル統括,財務経理部,企画課,2023,202308,2Q,100001,売上高,S002,特別,41369490,39241170
20240418,博報堂プロダクツ,営業統括,デジタルマーケティング部,第三課,2024,202404,1Q,200001,人件費,S001,通常,263898128,248381681
20230717,博報堂,管理統括,総務部,第二課,2023,202307,2Q,300001,営業利益,S005,確定,87931242,85238663
20231025,博報堂,デジタル統括,財務経理部,開発課,2023,202310,3Q,400002,制作収入,S004,見込,432919240,353459133
20250208,博報堂DYメディアパートナーズ,デジタル統括,クリエイティブ部,第二課,2024,202502,4Q,300001,営業利益,S003,調整,379126568,308091163
20250216,大広,管理統括,経営企画部,企画課,2024,202502,4Q,200003,減価償却費,S003,調整,327586838,364504173
20240515,大広,メディア統括,制作部,企画課,2024,202405,1Q,300001,営業利益,S003,調整,318505585,379550887
20230827,博報堂プロダクツ,クリエイティブ統括,財務経理部,企画課,2023,202308,2Q,400001,媒体手数料収入,S003,調整,326759257,245898683
20241219,大広,営業統括,財務経理部,管理課,2024,202412,3Q,400002,制作収入,S004,見込,98955466,89241605
20240218,博報堂,管理統括,経営企画部,推進課,2023,202402,4Q,400003,コンサルティング収入,S004,見込,253114699,420588468
20240209,博報堂プロダクツ,管理統括,デジタルマーケティング部,第二課,2023,202402,4Q,100001,売上高,S005,確定,119633533,147580366
20230504,博報堂,メディア統括,クリエイティブ部,企画課,2023,202305,1Q,400001,媒体手数料収入,S004,見込,36015426,47554634
20231003,大広,クリエイティブ統括,第二営業部,管理課,2023,202310,3Q,300002,経常利益,S002,特別,8999050,8913853
20230624,大広,管理統括,第一営業部,企画課,2023,202306,1Q,100003,売上総利益,S002,特別,175588798,165176459
20250303,博報堂プロダクツ,デジタル統括,財務経理部,推進課,2024,202503,4Q,400002,制作収入,S001,通常,170378570,176373539
20230704,読売広告社,デジタル統括,メディアプランニング部,管理課,2023,202307,2Q,100001,売上高,S005,確定,349107419,281242697
20230401,読売広告社,メディア統括,経営企画部,企画課,2023,202304,1Q,300002,経常利益,S003,調整,114477989,85780892
20240621,読売広告社,メディア統括,財務経理部,第二課,2024,202406,1Q,100001,売上高,S001,通常,179412836,293963680
20240301,博報堂プロダクツ,営業統括,経営企画部,第二課,2023,202403,4Q,500002,媒体社リベート,S004,見込,471624276,337309174
20230409,大広,デジタル統括,第一営業部,推進課,2023,202304,1Q,100001,売上高,S004,見込,322206040,298026618
20231122,博報堂DYメディアパートナーズ,クリエイティブ統括,財務経理部,第一課,2023,202311,3Q,100001,売上高,S002,特別,272564004,288023993
20240327,大広,デジタル統括,クリエイティブ部,第一課,2023,202403,4Q,500001,広告主負担金,S001,通常,320156268,359841715
20230814,大広,デジタル統括,第二営業部,運用課,2023,202308,2Q,300002,経常利益,S004,見込,7166180,8078212
20231217,博報堂DYメディアパートナーズ,管理統括,人事部,運用課,2023,202312,3Q,100002,売上原価,S005,確定,541368304,454966203
20230414,読売広告社,デジタル統括,第一営業部,第一課,2023,202304,1Q,300001,営業利益,S005,確定,396320952,478468549
20241015,博報堂,デジタル統括,総務部,第三課,2024,202410,3Q,200002,経費,S003,調整,207976280,151185925
20240119,博報堂プロダクツ,クリエイティブ統括,財務経理部,第三課,2023,202401,4Q,100001,売上高,S005,確定,136512500,139904358
20240412,読売広告社,クリエイティブ統括,総務部,企画課,2024,202404,1Q,100001,売上高,S001,通常,585387896,497757256
20230414,博報堂プロダクツ,管理統括,制作部,管理課,2023,202304,1Q,500001,広告主負担金,S002,特別,396748666,399450597
20240622,博報堂プロダクツ,営業統括,第一営業部,推進課,2024,202406,1Q,200001,人件費,S004,見込,265963848,267335091
20240703,博報堂DYメディアパートナーズ,営業統括,メディアプランニング部,推進課,2024,202407,2Q,200002,経費,S003,調整,317297237,231303142
20240724,博報堂DYメディアパートナーズ,営業統括,人事部,第一課,2024,202407,2Q,200002,経費,S004,見込,542432270,493185932
20240704,大広,営業統括,デジタルマーケティング部,第一課,2024,202407,2Q,200001,人件費,S004,見込,167386980,218593241
20240407,博報堂DYメディアパートナーズ,営業統括,総務部,第一課,2024,202404,1Q,300002,経常利益,S005,確定,28639234,37212430
20240525,読売広告社,デジタル統括,人事部,管理課,2024,202405,1Q,100002,売上原価,S003,調整,360503719,482754233
20241125,博報堂DYメディアパートナーズ,デジタル統括,第一営業部,管理課,2024,202411,3Q,400003,コンサルティング収入,S003,調整,311200500,400454827
20230715,大広,デジタル統括,経営企画部,運用課,2023,202307,2Q,200002,経費,S001,通常,40422556,58623744
20230602,博報堂プロダクツ,営業統括,第一営業部,第一課,2023,202306,1Q,400003,コンサルティング収入,S004,見込,295727639,297440289
20230727,読売広告社,デジタル統括,財務経理部,管理課,2023,202307,2Q,200003,減価償却費,S005,確定,225171438,197103415
20240106,大広,メディア統括,制作部,第一課,2023,202401,4Q,400001,媒体手数料収入,S002,特別,403050881,375921198
20240409,大広,管理統括,第二営業部,企画課,2024,202404,1Q,300001,営業利益,S004,見込,100515800,74508745
20230410,博報堂DYメディアパートナーズ,デジタル統括,第一営業部,開発課,2023,202304,1Q,500002,媒体社リベート,S005,確定,318432441,247344859
20230607,博報堂プロダクツ,クリエイティブ統括,人事部,企画課,2023,202306,1Q,200003,減価償却費,S001,通常,563711443,488490066
20231107,大広,管理統括,経営企画部,第二課,2023,202311,3Q,400003,コンサルティング収入,S004,見込,146752148,241862961
20240720,博報堂DYメディアパートナーズ,クリエイティブ統括,制作部,開発課,2024,202407,2Q,500001,広告主負担金,S001,通常,403044573,382753284
20250305,博報堂DYメディアパートナーズ,クリエイティブ統括,経営企画部,運用課,2024,202503,4Q,100001,売上高,S002,特別,428783382,496792462
20240901,大広,営業統括,総務部,第三課,2024,202409,2Q,400001,媒体手数料収入,S003,調整,131662742,98362283
20241124,博報堂DYメディアパートナーズ,クリエイティブ統括,経営企画部,第一課,2024,202411,3Q,500001,広告主負担金,S002,特別,460956801,368383574
20250125,読売広告社,メディア統括,メディアプランニング部,企画課,2024,202501,4Q,200002,経費,S004,見込,29818558,29315039
20240528,博報堂,管理統括,メディアプランニング部,運用課,2024,202405,1Q,200001,人件費,S003,調整,80451943,85400666
20230403,博報堂プロダクツ,デジタル統括,総務部,開発課,2023,202304,1Q,500001,広告主負担金,S003,調整,313595265,294764741
20231223,博報堂プロダクツ,デジタル統括,制作部,管理課,2023,202312,3Q,100003,売上総利益,S003,調整,598739248,490343940
20230408,博報堂プロダクツ,営業統括,制作部,管理課,2023,202304,1Q,400001,媒体手数料収入,S005,確定,107109721,81580638
20230519,博報堂DYメディアパートナーズ,管理統括,財務経理部,開発課,2023,202305,1Q,200003,減価償却費,S005,確定,298234617,232978102
20231108,博報堂,クリエイティブ統括,デジタルマーケティング部,第三課,2023,202311,3Q,300001,営業利益,S005,確定,155592934,169918934
20231203,博報堂プロダクツ,営業統括,経営企画部,第一課,2023,202312,3Q,400003,コンサルティング収入,S005,確定,444668383,421649621
20230424,読売広告社,メディア統括,第二営業部,企画課,2023,202304,1Q,100002,売上原価,S003,調整,83644471,101328920
20241220,博報堂,メディア統括,クリエイティブ部,第三課,2024,202412,3Q,100001,売上高,S003,調整,67155182,51715818
20230620,博報堂DYメディアパートナーズ,メディア統括,制作部,第二課,2023,202306,1Q,200002,経費,S001,通常,299932670,344136911
20240627,博報堂DYメディアパートナーズ,クリエイティブ統括,経営企画部,開発課,2024,202406,1Q,500002,媒体社リベート,S004,見込,129365428,186691940
20240916,博報堂DYメディアパートナーズ,営業統括,第二営業部,推進課,2024,202409,2Q,100002,売上原価,S004,見込,107149363,173634525
20230422,博報堂プロダクツ,管理統括,人事部,第三課,2023,202304,1Q,200003,減価償却費,S003,調整,190352466,158805540
20240820,博報堂DYメディアパートナーズ,メディア統括,総務部,第二課,2024,202408,2Q,400003,コンサルティング収入,S001,通常,7543566,5394533
20250103,博報堂プロダクツ,管理統括,メディアプランニング部,第二課,2024,202501,4Q,100001,売上高,S002,特別,71643290,79914199
20231013,大広,管理統括,財務経理部,開発課,2023,202310,3Q,300001,営業利益,S003,調整,100970062,149651482
20240412,博報堂プロダクツ,クリエイティブ統括,第一営業部,管理課,2024,202404,1Q,300001,営業利益,S003,調整,14772273,21835917
20230816,読売広告社,管理統括,クリエイティブ部,運用課,2023,202308,2Q,300002,経常利益,S005,確定,355361092,260118515
20230919,博報堂プロダクツ,メディア統括,総務部,管理課,2023,202309,2Q,300001,営業利益,S004,見込,298690841,273559028
20250325,博報堂プロダクツ,メディア統括,メディアプランニング部,開発課,2024,202503,4Q,400001,媒体手数料収入,S003,調整,370025950,344310088
20230626,博報堂,デジタル統括,制作部,第一課,2023,202306,1Q,200002,経費,S005,確定,67562712,98290474
20230514,読売広告社,デジタル統括,人事部,運用課,2023,202305,1Q,200003,減価償却費,S001,通常,75173230,57452548
20240409,大広,管理統括,第二営業部,企画課,2024,202404,1Q,200003,減価償却費,S005,確定,63679720,47381559
20240624,博報堂DYメディアパートナーズ,メディア統括,総務部,企画課,2024,202406,1Q,100002,売上原価,S004,見込,50201473,74977796
20250215,大広,管理統括,第二営業部,企画課,2024,202502,4Q,200002,経費,S003,調整,399907432,367790781
20240421,博報堂プロダクツ,営業統括,人事部,第一課,2024,202404,1Q,100003,売上総利益,S005,確定,342844073,400988081
20230727,読売広告社,クリエイティブ統括,制作部,運用課,2023,202307,2Q,100001,売上高,S004,見込,586950227,479558681
20250109,読売広告社,営業統括,人事部,開発課,2024,202501,4Q,500002,媒体社リベート,S005,確定,155406696,120932095
20250116,博報堂DYメディアパートナーズ,クリエイティブ統括,クリエイティブ部,管理課,2024,202501,4Q,200003,減価償却費,S003,調整,176113935,256188262
20241123,博報堂DYメディアパートナーズ,クリエイティブ統括,第一営業部,第二課,2024,202411,3Q,400003,コンサルティング収入,S004,見込,238766364,175037779
20240428,博報堂,営業統括,メディアプランニング部,企画課,2024,202404,1Q,200003,減価償却費,S001,通常,523677726,374217839
20230721,博報堂DYメディアパートナーズ,メディア統括,人事部,企画課,2023,202307,2Q,400003,コンサルティング収入,S004,見込,50704869,40007119
20231005,博報堂,管理統括,第一営業部,推進課,2023,202310,3Q,500002,媒体社リベート,S003,調整,42015998,68482259
20240918,読売広告社,管理統括,メディアプランニング部,第二課,2024,202409,2Q,200002,経費,S004,見込,62343424,98304088
20241113,大広,クリエイティブ統括,人事部,第三課,2024,202411,3Q,400002,制作収入,S005,確定,349421200,297062400
20240924,読売広告社,営業統括,メディアプランニング部,運用課,2024,202409,2Q,400001,媒体手数料収入,S003,調整,195699437,160158779
20240617,大広,メディア統括,クリエイティブ部,管理課,2024,202406,1Q,100001,売上高,S004,見込,169714411,155908100
20240717,博報堂DYメディアパートナーズ,デジタル統括,財務経理部,開発課,2024,202407,2Q,400003,コンサルティング収入,S004,見込,373193859,301451435
20250316,読売広告社,メディア統括,デジタルマーケティング部,企画課,2024,202503,4Q,200002,経費,S002,特別,314574399,481940862
20230923,博報堂プロダクツ,管理統括,財務経理部,管理課,2023,202309,2Q,100002,売上原価,S002,特別,537093636,449657348
20240213,大広,管理統括,デジタルマーケティング部,開発課,2023,202402,4Q,400002,制作収入,S004,見込,277443480,338843965
20240222,読売広告社,クリエイティブ統括,人事部,推進課,2023,202402,4Q,200002,経費,S004,見込,617936343,475429889
20250119,博報堂DYメディアパートナーズ,メディア統括,制作部,推進課,2024,202501,4Q,300002,経常利益,S002,特別,26483019,36814326
20231115,読売広告社,メディア統括,財務経理部,第一課,2023,202311,3Q,500001,広告主負担金,S001,通常,334131131,446142381
20240807,博報堂プロダクツ,営業統括,第一営業部,開発課,2024,202408,2Q,200002,経費,S002,特別,385309656,307999025
20240624,博報堂,メディア統括,第二営業部,第一課,2024,202406,1Q,400003,コンサルティング収入,S005,確定,397722289,316888119
20250326,博報堂,メディア統括,総務部,開発課,2024,202503,4Q,100003,売上総利益,S002,特別,140932606,209546111
20240917,博報堂プロダクツ,メディア統括,総務部,第三課,2024,202409,2Q,300001,営業利益,S001,通常,176468208,167461069
20250206,博報堂DYメディアパートナーズ,管理統括,メディアプランニング部,第三課,2024,202502,4Q,400002,制作収入,S005,確定,321682709,306216404
20250222,博報堂プロダクツ,管理統括,第二営業部,第一課,2024,202502,4Q,300001,営業利益,S005,確定,483328625,450834883
20230922,博報堂DYメディアパートナーズ,デジタル統括,第二営業部,管理課,2023,202309,2Q,200001,人件費,S001,通常,171174118,184631209
20250108,博報堂,管理統括,制作部,運用課,2024,202501,4Q,500002,媒体社リベート,S005,確定,265614093,200976744
20240309,読売広告社,クリエイティブ統括,第二営業部,企画課,2023,202403,4Q,400002,制作収入,S004,見込,109172381,159835367
20241003,博報堂,メディア統括,総務部,管理課,2024,202410,3Q,400003,コンサルティング収入,S004,見込,361759128,424394594
20240105,博報堂プロダクツ,営業統括,第二営業部,開発課,2023,202401,4Q,300002,経常利益,S001,通常,474916606,343399430
20240423,博報堂,メディア統括,制作部,管理課,2024,202404,1Q,500002,媒体社リベート,S003,調整,31208504,41907201
20230702,大広,クリエイティブ統括,第二営業部,管理課,2023,202307,2Q,400003,コンサルティング収入,S003,調整,517680616,476989629
20250126,読売広告社,クリエイティブ統括,経営企画部,第三課,2024,202501,4Q,100001,売上高,S003,調整,515216550,453322172
20240622,読売広告社,営業統括,メディアプランニング部,第二課,2024,202406,1Q,200001,人件費,S004,見込,80253966,110737157
20240626,大広,管理統括,総務部,開発課,2024,202406,1Q,200003,減価償却費,S002,特別,219152800,285624965
20230423,博報堂,クリエイティブ統括,財務経理部,第二課,2023,202304,1Q,200002,経費,S003,調整,288931129,399581389
20240711,博報堂プロダクツ,クリエイティブ統括,第一営業部,管理課,2024,202407,2Q,400002,制作収入,S003,調整,547076988,399484184
20230701,博報堂DYメディアパートナーズ,営業統括,総務部,第三課,2023,202307,2Q,200002,経費,S002,特別,434332524,378806322
20241209,博報堂プロダクツ,デジタル統括,総務部,第二課,2024,202412,3Q,400002,制作収入,S003,調整,383431679,322047387
20230411,博報堂,デジタル統括,第二営業部,第一課,2023,202304,1Q,500002,媒体社リベート,S001,通常,132892856,116723416
20241014,大広,クリエイティブ統括,第二営業部,企画課,2024,202410,3Q,300001,営業利益,S004,見込,155619157,172478555
20240624,博報堂,営業統括,メディアプランニング部,第三課,2024,202406,1Q,200002,経費,S004,見込,191472198,164666408
20240615,大広,管理統括,財務経理部,管理課,2024,202406,1Q,400001,媒体手数料収入,S001,通常,94912403,97988239
20230921,博報堂,メディア統括,財務経理部,運用課,2023,202309,2Q,500002,媒体社リベート,S005,確定,91066968,91841718
20240810,大広,デジタル統括,デジタルマーケティング部,開発課,2024,202408,2Q,300002,経常利益,S002,特別,136154059,194225092
20241108,博報堂プロダクツ,メディア統括,制作部,運用課,2024,202411,3Q,400002,制作収入,S005,確定,292319418,259821736
20230601,読売広告社,クリエイティブ統括,制作部,推進課,2023,202306,1Q,100002,売上原価,S003,調整,256434764,201024205
20231110,大広,デジタル統括,財務経理部,管理課,2023,202311,3Q,200003,減価償却費,S005,確定,263949560,192510292
20240615,読売広告社,管理統括,デジタルマーケティング部,管理課,2024,202406,1Q,200003,減価償却費,S002,特別,116156382,143393751
20250226,博報堂,デジタル統括,第二営業部,推進課,2024,202502,4Q,300001,営業利益,S001,通常,202207680,200414849
20240202,博報堂DYメディアパートナーズ,クリエイティブ統括,クリエイティブ部,第三課,2023,202402,4Q,300002,経常利益,S002,特別,142874100,167074348
20231209,大広,クリエイティブ統括,人事部,管理課,2023,202312,3Q,200002,経費,S001,通常,175954789,212259947
20240616,博報堂DYメディアパートナーズ,メディア統括,クリエイティブ部,開発課,2024,202406,1Q,200002,経費,S002,特別,149928291,238980387
20250203,博報堂,管理統括,総務部,推進課,2024,202502,4Q,400002,制作収入,S003,調整,111617950,105071488
20250315,大広,営業統括,財務経理部,第一課,2024,202503,4Q,400003,コンサルティング収入,S001,通常,367970501,485999266
20230609,博報堂,営業統括,財務経理部,第三課,2023,202306,1Q,500001,広告主負担金,S003,調整,95831257,98121797
20241124,博報堂プロダクツ,営業統括,制作部,第二課,2024,202411,3Q,400003,コンサルティング収入,S004,見込,73302380,58182192
20241018,博報堂プロダクツ,クリエイティブ統括,経営企画部,推進課,2024,202410,3Q,100003,売上総利益,S002,特別,487552595,447592487
20240727,博報堂,メディア統括,メディアプランニング部,推進課,2024,202407,2Q,500001,広告主負担金,S003,調整,364780892,413355649
20240828,博報堂DYメディアパートナーズ,管理統括,人事部,開発課,2024,202408,2Q,400001,媒体手数料収入,S005,確定,355322971,340751659
20231212,博報堂DYメディアパートナーズ,営業統括,メディアプランニング部,第二課,2023,202312,3Q,400002,制作収入,S002,特別,488272460,401866509
20240720,博報堂,メディア統括,財務経理部,第一課,2024,202407,2Q,300002,経常利益,S004,見込,534390725,398787327
20230909,読売広告社,メディア統括,第一営業部,第二課,2023,202309,2Q,200003,減価償却費,S001,通常,240355892,292879716
20240108,博報堂,クリエイティブ統括,第一営業部,推進課,2023,202401,4Q,200001,人件費,S002,特別,289408107,436329590
20240712,読売広告社,デジタル統括,総務部,運用課,2024,202407,2Q,100002,売上原価,S001,通常,215149542,196416674
20231108,博報堂,メディア統括,経営企画部,企画課,2023,202311,3Q,500002,媒体社リベート,S002,特別,312476113,238126693
20240306,博報堂プロダクツ,管理統括,第二営業部,運用課,2023,202403,4Q,400002,制作収入,S004,見込,227432153,241455224
20230614,読売広告社,営業統括,デジタルマーケティング部,企画課,2023,202306,1Q,200002,経費,S005,確定,16506766,22447585
20230619,読売広告社,営業統括,制作部,第一課,2023,202306,1Q,100003,売上総利益,S005,確定,291716765,372560297
20231106,大広,営業統括,総務部,推進課,2023,202311,3Q,100002,売上原価,S002,特別,78876241,72809687
20230821,読売広告社,メディア統括,第二営業部,推進課,2023,202308,2Q,400003,コンサルティング収入,S005,確定,432348267,383162128
20230522,読売広告社,営業統括,人事部,第二課,2023,202305,1Q,200001,人件費,S003,調整,191922059,274570019
20240323,博報堂プロダクツ,管理統括,第一営業部,開発課,2023,202403,4Q,300002,経常利益,S003,調整,402447928,402207644
20240612,大広,クリエイティブ統括,第二営業部,第二課,2024,202406,1Q,200002,経費,S004,見込,250646129,226028368
20230417,読売広告社,営業統括,人事部,第一課,2023,202304,1Q,300001,営業利益,S005,確定,673538203,491737179
20230421,博報堂プロダクツ,クリエイティブ統括,経営企画部,開発課,2023,202304,1Q,300002,経常利益,S005,確定,243707179,350907678
20241118,大広,デジタル統括,クリエイティブ部,企画課,2024,202411,3Q,100001,売上高,S002,特別,60633314,51522619
20240605,博報堂DYメディアパートナーズ,メディア統括,クリエイティブ部,運用課,2024,202406,1Q,100001,売上高,S002,特別,59669377,48039117
20241026,読売広告社,営業統括,財務経理部,推進課,2024,202410,3Q,200003,減価償却費,S001,通常,326522728,427258048
20250214,博報堂プロダクツ,管理統括,デジタルマーケティング部,推進課,2024,202502,4Q,100001,売上高,S002,特別,335865416,420474252
20240507,博報堂DYメディアパートナーズ,デジタル統括,制作部,企画課,2024,202405,1Q,200002,経費,S005,確定,204870209,180797226
20231021,読売広告社,クリエイティブ統括,財務経理部,推進課,2023,202310,3Q,400001,媒体手数料収入,S004,見込,189139751,293171784
20250310,読売広告社,クリエイティブ統括,クリエイティブ部,第一課,2024,202503,4Q,500001,広告主負担金,S004,見込,42005224,33263821
20230524,博報堂DYメディアパートナーズ,管理統括,人事部,開発課,2023,202305,1Q,300002,経常利益,S002,特別,189398918,245581002
20230616,博報堂プロダクツ,クリエイティブ統括,第二営業部,企画課,2023,202306,1Q,500001,広告主負担金,S002,特別,71632028,82696995
20240124,博報堂DYメディアパートナーズ,営業統括,メディアプランニング部,第三課,2023,202401,4Q,100001,売上高,S004,見込,168528658,276012622
20230410,大広,管理統括,メディアプランニング部,推進課,2023,202304,1Q,500002,媒体社リベート,S002,特別,64271181,50661561
20231101,読売広告社,営業統括,経営企画部,第二課,2023,202311,3Q,400001,媒体手数料収入,S005,確定,78632114,73116855
20250223,博報堂DYメディアパートナーズ,クリエイティブ統括,経営企画部,管理課,2024,202502,4Q,200002,経費,S003,調整,402302128,376838628
20240617,博報堂プロダクツ,管理統括,メディアプランニング部,企画課,2024,202406,1Q,200001,人件費,S005,確定,13396840,9941997
20230927,読売広告社,デジタル統括,メディアプランニング部,企画課,2023,202309,2Q,400001,媒体手数料収入,S002,特別,159424452,243702643
20240505,博報堂DYメディアパートナーズ,営業統括,デジタルマーケティング部,開発課,2024,202405,1Q,400003,コンサルティング収入,S004,見込,226382303,166136759
20240419,博報堂,デジタル統括,財務経理部,管理課,2024,202404,1Q,500001,広告主負担金,S005,確定,162651698,139810276
20241219,博報堂DYメディアパートナーズ,デジタル統括,メディアプランニング部,企画課,2024,202412,3Q,500001,広告主負担金,S002,特別,113082435,149667591
20241015,読売広告社,メディア統括,メディアプランニング部,第一課,2024,202410,3Q,200003,減価償却費,S002,特別,442848771,359262422
20240521,読売広告社,デジタル統括,第二営業部,第二課,2024,202405,1Q,300001,営業利益,S003,調整,105314128,130352542
20240218,博報堂,メディア統括,デジタルマーケティング部,推進課,2023,202402,4Q,200002,経費,S002,特別,74904826,54912332
20230922,博報堂プロダクツ,メディア統括,経営企画部,企画課,2023,202309,2Q,100001,売上高,S003,調整,281757157,440669913
20230416,博報堂DYメディアパートナーズ,クリエイティブ統括,クリエイティブ部,管理課,2023,202304,1Q,100002,売上原価,S001,通常,56020190,74990748
20240822,大広,クリエイティブ統括,第一営業部,第三課,2024,202408,2Q,300001,営業利益,S003,調整,21179414,17093304
20241009,博報堂DYメディアパートナーズ,営業統括,財務経理部,管理課,2024,202410,3Q,200002,経費,S003,調整,441808443,396968298
20230802,大広,管理統括,第二営業部,管理課,2023,202308,2Q,400003,コンサルティング収入,S001,通常,305160853,391508131
20231008,博報堂DYメディアパートナーズ,デジタル統括,制作部,推進課,2023,202310,3Q,200001,人件費,S004,見込,52692278,44328257
20230413,博報堂,メディア統括,人事部,第一課,2023,202304,1Q,200001,人件費,S004,見込,284458844,215309393
20230902,博報堂,デジタル統括,人事部,第三課,2023,202309,2Q,100003,売上総利益,S001,通常,187900909,172382323
20230611,博報堂,デジタル統括,財務経理部,推進課,2023,202306,1Q,400003,コンサルティング収入,S003,調整,416823106,302051463
20240108,大広,営業統括,第一営業部,企画課,2023,202401,4Q,200001,人件費,S003,調整,545628573,494735588
20240424,博報堂DYメディアパートナーズ,営業統括,クリエイティブ部,運用課,2024,202404,1Q,100001,売上高,S001,通常,289770186,221516491
20241209,博報堂DYメディアパートナーズ,メディア統括,第二営業部,推進課,2024,202412,3Q,300002,経常利益,S003,調整,515718666,490827953
20240104,博報堂プロダクツ,クリエイティブ統括,人事部,第二課,2023,202401,4Q,400001,媒体手数料収入,S003,調整,48653753,54922360
20241018,読売広告社,管理統括,財務経理部,開発課,2024,202410,3Q,500002,媒体社リベート,S002,特別,181738043,226464496
20240809,博報堂DYメディアパートナーズ,管理統括,財務経理部,運用課,2024,202408,2Q,100003,売上総利益,S003,調整,505510541,448457647
20250122,博報堂プロダクツ,管理統括,第一営業部,第二課,2024,202501,4Q,200001,人件費,S005,確定,422122858,377357562
20240504,大広,管理統括,制作部,企画課,2024,202405,1Q,500002,媒体社リベート,S001,通常,8800944,9897369
20240519,博報堂プロダクツ,メディア統括,制作部,運用課,2024,202405,1Q,400002,制作収入,S005,確定,446723426,456832315
20240304,博報堂,管理統括,経営企画部,第二課,2023,202403,4Q,200001,人件費,S004,見込,283199094,464938019
20240809,大広,メディア統括,第一営業部,開発課,2024,202408,2Q,200001,人件費,S003,調整,352457381,492436277
20250125,読売広告社,クリエイティブ統括,メディアプランニング部,企画課,2024,202501,4Q,500002,媒体社リベート,S003,調整,71837568,59613022
20241101,博報堂,営業統括,第二営業部,運用課,2024,202411,3Q,300002,経常利益,S003,調整,360959213,270359878
20230727,博報堂プロダクツ,クリエイティブ統括,財務経理部,第一課,2023,202307,2Q,200002,経費,S002,特別,138306682,199241846
20240227,読売広告社,クリエイティブ統括,第二営業部,管理課,2023,202402,4Q,100001,売上高,S003,調整,130804649,157887669
20240126,大広,クリエイティブ統括,財務経理部,推進課,2023,202401,4Q,100002,売上原価,S003,調整,65482417,49040863
20240301,大広,営業統括,クリエイティブ部,第二課,2023,202403,4Q,200003,減価償却費,S005,確定,255990504,341193631
20231010,博報堂,クリエイティブ統括,クリエイティブ部,企画課,2023,202310,3Q,500001,広告主負担金,S005,確定,471490940,407959336
20230709,博報堂プロダクツ,デジタル統括,総務部,第三課,2023,202307,2Q,500001,広告主負担金,S004,見込,113291995,95913443
20250216,読売広告社,管理統括,第一営業部,第三課,2024,202502,4Q,400002,制作収入,S003,調整,104128540,139264318
20240424,博報堂プロダクツ,クリエイティブ統括,経営企画部,第二課,2024,202404,1Q,200001,人件費,S001,通常,442748998,435635979
20241214,博報堂プロダクツ,メディア統括,制作部,第一課,2024,202412,3Q,400001,媒体手数料収入,S004,見込,311587687,348378179
20241020,博報堂DYメディアパートナーズ,営業統括,制作部,開発課,2024,202410,3Q,100002,売上原価,S002,特別,439298977,424199222
20241102,博報堂プロダクツ,メディア統括,メディアプランニング部,第三課,2024,202411,3Q,400002,制作収入,S004,見込,293778445,215683141
20240715,博報堂DYメディアパートナーズ,営業統括,メディアプランニング部,推進課,2024,202407,2Q,400001,媒体手数料収入,S003,調整,201025963,191898117
20230519,博報堂,クリエイティブ統括,人事部,管理課,2023,202305,1Q,100001,売上高,S004,見込,382419658,320736096
20231118,大広,営業統括,メディアプランニング部,管理課,2023,202311,3Q,400002,制作収入,S001,通常,210892422,343130409
20240327,大広,営業統括,経営企画部,推進課,2023,202403,4Q,500001,広告主負担金,S004,見込,168067447,212497951
20241122,読売広告社,営業統括,人事部,開発課,2024,202411,3Q,500001,広告主負担金,S005,確定,185092351,250939810
20230705,読売広告社,クリエイティブ統括,第二営業部,運用課,2023,202307,2Q,200002,経費,S004,見込,187044964,304809205
20241122,読売広告社,メディア統括,第二営業部,管理課,2024,202411,3Q,500001,広告主負担金,S001,通常,244409348,345811852
20230824,博報堂DYメディアパートナーズ,クリエイティブ統括,第一営業部,第三課,2023,202308,2Q,200003,減価償却費,S001,通常,25332140,23961734
20240803,読売広告社,クリエイティブ統括,第二営業部,管理課,2024,202408,2Q,100002,売上原価,S001,通常,320455644,269010067
20240621,博報堂,営業統括,メディアプランニング部,開発課,2024,202406,1Q,200003,減価償却費,S004,見込,238046452,187780149
20240711,博報堂,管理統括,デジタルマーケティング部,企画課,2024,202407,2Q,100001,売上高,S002,特別,24845058,36062255
20241127,読売広告社,営業統括,総務部,第二課,2024,202411,3Q,400002,制作収入,S003,調整,49530226,45851149
20240905,博報堂プロダクツ,営業統括,メディアプランニング部,第三課,2024,202409,2Q,300001,営業利益,S003,調整,117117193,98779283
20240816,大広,デジタル統括,人事部,企画課,2024,202408,2Q,400002,制作収入,S005,確定,103884959,74561991
20230418,博報堂DYメディアパートナーズ,営業統括,第二営業部,管理課,2023,202304,1Q,300001,営業利益,S005,確定,107350864,86954819
20231205,博報堂,管理統括,制作部,運用課,2023,202312,3Q,100003,売上総利益,S002,特別,16201148,11629194
20230710,読売広告社,クリエイティブ統括,メディアプランニング部,管理課,2023,202307,2Q,500001,広告主負担金,S004,見込,468374478,489945037
20240518,大広,管理統括,人事部,管理課,2024,202405,1Q,400001,媒体手数料収入,S005,確定,21883678,23669178
20230810,読売広告社,管理統括,総務部,第一課,2023,202308,2Q,100001,売上高,S005,確定,523838038,398080959
20230622,大広,クリエイティブ統括,制作部,企画課,2023,202306,1Q,100003,売上総利益,S003,調整,388987503,291307440
20241207,大広,営業統括,第二営業部,開発課,2024,202412,3Q,100002,売上原価,S001,通常,412247924,309812541
20231024,博報堂,クリエイティブ統括,人事部,開発課,2023,202310,3Q,300002,経常利益,S005,確定,333758663,332483249
20240722,博報堂DYメディアパートナーズ,営業統括,人事部,第二課,2024,202407,2Q,400001,媒体手数料収入,S004,見込,434761730,343827642
20231019,大広,管理統括,制作部,第二課,2023,202310,3Q,300002,経常利益,S003,調整,148467060,116945571
20240321,博報堂DYメディアパートナーズ,メディア統括,財務経理部,管理課,2023,202403,4Q,400002,制作収入,S003,調整,38719354,34016163
20231226,大広,管理統括,経営企画部,第一課,2023,202312,3Q,200002,経費,S001,通常,295088177,350650637
20240207,博報堂,メディア統括,メディアプランニング部,推進課,2023,202402,4Q,200001,人件費,S003,調整,258179741,387053258
20230609,読売広告社,デジタル統括,クリエイティブ部,開発課,2023,202306,1Q,300002,経常利益,S003,調整,488305574,396775352
20230402,博報堂DYメディアパートナーズ,デジタル統括,第二営業部,開発課,2023,202304,1Q,200003,減価償却費,S002,特別,18883712,19115972
20230725,博報堂プロダクツ,デジタル統括,人事部,第一課,2023,202307,2Q,400001,媒体手数料収入,S004,見込,92599841,66602073
20250209,博報堂DYメディアパートナーズ,営業統括,制作部,企画課,2024,202502,4Q,100002,売上原価,S001,通常,188810142,163905752
20241120,大広,メディア統括,財務経理部,第三課,2024,202411,3Q,400003,コンサルティング収入,S004,見込,65832114,68458718
20240606,博報堂DYメディアパートナーズ,クリエイティブ統括,制作部,企画課,2024,202406,1Q,200001,人件費,S005,確定,418770574,332079823
20240612,博報堂,営業統括,制作部,第二課,2024,202406,1Q,200002,経費,S001,通常,71041248,113254532
20240403,読売広告社,管理統括,クリエイティブ部,第三課,2024,202404,1Q,200002,経費,S005,確定,151189570,142533556
20240702,博報堂DYメディアパートナーズ,クリエイティブ統括,デジタルマーケティング部,第二課,2024,202407,2Q,300001,営業利益,S002,特別,320079626,251602385
20230712,博報堂,デジタル統括,経営企画部,企画課,2023,202307,2Q,100002,売上原価,S001,通常,6227285,6306347
20230818,博報堂,管理統括,クリエイティブ部,管理課,2023,202308,2Q,500001,広告主負担金,S004,見込,451682435,350663057
20240823,読売広告社,管理統括,第二営業部,推進課,2024,202408,2Q,100002,売上原価,S004,見込,102554436,86994239
20240120,博報堂,クリエイティブ統括,経営企画部,第三課,2023,202401,4Q,300001,営業利益,S003,調整,83036020,96913128
20240412,博報堂,営業統括,総務部,管理課,2024,202404,1Q,100002,売上原価,S003,調整,414882689,327723690
20250228,読売広告社,管理統括,メディアプランニング部,企画課,2024,202502,4Q,400002,制作収入,S001,通常,520169250,383783788
20231015,大広,営業統括,第二営業部,開発課,2023,202310,3Q,100003,売上総利益,S005,確定,401343729,443422537
20241203,博報堂,営業統括,クリエイティブ部,開発課,2024,202412,3Q,200003,減価償却費,S003,調整,23439828,23077184
20241128,大広,営業統括,メディアプランニング部,企画課,2024,202411,3Q,100003,売上総利益,S003,調整,147461327,244808480
20240507,大広,管理統括,メディアプランニング部,推進課,2024,202405,1Q,100001,売上高,S001,通常,122703246,98302087
20231109,博報堂プロダクツ,管理統括,第二営業部,開発課,2023,202311,3Q,300001,営業利益,S003,調整,211546596,300935933
20241114,大広,デジタル統括,第二営業部,第一課,2024,202411,3Q,100003,売上総利益,S005,確定,343886426,457879470
20240918,博報堂プロダクツ,管理統括,財務経理部,第一課,2024,202409,2Q,100002,売上原価,S001,通常,401418859,433088896
20240114,博報堂プロダクツ,クリエイティブ統括,クリエイティブ部,企画課,2023,202401,4Q,200003,減価償却費,S003,調整,14672335,14646655
20231211,博報堂プロダクツ,営業統括,メディアプランニング部,第二課,2023,202312,3Q,300001,営業利益,S003,調整,438093051,418876009
20241106,博報堂DYメディアパートナーズ,デジタル統括,人事部,開発課,2024,202411,3Q,100001,売上高,S004,見込,225819404,262949759
20250312,博報堂DYメディアパートナーズ,デジタル統括,クリエイティブ部,推進課,2024,202503,4Q,500002,媒体社リベート,S001,通常,165351689,212767256
20241125,博報堂DYメディアパートナーズ,デジタル統括,メディアプランニング部,開発課,2024,202411,3Q,200003,減価償却費,S003,調整,318129244,357621983
20230414,読売広告社,メディア統括,デジタルマーケティング部,第一課,2023,202304,1Q,400003,コンサルティング収入,S003,調整,26297372,31283325
20230711,博報堂,クリエイティブ統括,デジタルマーケティング部,推進課,2023,202307,2Q,200001,人件費,S003,調整,524085435,466676782
20240505,大広,デジタル統括,人事部,第一課,2024,202405,1Q,400003,コンサルティング収入,S001,通常,343299498,457015238
20240120,読売広告社,デジタル統括,財務経理部,第一課,2023,202401,4Q,400003,コンサルティング収入,S004,見込,270348675,342905556
20250115,読売広告社,営業統括,人事部,推進課,2024,202501,4Q,300002,経常利益,S003,調整,441021124,452628957
20231205,博報堂,管理統括,人事部,第三課,2023,202312,3Q,200002,経費,S003,調整,516442777,421140638
20240419,博報堂DYメディアパートナーズ,デジタル統括,メディアプランニング部,第一課,2024,202404,1Q,500002,媒体社リベート,S005,確定,136890994,191232101
20240909,博報堂プロダクツ,メディア統括,総務部,管理課,2024,202409,2Q,500002,媒体社リベート,S001,通常,205930121,232465593
20240628,博報堂DYメディアパートナーズ,クリエイティブ統括,クリエイティブ部,開発課,2024,202406,1Q,500001,広告主負担金,S001,通常,359759750,303469712
20241117,博報堂プロダクツ,営業統括,デジタルマーケティング部,第三課,2024,202411,3Q,100001,売上高,S004,見込,474383442,385399927
20240223,読売広告社,営業統括,デジタルマーケティング部,第三課,2023,202402,4Q,500002,媒体社リベート,S002,特別,288744816,255265878
20230717,博報堂プロダクツ,クリエイティブ統括,第二営業部,運用課,2023,202307,2Q,400003,コンサルティング収入,S003,調整,441882041,333802808
20231011,大広,クリエイティブ統括,人事部,第三課,2023,202310,3Q,200003,減価償却費,S005,確定,220189235,348050664
20240303,博報堂プロダクツ,メディア統括,総務部,第一課,2023,202403,4Q,100001,売上高,S003,調整,337988496,327822233
20230904,大広,クリエイティブ統括,第一営業部,企画課,2023,202309,2Q,400002,制作収入,S004,見込,159476520,168935595
20240914,博報堂プロダクツ,デジタル統括,財務経理部,管理課,2024,202409,2Q,400003,コンサルティング収入,S004,見込,530035116,429779767
20241202,博報堂プロダクツ,デジタル統括,制作部,第二課,2024,202412,3Q,400001,媒体手数料収入,S005,確定,584835902,436257449
20240618,博報堂,クリエイティブ統括,財務経理部,運用課,2024,202406,1Q,500001,広告主負担金,S005,確定,321178309,313217095
20241008,大広,メディア統括,メディアプランニング部,運用課,2024,202410,3Q,100002,売上原価,S001,通常,528208573,395366025
20250114,博報堂DYメディアパートナーズ,デジタル統括,人事部,企画課,2024,202501,4Q,300002,経常利益,S003,調整,11448436,18473539
20230514,博報堂プロダクツ,営業統括,メディアプランニング部,運用課,2023,202305,1Q,400001,媒体手数料収入,S005,確定,533327034,446390664
20231214,博報堂DYメディアパートナーズ,クリエイティブ統括,総務部,第一課,2023,202312,3Q,300002,経常利益,S001,通常,539703477,402208733
20241012,博報堂,メディア統括,人事部,推進課,2024,202410,3Q,300002,経常利益,S005,確定,282950453,347357478
20231113,読売広告社,クリエイティブ統括,制作部,第二課,2023,202311,3Q,400002,制作収入,S003,調整,282835261,316653519
20231005,大広,クリエイティブ統括,メディアプランニング部,第一課,2023,202310,3Q,200001,人件費,S001,通常,87582930,121656242
20230708,大広,管理統括,第一営業部,推進課,2023,202307,2Q,500001,広告主負担金,S002,特別,167963212,237658212
20230506,大広,管理統括,制作部,企画課,2023,202305,1Q,200002,経費,S001,通常,309422117,395659589
20240405,読売広告社,管理統括,第一営業部,運用課,2024,202404,1Q,400002,制作収入,S004,見込,468015955,400378450
20240626,博報堂DYメディアパートナーズ,営業統括,第一営業部,第二課,2024,202406,1Q,300001,営業利益,S001,通常,273576224,303515230
20240501,博報堂DYメディアパートナーズ,デジタル統括,総務部,企画課,2024,202405,1Q,100003,売上総利益,S001,通常,174422898,182958863
20240823,博報堂DYメディアパートナーズ,メディア統括,第二営業部,第三課,2024,202408,2Q,500002,媒体社リベート,S003,調整,76651311,107255135
20230922,博報堂DYメディアパートナーズ,メディア統括,デジタルマーケティング部,運用課,2023,202309,2Q,400001,媒体手数料収入,S001,通常,418526223,366486265
20250308,博報堂,営業統括,財務経理部,第二課,2024,202503,4Q,400003,コンサルティング収入,S003,調整,406823128,486706999
20240220,博報堂,営業統括,第一営業部,管理課,2023,202402,4Q,500002,媒体社リベート,S005,確定,284936763,309411942
20230809,博報堂DYメディアパートナーズ,管理統括,経営企画部,推進課,2023,202308,2Q,500001,広告主負担金,S004,見込,381781978,371900585
20230619,博報堂DYメディアパートナーズ,クリエイティブ統括,メディアプランニング部,第一課,2023,202306,1Q,500001,広告主負担金,S005,確定,275018574,346931860
20250219,博報堂,管理統括,人事部,第一課,2024,202502,4Q,200001,人件費,S003,調整,75200547,65906865
20241210,博報堂,営業統括,総務部,第一課,2024,202412,3Q,200003,減価償却費,S003,調整,405237640,326167036
20240112,博報堂プロダクツ,デジタル統括,総務部,第二課,2023,202401,4Q,100001,売上高,S005,確定,277893186,359786609
20240921,読売広告社,デジタル統括,メディアプランニング部,第三課,2024,202409,2Q,400003,コンサルティング収入,S005,確定,187670335,268705396
20230604,博報堂,管理統括,第一営業部,管理課,2023,202306,1Q,100001,売上高,S001,通常,388996220,468307144
20240107,博報堂プロダクツ,メディア統括,制作部,推進課,2023,202401,4Q,200002,経費,S005,確定,223643813,272229484
20250117,読売広告社,営業統括,経営企画部,第一課,2024,202501,4Q,500001,広告主負担金,S005,確定,78143694,126753924
20240822,博報堂,営業統括,第一営業部,第三課,2024,202408,2Q,200001,人件費,S001,通常,115608578,133933267
20240416,大広,クリエイティブ統括,第二営業部,推進課,2024,202404,1Q,100003,売上総利益,S005,確定,247617564,227821393
20240906,大広,営業統括,経営企画部,第二課,2024,202409,2Q,500002,媒体社リベート,S002,特別,399283354,492423573
20250127,博報堂プロダクツ,営業統括,クリエイティブ部,第二課,2024,202501,4Q,400002,制作収入,S003,調整,102183611,97012957
20241003,博報堂,デジタル統括,経営企画部,第一課,2024,202410,3Q,400001,媒体手数料収入,S004,見込,9640170,12705746
20240813,読売広告社,デジタル統括,デジタルマーケティング部,第二課,2024,202408,2Q,200001,人件費,S005,確定,127000242,107928093
20230918,博報堂,クリエイティブ統括,財務経理部,第一課,2023,202309,2Q,500002,媒体社リベート,S005,確定,176156250,263753467
20250209,博報堂プロダクツ,メディア統括,人事部,推進課,2024,202502,4Q,100003,売上総利益,S004,見込,450096946,438417363
20250105,博報堂,管理統括,第一営業部,第二課,2024,202501,4Q,400002,制作収入,S001,通常,159529445,120399350
20231208,博報堂,営業統括,人事部,第三課,2023,202312,3Q,100003,売上総利益,S004,見込,107874222,123106921
20230811,博報堂DYメディアパートナーズ,デジタル統括,制作部,第三課,2023,202308,2Q,500001,広告主負担金,S004,見込,362896318,370428494
20231103,大広,営業統括,メディアプランニング部,第一課,2023,202311,3Q,100001,売上高,S002,特別,45942893,33177686
20240701,博報堂DYメディアパートナーズ,デジタル統括,人事部,第二課,2024,202407,2Q,100002,売上原価,S001,通常,363161165,436779916
20240605,博報堂プロダクツ,管理統括,制作部,第三課,2024,202406,1Q,300001,営業利益,S004,見込,215539967,216339799
20230526,読売広告社,メディア統括,総務部,企画課,2023,202305,1Q,300001,営業利益,S001,通常,510849017,408470870
20230925,博報堂,メディア統括,第二営業部,運用課,2023,202309,2Q,300001,営業利益,S005,確定,281207181,219368495
20230828,読売広告社,クリエイティブ統括,デジタルマーケティング部,第三課,2023,202308,2Q,500002,媒体社リベート,S003,調整,66855520,93988671
20230826,博報堂プロダクツ,営業統括,第一営業部,第二課,2023,202308,2Q,300002,経常利益,S002,特別,502234519,401528838
20240903,大広,クリエイティブ統括,人事部,管理課,2024,202409,2Q,100001,売上高,S005,確定,143600802,134211479
20240225,博報堂DYメディアパートナーズ,管理統括,クリエイティブ部,第二課,2023,202402,4Q,400003,コンサルティング収入,S003,調整,35411478,41330446
20241122,読売広告社,メディア統括,クリエイティブ部,第一課,2024,202411,3Q,400003,コンサルティング収入,S005,確定,49170303,43601622
20241028,大広,営業統括,総務部,第三課,2024,202410,3Q,200002,経費,S005,確定,11098433,12499138
20231012,博報堂,クリエイティブ統括,財務経理部,第三課,2023,202310,3Q,200003,減価償却費,S005,確定,442258762,347184314
20241203,読売広告社,メディア統括,制作部,管理課,2024,202412,3Q,400003,コンサルティング収入,S005,確定,300660019,323076059
20230922,読売広告社,メディア統括,経営企画部,開発課,2023,202309,2Q,100002,売上原価,S004,見込,300709749,386304384
20230502,大広,メディア統括,財務経理部,第一課,2023,202305,1Q,400001,媒体手数料収入,S002,特別,19774715,14961801
20250106,博報堂,営業統括,人事部,第二課,2024,202501,4Q,400001,媒体手数料収入,S002,特別,200863230,198819247
20230911,大広,営業統括,財務経理部,推進課,2023,202309,2Q,100001,売上高,S002,特別,119848367,185487711
20231113,読売広告社,メディア統括,経営企画部,推進課,2023,202311,3Q,200001,人件費,S003,調整,252120286,278103077
20241201,博報堂,営業統括,人事部,第二課,2024,202412,3Q,200001,人件費,S003,調整,200350004,206763203
20230813,博報堂,デジタル統括,デジタルマーケティング部,第二課,2023,202308,2Q,200002,経費,S005,確定,156347886,209596285
20230423,読売広告社,クリエイティブ統括,総務部,第一課,2023,202304,1Q,400003,コンサルティング収入,S002,特別,28644991,29615204
20240319,博報堂プロダクツ,営業統括,第一営業部,第二課,2023,202403,4Q,200002,経費,S004,見込,23307485,19933899
20230426,博報堂,クリエイティブ統括,メディアプランニング部,第二課,2023,202304,1Q,200003,減価償却費,S002,特別,20732853,16592315
20231206,博報堂,営業統括,財務経理部,第二課,2023,202312,3Q,400001,媒体手数料収入,S002,特別,377549001,398432525
20250323,読売広告社,デジタル統括,人事部,企画課,2024,202503,4Q,500001,広告主負担金,S001,通常,184245664,275079975
20240609,読売広告社,営業統括,第一営業部,推進課,2024,202406,1Q,300002,経常利益,S005,確定,160565259,166769143
20241217,大広,管理統括,経営企画部,第一課,2024,202412,3Q,100002,売上原価,S001,通常,77022079,69881030
20240216,読売広告社,デジタル統括,制作部,開発課,2023,202402,4Q,400001,媒体手数料収入,S005,確定,363119074,485710218
20250304,博報堂DYメディアパートナーズ,営業統括,メディアプランニング部,推進課,2024,202503,4Q,500002,媒体社リベート,S003,調整,433289914,489386053
20250228,博報堂,営業統括,第二営業部,第二課,2024,202502,4Q,100001,売上高,S004,見込,289847221,477900024
20240528,博報堂DYメディアパートナーズ,メディア統括,第一営業部,第三課,2024,202405,1Q,400001,媒体手数料収入,S005,確定,3196436,2487877
20230823,大広,デジタル統括,財務経理部,開発課,2023,202308,2Q,100001,売上高,S005,確定,294099467,231919678
20240202,博報堂,クリエイティブ統括,制作部,企画課,2023,202402,4Q,400001,媒体手数料収入,S003,調整,146681087,115562562
20240211,博報堂プロダクツ,営業統括,制作部,管理課,2023,202402,4Q,400002,制作収入,S001,通常,88094711,93746676
20230920,博報堂DYメディアパートナーズ,営業統括,人事部,企画課,2023,202309,2Q,200003,減価償却費,S003,調整,76517453,110329400
20231202,読売広告社,営業統括,メディアプランニング部,管理課,2023,202312,3Q,300001,営業利益,S004,見込,109588713,137595320
20250315,読売広告社,デジタル統括,クリエイティブ部,第三課,2024,202503,4Q,500001,広告主負担金,S004,見込,588548257,448207248
20240502,博報堂DYメディアパートナーズ,デジタル統括,経営企画部,企画課,2024,202405,1Q,400003,コンサルティング収入,S002,特別,100590417,86194925
20240728,博報堂,メディア統括,クリエイティブ部,第三課,2024,202407,2Q,100002,売上原価,S002,特別,241505573,341001122
20230420,博報堂プロダクツ,デジタル統括,第一営業部,第一課,2023,202304,1Q,200003,減価償却費,S001,通常,311953441,285982219
20241021,読売広告社,メディア統括,クリエイティブ部,推進課,2024,202410,3Q,500002,媒体社リベート,S001,通常,182409019,188710524
20240315,博報堂,管理統括,総務部,第一課,2023,202403,4Q,100002,売上原価,S004,見込,48049957,48329468
20231103,博報堂,デジタル統括,制作部,企画課,2023,202311,3Q,100001,売上高,S003,調整,67469944,51158893
20230402,博報堂プロダクツ,営業統括,人事部,第三課,2023,202304,1Q,500001,広告主負担金,S005,確定,104989214,153259786
20230906,博報堂,営業統括,第一営業部,第三課,2023,202309,2Q,200003,減価償却費,S004,見込,90517508,89780815
20250315,大広,クリエイティブ統括,第一営業部,開発課,2024,202503,4Q,500002,媒体社リベート,S003,調整,363114860,290535270
20250128,博報堂DYメディアパートナーズ,管理統括,デジタルマーケティング部,管理課,2024,202501,4Q,100003,売上総利益,S004,見込,12627030,19695771
20241014,博報堂,クリエイティブ統括,制作部,企画課,2024,202410,3Q,100001,売上高,S004,見込,308706609,495569884
20230903,博報堂DYメディアパートナーズ,メディア統括,経営企画部,第一課,2023,202309,2Q,100001,売上高,S003,調整,289993342,245096621
20230922,博報堂プロダクツ,デジタル統括,メディアプランニング部,第二課,2023,202309,2Q,500002,媒体社リベート,S003,調整,107560745,102266590
20240128,博報堂DYメディアパートナーズ,メディア統括,第一営業部,運用課,2023,202401,4Q,100003,売上総利益,S001,通常,187493607,276973183
20241023,博報堂プロダクツ,管理統括,制作部,運用課,2024,202410,3Q,400003,コンサルティング収入,S001,通常,374353772,288153163
20230526,読売広告社,メディア統括,第一営業部,開発課,2023,202305,1Q,500002,媒体社リベート,S001,通常,157234496,146014289
20231102,大広,メディア統括,デジタルマーケティング部,開発課,2023,202311,3Q,500002,媒体社リベート,S001,通常,171339633,137245533
20250309,博報堂DYメディアパートナーズ,デジタル統括,第一営業部,第一課,2024,202503,4Q,100002,売上原価,S003,調整,598246251,447034176
20230823,大広,メディア統括,第一営業部,推進課,2023,202308,2Q,500001,広告主負担金,S004,見込,96830430,138341430
20241227,大広,クリエイティブ統括,総務部,第三課,2024,202412,3Q,400003,コンサルティング収入,S001,通常,117811612,129035513
20240926,博報堂プロダクツ,クリエイティブ統括,制作部,運用課,2024,202409,2Q,400002,制作収入,S001,通常,361491657,472015913
20231110,読売広告社,クリエイティブ統括,メディアプランニング部,推進課,2023,202311,3Q,200001,人件費,S005,確定,196196930,145655884
20230414,博報堂プロダクツ,メディア統括,経営企画部,運用課,2023,202304,1Q,100002,売上原価,S005,確定,250583575,251500215
20240303,博報堂プロダクツ,メディア統括,総務部,推進課,2023,202403,4Q,200002,経費,S003,調整,481310343,451111397
20240710,博報堂,デジタル統括,制作部,開発課,2024,202407,2Q,300002,経常利益,S002,特別,414217382,317553023
20250109,大広,デジタル統括,総務部,開発課,2024,202501,4Q,500001,広告主負担金,S005,確定,155902898,114308397
20230512,博報堂DYメディアパートナーズ,メディア統括,制作部,運用課,2023,202305,1Q,100003,売上総利益,S001,通常,357841626,289438637
20240703,読売広告社,デジタル統括,人事部,第一課,2024,202407,2Q,100002,売上原価,S002,特別,139507742,116121141
20230609,読売広告社,クリエイティブ統括,制作部,第三課,2023,202306,1Q,500001,広告主負担金,S004,見込,245000385,363188145
20231021,大広,デジタル統括,総務部,第二課,2023,202310,3Q,200003,減価償却費,S001,通常,336596782,487850967
20240517,博報堂プロダクツ,管理統括,デジタルマーケティング部,管理課,2024,202405,1Q,100001,売上高,S005,確定,129293325,165215298
20240413,博報堂,デジタル統括,第二営業部,第一課,2024,202404,1Q,100003,売上総利益,S005,確定,73133979,75105529
20240307,大広,管理統括,経営企画部,管理課,2023,202403,4Q,400002,制作収入,S001,通常,326534056,368358878
20230508,博報堂プロダクツ,営業統括,総務部,開発課,2023,202305,1Q,300001,営業利益,S003,調整,347719321,264005881
20230701,博報堂DYメディアパートナーズ,営業統括,デジタルマーケティング部,運用課,2023,202307,2Q,100001,売上高,S005,確定,61554866,55659717
20230623,大広,メディア統括,クリエイティブ部,第一課,2023,202306,1Q,200003,減価償却費,S002,特別,191658526,212713709
20250103,博報堂DYメディアパートナーズ,管理統括,第一営業部,第三課,2024,202501,4Q,100001,売上高,S004,見込,410242074,470263661
20240528,博報堂DYメディアパートナーズ,メディア統括,総務部,第一課,2024,202405,1Q,500002,媒体社リベート,S002,特別,313461288,237179283
20240522,博報堂プロダクツ,営業統括,財務経理部,第一課,2024,202405,1Q,300002,経常利益,S003,調整,212629418,169691635
20240815,博報堂,管理統括,メディアプランニング部,管理課,2024,202408,2Q,100003,売上総利益,S004,見込,25115993,31891132
20230501,博報堂プロダクツ,クリエイティブ統括,デジタルマーケティング部,企画課,2023,202305,1Q,300002,経常利益,S002,特別,127426442,207391818
20241018,大広,デジタル統括,総務部,第三課,2024,202410,3Q,300001,営業利益,S003,調整,121941968,141181297
20231223,読売広告社,クリエイティブ統括,第二営業部,運用課,2023,202312,3Q,200002,経費,S004,見込,358897264,279380266
20240117,博報堂DYメディアパートナーズ,クリエイティブ統括,メディアプランニング部,管理課,2023,202401,4Q,200003,減価償却費,S002,特別,213405722,274854362
20240210,博報堂プロダクツ,メディア統括,制作部,第一課,2023,202402,4Q,100001,売上高,S004,見込,137722229,128150943
20231122,博報堂プロダクツ,管理統括,総務部,推進課,2023,202311,3Q,500001,広告主負担金,S003,調整,7748980,10879925
20240401,博報堂DYメディアパートナーズ,クリエイティブ統括,制作部,推進課,2024,202404,1Q,500001,広告主負担金,S005,確定,2504606,3320942
20240414,博報堂プロダクツ,営業統括,制作部,第一課,2024,202404,1Q,400001,媒体手数料収入,S004,見込,223875977,362938090
20240325,博報堂プロダクツ,営業統括,財務経理部,推進課,2023,202403,4Q,100003,売上総利益,S005,確定,187804774,136405637
20240507,博報堂DYメディアパートナーズ,クリエイティブ統括,財務経理部,推進課,2024,202405,1Q,100001,売上高,S005,確定,118014220,142628217
20240718,博報堂プロダクツ,管理統括,総務部,開発課,2024,202407,2Q,400001,媒体手数料収入,S002,特別,314931211,307476267
20230808,博報堂,営業統括,経営企画部,第三課,2023,202308,2Q,400001,媒体手数料収入,S001,通常,147179905,115790105
20240810,博報堂プロダクツ,営業統括,経営企画部,第二課,2024,202408,2Q,400003,コンサルティング収入,S004,見込,218390670,266242811
20240315,博報堂プロダクツ,クリエイティブ統括,制作部,第一課,2023,202403,4Q,300002,経常利益,S001,通常,134549021,102972014
20240923,大広,デジタル統括,財務経理部,企画課,2024,202409,2Q,200003,減価償却費,S005,確定,182174910,139981622
20241103,博報堂,管理統括,経営企画部,推進課,2024,202411,3Q,100003,売上総利益,S003,調整,495595726,477125624
20240122,博報堂DYメディアパートナーズ,営業統括,デジタルマーケティング部,第三課,2023,202401,4Q,100002,売上原価,S002,特別,86869003,115688003
20231015,博報堂プロダクツ,クリエイティブ統括,クリエイティブ部,管理課,2023,202310,3Q,100001,売上高,S003,調整,159527597,212375906
20241126,読売広告社,管理統括,経営企画部,開発課,2024,202411,3Q,200001,人件費,S005,確定,163702173,143127915
20240327,大広,デジタル統括,総務部,推進課,2023,202403,4Q,300001,営業利益,S004,見込,152803946,240036854
20240726,博報堂DYメディアパートナーズ,クリエイティブ統括,第一営業部,企画課,2024,202407,2Q,300002,経常利益,S004,見込,256604017,296530450
20240214,博報堂DYメディアパートナーズ,管理統括,総務部,運用課,2023,202402,4Q,200002,経費,S005,確定,485716742,394975234
20240126,博報堂,営業統括,第一営業部,管理課,2023,202401,4Q,300001,営業利益,S005,確定,396649648,326289066
20230512,大広,管理統括,人事部,企画課,2023,202305,1Q,400001,媒体手数料収入,S003,調整,203539959,205551154
20231011,博報堂プロダクツ,管理統括,クリエイティブ部,運用課,2023,202310,3Q,300001,営業利益,S003,調整,167804926,243085774
20250326,読売広告社,管理統括,総務部,管理課,2024,202503,4Q,200001,人件費,S001,通常,470526356,442811687
20250119,博報堂DYメディアパートナーズ,営業統括,クリエイティブ部,企画課,2024,202501,4Q,500001,広告主負担金,S002,特別,172306445,254856955
20231021,読売広告社,営業統括,経営企画部,管理課,2023,202310,3Q,300001,営業利益,S002,特別,284951181,252444659
20231215,博報堂,メディア統括,メディアプランニング部,推進課,2023,202312,3Q,400002,制作収入,S005,確定,308292692,282320847
20240623,大広,メディア統括,クリエイティブ部,開発課,2024,202406,1Q,400001,媒体手数料収入,S001,通常,265335966,422911411
20240711,博報堂,デジタル統括,第一営業部,第一課,2024,202407,2Q,300001,営業利益,S001,通常,211029878,228798351
20250310,博報堂プロダクツ,営業統括,財務経理部,管理課,2024,202503,4Q,400002,制作収入,S003,調整,20212878,19907274
20240715,博報堂,管理統括,第一営業部,開発課,2024,202407,2Q,400002,制作収入,S004,見込,13738848,16371039
20230608,大広,デジタル統括,メディアプランニング部,開発課,2023,202306,1Q,300002,経常利益,S005,確定,82350251,65972938
20240613,博報堂DYメディアパートナーズ,営業統括,人事部,開発課,2024,202406,1Q,200003,減価償却費,S004,見込,238065793,273983947
20240226,読売広告社,クリエイティブ統括,メディアプランニング部,開発課,2023,202402,4Q,100003,売上総利益,S001,通常,279310710,249281770
20250307,大広,管理統括,デジタルマーケティング部,運用課,2024,202503,4Q,200001,人件費,S002,特別,170982368,184580530
20240717,読売広告社,管理統括,デジタルマーケティング部,第三課,2024,202407,2Q,500001,広告主負担金,S001,通常,227172177,205833280
20230605,大広,管理統括,デジタルマーケティング部,管理課,2023,202306,1Q,400003,コンサルティング収入,S005,確定,248310119,388464021
20230817,博報堂プロダクツ,管理統括,メディアプランニング部,第一課,2023,202308,2Q,500002,媒体社リベート,S002,特別,255645453,409864964
20230616,大広,クリエイティブ統括,経営企画部,運用課,2023,202306,1Q,500001,広告主負担金,S003,調整,16846141,21846743
20240711,大広,メディア統括,デジタルマーケティング部,推進課,2024,202407,2Q,200002,経費,S004,見込,422681555,385653749
20231123,博報堂,メディア統括,デジタルマーケティング部,推進課,2023,202311,3Q,100001,売上高,S004,見込,133193881,107516098
20240819,大広,クリエイティブ統括,財務経理部,第一課,2024,202408,2Q,200002,経費,S002,特別,339280667,300308956
20250109,博報堂DYメディアパートナーズ,管理統括,クリエイティブ部,推進課,2024,202501,4Q,200002,経費,S003,調整,535041556,435636534
20250317,大広,デジタル統括,総務部,企画課,2024,202503,4Q,300001,営業利益,S005,確定,505265851,378800432
20230507,博報堂プロダクツ,デジタル統括,経営企画部,開発課,2023,202305,1Q,500002,媒体社リベート,S001,通常,115787217,182428790
20240105,大広,デジタル統括,第一営業部,開発課,2023,202401,4Q,100001,売上高,S004,見込,54984096,60453034
20250320,博報堂,デジタル統括,財務経理部,第二課,2024,202503,4Q,500002,媒体社リベート,S002,特別,44673439,41668455
20241202,博報堂,営業統括,デジタルマーケティング部,第三課,2024,202412,3Q,200003,減価償却費,S002,特別,247211764,296603943
20240820,博報堂,デジタル統括,デジタルマーケティング部,第三課,2024,202408,2Q,300002,経常利益,S002,特別,239482184,287486215
20230611,読売広告社,営業統括,人事部,管理課,2023,202306,1Q,500002,媒体社リベート,S002,特別,463683137,423385245
20241110,読売広告社,管理統括,財務経理部,推進課,2024,202411,3Q,500001,広告主負担金,S005,確定,141200676,119783604
20240527,大広,デジタル統括,第二営業部,管理課,2024,202405,1Q,300001,営業利益,S002,特別,313404584,339583953
20241206,博報堂DYメディアパートナーズ,デジタル統括,財務経理部,第三課,2024,202412,3Q,300002,経常利益,S003,調整,222748244,309341972
20240313,博報堂プロダクツ,営業統括,人事部,運用課,2023,202403,4Q,500002,媒体社リベート,S004,見込,109457009,159648575
20230427,読売広告社,メディア統括,制作部,管理課,2023,202304,1Q,100001,売上高,S004,見込,104861116,157556739
20231118,大広,メディア統括,メディアプランニング部,第三課,2023,202311,3Q,100001,売上高,S002,特別,259949765,352431177
20230421,博報堂DYメディアパートナーズ,デジタル統括,人事部,企画課,2023,202304,1Q,200003,減価償却費,S005,確定,26863151,23681821
20231004,博報堂プロダクツ,デジタル統括,クリエイティブ部,開発課,2023,202310,3Q,400001,媒体手数料収入,S004,見込,185368814,225370755
20250227,読売広告社,メディア統括,総務部,推進課,2024,202502,4Q,100001,売上高,S002,特別,16947147,27661629
20241206,博報堂DYメディアパートナーズ,メディア統括,デジタルマーケティング部,推進課,2024,202412,3Q,500002,媒体社リベート,S004,見込,77600645,87611570
20231018,博報堂DYメディアパートナーズ,管理統括,第二営業部,推進課,2023,202310,3Q,500001,広告主負担金,S001,通常,236065409,233741568
20250226,博報堂DYメディアパートナーズ,デジタル統括,財務経理部,管理課,2024,202502,4Q,500001,広告主負担金,S003,調整,111091604,150541169
20231105,読売広告社,管理統括,デジタルマーケティング部,開発課,2023,202311,3Q,500001,広告主負担金,S003,調整,472120133,422737548
20250207,博報堂プロダクツ,管理統括,総務部,運用課,2024,202502,4Q,400001,媒体手数料収入,S003,調整,113505558,116138248
20250218,博報堂,デジタル統括,経営企画部,管理課,2024,202502,4Q,500002,媒体社リベート,S001,通常,201660808,179336661
20250205,読売広告社,メディア統括,経営企画部,開発課,2024,202502,4Q,100001,売上高,S001,通常,271912794,290226321
20240412,読売広告社,管理統括,総務部,企画課,2024,202404,1Q,200003,減価償却費,S003,調整,113137673,150391404
20230817,博報堂プロダクツ,デジタル統括,第二営業部,第三課,2023,202308,2Q,200003,減価償却費,S002,特別,235991333,195759168
20240727,博報堂プロダクツ,デジタル統括,人事部,第一課,2024,202407,2Q,500001,広告主負担金,S005,確定,317326430,238227685
20250117,博報堂プロダクツ,デジタル統括,制作部,管理課,2024,202501,4Q,100002,売上原価,S002,特別,488126373,495448146
20230923,博報堂DYメディアパートナーズ,営業統括,第二営業部,管理課,2023,202309,2Q,500001,広告主負担金,S005,確定,164772523,272373884
20240808,博報堂プロダクツ,クリエイティブ統括,第一営業部,企画課,2024,202408,2Q,200003,減価償却費,S005,確定,113388731,109635133
20240409,大広,管理統括,人事部,管理課,2024,202404,1Q,400003,コンサルティング収入,S001,通常,217003495,231554607
20240314,大広,営業統括,クリエイティブ部,開発課,2023,202403,4Q,100001,売上高,S003,調整,251723409,343450840
20231124,読売広告社,管理統括,第一営業部,第三課,2023,202311,3Q,300001,営業利益,S002,特別,321186980,276394904
20241004,読売広告社,メディア統括,人事部,開発課,2024,202410,3Q,400002,制作収入,S004,見込,401145935,360012850
20230824,博報堂DYメディアパートナーズ,メディア統括,制作部,第一課,2023,202308,2Q,200001,人件費,S001,通常,299014526,259120852
20241004,博報堂プロダクツ,クリエイティブ統括,クリエイティブ部,推進課,2024,202410,3Q,100002,売上原価,S003,調整,7640591,8009427
20240819,博報堂DYメディアパートナーズ,デジタル統括,財務経理部,開発課,2024,202408,2Q,200001,人件費,S002,特別,284301977,390960163
20230611,博報堂,管理統括,第二営業部,運用課,2023,202306,1Q,500001,広告主負担金,S001,通常,328828486,453614379
20250111,大広,クリエイティブ統括,クリエイティブ部,第三課,2024,202501,4Q,300001,営業利益,S003,調整,60462913,61174790
20230922,博報堂,管理統括,第一営業部,第三課,2023,202309,2Q,400001,媒体手数料収入,S001,通常,58471641,43767275
20230723,大広,管理統括,財務経理部,運用課,2023,202307,2Q,300002,経常利益,S004,見込,224579157,243617479
20240816,博報堂プロダクツ,営業統括,クリエイティブ部,第二課,2024,202408,2Q,200003,減価償却費,S002,特別,319546654,448461399
20241209,博報堂DYメディアパートナーズ,営業統括,総務部,第三課,2024,202412,3Q,300001,営業利益,S001,通常,146287591,241487095
20240105,博報堂プロダクツ,メディア統括,メディアプランニング部,運用課,2023,202401,4Q,300002,経常利益,S004,見込,405245541,379902651
20230918,博報堂DYメディアパートナーズ,管理統括,人事部,第一課,2023,202309,2Q,300002,経常利益,S004,見込,139619188,106764094
20241021,大広,営業統括,制作部,第一課,2024,202410,3Q,100001,売上高,S005,確定,242941883,402685541
20240820,博報堂DYメディアパートナーズ,メディア統括,デジタルマーケティング部,推進課,2024,202408,2Q,300001,営業利益,S004,見込,608586661,439659555
20240411,大広,メディア統括,第二営業部,推進課,2024,202404,1Q,300002,経常利益,S001,通常,377110560,317439607
20230522,大広,メディア統括,経営企画部,第二課,2023,202305,1Q,100003,売上総利益,S003,調整,110628542,124600036
20231207,大広,メディア統括,制作部,管理課,2023,202312,3Q,300001,営業利益,S005,確定,225682801,194845706
20231011,読売広告社,デジタル統括,第一営業部,第二課,2023,202310,3Q,300001,営業利益,S002,特別,215467955,196357876
20241001,博報堂プロダクツ,管理統括,クリエイティブ部,企画課,2024,202410,3Q,400003,コンサルティング収入,S005,確定,304293444,325815630
20230521,博報堂,デジタル統括,第一営業部,第三課,2023,202305,1Q,300001,営業利益,S004,見込,279949967,200511885
20231127,博報堂プロダクツ,営業統括,メディアプランニング部,企画課,2023,202311,3Q,100001,売上高,S002,特別,482465828,347600015
20240916,博報堂DYメディアパートナーズ,営業統括,第二営業部,開発課,2024,202409,2Q,200003,減価償却費,S005,確定,150148447,242084142
20240408,博報堂プロダクツ,管理統括,人事部,推進課,2024,202404,1Q,400003,コンサルティング収入,S005,確定,307440260,461205338
20230504,博報堂プロダクツ,メディア統括,クリエイティブ部,運用課,2023,202305,1Q,500001,広告主負担金,S002,特別,370894924,429969896
20230520,博報堂プロダクツ,デジタル統括,デジタルマーケティング部,企画課,2023,202305,1Q,300001,営業利益,S002,特別,275987565,302438238
20240424,読売広告社,クリエイティブ統括,制作部,企画課,2024,202404,1Q,400003,コンサルティング収入,S001,通常,90583778,125728172
20231116,博報堂DYメディアパートナーズ,メディア統括,デジタルマーケティング部,管理課,2023,202311,3Q,200001,人件費,S004,見込,70076770,96778955
20241108,読売広告社,営業統括,デジタルマーケティング部,第二課,2024,202411,3Q,500001,広告主負担金,S001,通常,136823374,216611096
20231226,博報堂プロダクツ,デジタル統括,第一営業部,企画課,2023,202312,3Q,200002,経費,S001,通常,56524157,80325433
20231127,博報堂プロダクツ,管理統括,メディアプランニング部,管理課,2023,202311,3Q,400001,媒体手数料収入,S003,調整,244414757,297169365
20230902,博報堂,営業統括,経営企画部,企画課,2023,202309,2Q,500002,媒体社リベート,S004,見込,282519776,408622638
20241109,博報堂DYメディアパートナーズ,クリエイティブ統括,第一営業部,運用課,2024,202411,3Q,400002,制作収入,S005,確定,459962023,468605921
20240215,博報堂,デジタル統括,財務経理部,運用課,2023,202402,4Q,100002,売上原価,S005,確定,173058044,165266143
20230516,博報堂,デジタル統括,財務経理部,企画課,2023,202305,1Q,200003,減価償却費,S005,確定,288655692,220056326
20231006,読売広告社,メディア統括,第二営業部,運用課,2023,202310,3Q,400003,コンサルティング収入,S002,特別,351192301,429840422
20230407,読売広告社,クリエイティブ統括,総務部,第一課,2023,202304,1Q,400002,制作収入,S001,通常,429519795,363795313
20230811,大広,クリエイティブ統括,メディアプランニング部,企画課,2023,202308,2Q,300001,営業利益,S001,通常,155256081,116938742
20230601,大広,メディア統括,人事部,第三課,2023,202306,1Q,400002,制作収入,S001,通常,48786740,38586747
20250209,博報堂,営業統括,経営企画部,第三課,2024,202502,4Q,400003,コンサルティング収入,S001,通常,436778982,464784449
20231008,博報堂プロダクツ,デジタル統括,第一営業部,第三課,2023,202310,3Q,400001,媒体手数料収入,S002,特別,192179392,237549100
20230626,博報堂プロダクツ,営業統括,デジタルマーケティング部,運用課,2023,202306,1Q,500002,媒体社リベート,S002,特別,657939075,494315094
20230517,読売広告社,クリエイティブ統括,メディアプランニング部,推進課,2023,202305,1Q,300002,経常利益,S005,確定,285508445,234035908
20240923,博報堂DYメディアパートナーズ,デジタル統括,第二営業部,第一課,2024,202409,2Q,300002,経常利益,S003,調整,145584636,186882327
20230401,博報堂,営業統括,財務経理部,開発課,2023,202304,1Q,500002,媒体社リベート,S002,特別,649781074,495283545
20230504,大広,管理統括,第一営業部,推進課,2023,202305,1Q,300002,経常利益,S001,通常,103796943,111592887
20241024,博報堂,営業統括,人事部,推進課,2024,202410,3Q,500001,広告主負担金,S004,見込,448233249,354897370
20230821,博報堂,管理統括,第一営業部,開発課,2023,202308,2Q,500002,媒体社リベート,S004,見込,2646837,2202294
20241212,博報堂プロダクツ,メディア統括,メディアプランニング部,第三課,2024,202412,3Q,400003,コンサルティング収入,S001,通常,399165573,422141881
20240617,読売広告社,管理統括,メディアプランニング部,第一課,2024,202406,1Q,100001,売上高,S001,通常,48243998,45659391
20240604,大広,デジタル統括,第二営業部,第一課,2024,202406,1Q,300002,経常利益,S001,通常,2240562,2394596
20250323,博報堂プロダクツ,メディア統括,財務経理部,運用課,2024,202503,4Q,400002,制作収入,S003,調整,302243334,219058022
20240419,博報堂DYメディアパートナーズ,デジタル統括,クリエイティブ部,推進課,2024,202404,1Q,300002,経常利益,S002,特別,542198061,444830769
20230518,博報堂DYメディアパートナーズ,営業統括,経営企画部,開発課,2023,202305,1Q,200003,減価償却費,S004,見込,302868372,461643876
20230507,読売広告社,デジタル統括,第一営業部,運用課,2023,202305,1Q,100001,売上高,S004,見込,206812395,238386245
20240916,大広,メディア統括,デジタルマーケティング部,第二課,2024,202409,2Q,400001,媒体手数料収入,S005,確定,461925840,380922209
20240412,博報堂DYメディアパートナーズ,クリエイティブ統括,第一営業部,推進課,2024,202404,1Q,100001,売上高,S001,通常,22121760,21838391
20240127,大広,営業統括,デジタルマーケティング部,管理課,2023,202401,4Q,100001,売上高,S005,確定,86750079,73013140
20240618,博報堂DYメディアパートナーズ,デジタル統括,デジタルマーケティング部,第三課,2024,202406,1Q,100003,売上総利益,S002,特別,170054904,122928842
20230412,大広,メディア統括,第一営業部,第三課,2023,202304,1Q,100003,売上総利益,S001,通常,132102634,155665745
20240803,博報堂,クリエイティブ統括,メディアプランニング部,第一課,2024,202408,2Q,100002,売上原価,S005,確定,95537395,73650935
20241115,読売広告社,営業統括,第二営業部,管理課,2024,202411,3Q,200003,減価償却費,S004,見込,21701442,18906082
20231219,博報堂プロダクツ,営業統括,総務部,第三課,2023,202312,3Q,200001,人件費,S003,調整,18817598,13490062
20250308,読売広告社,デジタル統括,財務経理部,第二課,2024,202503,4Q,400003,コンサルティング収入,S005,確定,449009640,325548924
20240824,博報堂,管理統括,人事部,第二課,2024,202408,2Q,300001,営業利益,S001,通常,126006175,134206624
20240523,博報堂DYメディアパートナーズ,営業統括,財務経理部,企画課,2024,202405,1Q,500001,広告主負担金,S005,確定,453424354,398392514
20250220,読売広告社,管理統括,メディアプランニング部,開発課,2024,202502,4Q,200001,人件費,S003,調整,14983267,11455720
20250123,大広,管理統括,制作部,企画課,2024,202501,4Q,300002,経常利益,S002,特別,312603854,471366229
20241222,博報堂DYメディアパートナーズ,営業統括,財務経理部,第二課,2024,202412,3Q,400003,コンサルティング収入,S002,特別,404129421,482235560
20240623,読売広告社,デジタル統括,制作部,第二課,2024,202406,1Q,400003,コンサルティング収入,S002,特別,90305295,93437046
20240215,博報堂,デジタル統括,財務経理部,開発課,2023,202402,4Q,400001,媒体手数料収入,S003,調整,182262101,296420108
20230906,読売広告社,営業統括,経営企画部,推進課,2023,202309,2Q,400001,媒体手数料収入,S005,確定,26566011,40989679
20231125,博報堂DYメディアパートナーズ,管理統括,第二営業部,推進課,2023,202311,3Q,400003,コンサルティング収入,S004,見込,194315405,227352426
20240813,読売広告社,デジタル統括,メディアプランニング部,第三課,2024,202408,2Q,200001,人件費,S002,特別,20475563,21510660
20240403,博報堂DYメディアパートナーズ,営業統括,制作部,第二課,2024,202404,1Q,500002,媒体社リベート,S004,見込,181064560,163869012
20230405,読売広告社,管理統括,メディアプランニング部,第三課,2023,202304,1Q,400002,制作収入,S005,確定,115973259,145740178
20230624,博報堂DYメディアパートナーズ,営業統括,デジタルマーケティング部,開発課,2023,202306,1Q,200002,経費,S002,特別,30268352,28418379
20250120,博報堂,クリエイティブ統括,クリエイティブ部,第二課,2024,202501,4Q,300001,営業利益,S005,確定,349534879,369677999
20231110,大広,営業統括,経営企画部,管理課,2023,202311,3Q,100001,売上高,S001,通常,65571222,57408871
20240228,博報堂プロダクツ,デジタル統括,デジタルマーケティング部,第三課,2023,202402,4Q,300002,経常利益,S002,特別,30737980,27309978
20240715,大広,管理統括,第二営業部,管理課,2024,202407,2Q,200001,人件費,S001,通常,68534208,54664992
20240811,読売広告社,管理統括,第二営業部,管理課,2024,202408,2Q,300002,経常利益,S003,調整,189020696,151442539
20250303,博報堂DYメディアパートナーズ,営業統括,人事部,推進課,2024,202503,4Q,400003,コンサルティング収入,S001,通常,254628638,335449971
20231207,博報堂,メディア統括,クリエイティブ部,推進課,2023,202312,3Q,500002,媒体社リベート,S003,調整,90239630,98671350
20240524,大広,デジタル統括,第一営業部,第三課,2024,202405,1Q,300001,営業利益,S004,見込,257090989,335482637
20241008,読売広告社,管理統括,第二営業部,推進課,2024,202410,3Q,400002,制作収入,S002,特別,54793785,66958392
20240614,博報堂,営業統括,クリエイティブ部,開発課,2024,202406,1Q,100002,売上原価,S002,特別,69178749,85510825
20240307,博報堂プロダクツ,メディア統括,制作部,第二課,2023,202403,4Q,100002,売上原価,S001,通常,321395527,323434182
20240907,博報堂プロダクツ,クリエイティブ統括,制作部,企画課,2024,202409,2Q,200002,経費,S002,特別,95791362,70413371
20240826,博報堂,メディア統括,総務部,運用課,2024,202408,2Q,200003,減価償却費,S002,特別,72466220,90026110
20230627,博報堂DYメディアパートナーズ,デジタル統括,クリエイティブ部,開発課,2023,202306,1Q,200002,経費,S003,調整,476957204,352091698
20231115,博報堂DYメディアパートナーズ,クリエイティブ統括,財務経理部,企画課,2023,202311,3Q,300002,経常利益,S001,通常,522217268,379427257
20241105,読売広告社,メディア統括,メディアプランニング部,推進課,2024,202411,3Q,500001,広告主負担金,S001,通常,415072649,314661874
20250309,博報堂DYメディアパートナーズ,デジタル統括,メディアプランニング部,開発課,2024,202503,4Q,300001,営業利益,S004,見込,377775490,372894884
20250315,博報堂DYメディアパートナーズ,クリエイティブ統括,財務経理部,推進課,2024,202503,4Q,400003,コンサルティング収入,S003,調整,397667400,318868556
20250320,読売広告社,営業統括,第一営業部,第二課,2024,202503,4Q,400003,コンサルティング収入,S003,調整,282901210,248111057
20240422,博報堂,デジタル統括,制作部,第三課,2024,202404,1Q,200001,人件費,S005,確定,457393858,436767369
20250127,大広,管理統括,総務部,第三課,2024,202501,4Q,400001,媒体手数料収入,S005,確定,247016030,341422362
20231225,博報堂,営業統括,メディアプランニング部,第二課,2023,202312,3Q,500002,媒体社リベート,S001,通常,554726429,411416161
20240816,博報堂プロダクツ,デジタル統括,財務経理部,第三課,2024,202408,2Q,400002,制作収入,S003,調整,203713391,284521191
20240419,読売広告社,メディア統括,財務経理部,第一課,2024,202404,1Q,100001,売上高,S003,調整,131623505,94730656
20231004,読売広告社,デジタル統括,第一営業部,推進課,2023,202310,3Q,400003,コンサルティング収入,S002,特別,439223118,388006689
20230926,博報堂DYメディアパートナーズ,営業統括,制作部,推進課,2023,202309,2Q,200003,減価償却費,S001,通常,7970946,12313610
20240825,読売広告社,営業統括,第二営業部,開発課,2024,202408,2Q,200003,減価償却費,S004,見込,521164579,467175516
20241216,博報堂,デジタル統括,クリエイティブ部,推進課,2024,202412,3Q,300002,経常利益,S003,調整,57111213,51067043
20240504,博報堂DYメディアパートナーズ,クリエイティブ統括,財務経理部,運用課,2024,202405,1Q,300001,営業利益,S001,通常,43646776,48973313
20240926,大広,クリエイティブ統括,メディアプランニング部,管理課,2024,202409,2Q,200002,経費,S001,通常,384960832,439345392
20240525,大広,営業統括,第二営業部,第一課,2024,202405,1Q,200003,減価償却費,S001,通常,343501281,331569713
20241220,博報堂プロダクツ,メディア統括,経営企画部,第二課,2024,202412,3Q,300001,営業利益,S002,特別,301963196,406596520
20240113,読売広告社,クリエイティブ統括,経営企画部,管理課,2023,202401,4Q,300001,営業利益,S003,調整,122504649,142676147
20240411,博報堂プロダクツ,デジタル統括,経営企画部,第三課,2024,202404,1Q,100001,売上高,S005,確定,14105514,10902706
20230503,博報堂プロダクツ,営業統括,クリエイティブ部,開発課,2023,202305,1Q,100003,売上総利益,S004,見込,305002045,222331738
20230504,博報堂プロダクツ,メディア統括,制作部,第二課,2023,202305,1Q,100002,売上原価,S003,調整,410155436,293261177
20250217,読売広告社,デジタル統括,第二営業部,第二課,2024,202502,4Q,200001,人件費,S004,見込,472281359,406666218
20240315,博報堂DYメディアパートナーズ,管理統括,クリエイティブ部,第一課,2023,202403,4Q,300001,営業利益,S002,特別,360374988,439672206
20240724,博報堂プロダクツ,管理統括,第一営業部,開発課,2024,202407,2Q,500001,広告主負担金,S005,確定,20798193,22351833
20230508,大広,デジタル統括,制作部,第三課,2023,202305,1Q,200003,減価償却費,S002,特別,154418848,160202902
20230505,大広,クリエイティブ統括,経営企画部,企画課,2023,202305,1Q,200002,経費,S001,通常,2528309,3393053
20240314,博報堂プロダクツ,クリエイティブ統括,デジタルマーケティング部,企画課,2023,202403,4Q,100001,売上高,S002,特別,191133521,225833707
20240314,大広,管理統括,経営企画部,第一課,2023,202403,4Q,100001,売上高,S003,調整,198756073,208104253
20230511,読売広告社,営業統括,メディアプランニング部,第二課,2023,202305,1Q,400001,媒体手数料収入,S002,特別,320535714,305807115
20230725,大広,メディア統括,財務経理部,管理課,2023,202307,2Q,400003,コンサルティング収入,S004,見込,174140554,261332141
20230423,博報堂プロダクツ,メディア統括,人事部,第三課,2023,202304,1Q,400003,コンサルティング収入,S001,通常,60775582,73598943
20230603,大広,メディア統括,デジタルマーケティング部,第一課,2023,202306,1Q,100001,売上高,S005,確定,70398129,58705674
20240814,大広,営業統括,メディアプランニング部,第一課,2024,202408,2Q,300001,営業利益,S003,調整,508525339,418861138
20250308,読売広告社,営業統括,第二営業部,管理課,2024,202503,4Q,300001,営業利益,S001,通常,194247678,239778613
20240217,読売広告社,管理統括,第一営業部,第三課,2023,202402,4Q,300001,営業利益,S004,見込,430435289,480444066
20240113,読売広告社,クリエイティブ統括,デジタルマーケティング部,推進課,2023,202401,4Q,500001,広告主負担金,S004,見込,294498234,484058880
20230611,博報堂DYメディアパートナーズ,管理統括,人事部,第三課,2023,202306,1Q,500002,媒体社リベート,S002,特別,116535853,95576819
20231003,博報堂プロダクツ,メディア統括,制作部,企画課,2023,202310,3Q,200003,減価償却費,S005,確定,520977451,386117074
20250309,博報堂プロダクツ,デジタル統括,第二営業部,管理課,2024,202503,4Q,500001,広告主負担金,S005,確定,333263784,337433307
20240311,博報堂,管理統括,総務部,運用課,2023,202403,4Q,500001,広告主負担金,S001,通常,594198561,466643505
20230704,博報堂プロダクツ,デジタル統括,第二営業部,推進課,2023,202307,2Q,200001,人件費,S005,確定,53121524,47987531
20241117,大広,営業統括,第一営業部,企画課,2024,202411,3Q,200002,経費,S003,調整,220805274,188675466
20231006,大広,デジタル統括,メディアプランニング部,推進課,2023,202310,3Q,400001,媒体手数料収入,S003,調整,92530380,119836314
20250325,博報堂プロダクツ,管理統括,経営企画部,企画課,2024,202503,4Q,500001,広告主負担金,S003,調整,303719346,385868055
20230615,博報堂DYメディアパートナーズ,メディア統括,第二営業部,第二課,2023,202306,1Q,100003,売上総利益,S005,確定,404162245,324360069
20231210,大広,デジタル統括,デジタルマーケティング部,第三課,2023,202312,3Q,400003,コンサルティング収入,S003,調整,523420433,458320606
20230617,大広,メディア統括,デジタルマーケティング部,第三課,2023,202306,1Q,200002,経費,S001,通常,350309896,366863542
20250101,博報堂,管理統括,総務部,運用課,2024,202501,4Q,400001,媒体手数料収入,S005,確定,262013797,189341301
20240116,博報堂,クリエイティブ統括,第二営業部,第一課,2023,202401,4Q,200003,減価償却費,S005,確定,423698276,469647018
20241016,博報堂,営業統括,メディアプランニング部,企画課,2024,202410,3Q,200001,人件費,S005,確定,155491855,254408327
20230924,博報堂DYメディアパートナーズ,クリエイティブ統括,制作部,第一課,2023,202309,2Q,100002,売上原価,S004,見込,34848071,52828529
20250309,博報堂,管理統括,第二営業部,推進課,2024,202503,4Q,500001,広告主負担金,S001,通常,274584214,214617909
20240616,博報堂DYメディアパートナーズ,デジタル統括,メディアプランニング部,推進課,2024,202406,1Q,100002,売上原価,S001,通常,585089243,466897769
20240517,博報堂DYメディアパートナーズ,メディア統括,制作部,推進課,2024,202405,1Q,300001,営業利益,S005,確定,254482584,294594378
20250127,博報堂,メディア統括,デジタルマーケティング部,運用課,2024,202501,4Q,500002,媒体社リベート,S002,特別,541156303,451171401
20230713,博報堂DYメディアパートナーズ,メディア統括,制作部,第三課,2023,202307,2Q,100001,売上高,S003,調整,330962412,436306177
20240406,博報堂プロダクツ,メディア統括,第一営業部,企画課,2024,202404,1Q,500001,広告主負担金,S005,確定,504013539,491527208
20240408,博報堂DYメディアパートナーズ,管理統括,経営企画部,管理課,2024,202404,1Q,100002,売上原価,S001,通常,213518274,273771133
20240109,博報堂プロダクツ,メディア統括,第一営業部,企画課,2023,202401,4Q,100001,売上高,S005,確定,61045732,62101163
20230801,博報堂,メディア統括,制作部,第二課,2023,202308,2Q,400001,媒体手数料収入,S001,通常,17615209,15105582
20230407,大広,デジタル統括,人事部,第三課,2023,202304,1Q,200001,人件費,S002,特別,167625670,127261748
20231105,博報堂,メディア統括,人事部,第三課,2023,202311,3Q,200003,減価償却費,S005,確定,170102810,215209800
20231015,大広,クリエイティブ統括,財務経理部,管理課,2023,202310,3Q,500002,媒体社リベート,S004,見込,18191111,15712734
20231003,博報堂,営業統括,総務部,第二課,2023,202310,3Q,500001,広告主負担金,S005,確定,127651655,199105960
20241215,博報堂プロダクツ,営業統括,人事部,第三課,2024,202412,3Q,200001,人件費,S004,見込,378444256,420963638
20230901,博報堂プロダクツ,クリエイティブ統括,財務経理部,開発課,2023,202309,2Q,400002,制作収入,S003,調整,239306114,191186033
20231121,読売広告社,管理統括,デジタルマーケティング部,第三課,2023,202311,3Q,100002,売上原価,S001,通常,489761854,355533961
20230603,博報堂DYメディアパートナーズ,営業統括,メディアプランニング部,開発課,2023,202306,1Q,100002,売上原価,S001,通常,302388731,318554959
20240623,博報堂プロダクツ,デジタル統括,デジタルマーケティング部,第一課,2024,202406,1Q,400003,コンサルティング収入,S001,通常,233833457,272009973
20250108,大広,メディア統括,クリエイティブ部,企画課,2024,202501,4Q,200001,人件費,S005,確定,391275669,423681854
20241111,博報堂,デジタル統括,人事部,第一課,2024,202411,3Q,300002,経常利益,S001,通常,57790840,44466603
20250218,読売広告社,営業統括,経営企画部,運用課,2024,202502,4Q,400001,媒体手数料収入,S004,見込,136253257,172637650
20250213,読売広告社,デジタル統括,総務部,開発課,2024,202502,4Q,300001,営業利益,S005,確定,296978650,218348613
20241103,博報堂DYメディアパートナーズ,管理統括,人事部,第三課,2024,202411,3Q,200001,人件費,S001,通常,346228881,274570152
20240828,博報堂プロダクツ,管理統括,クリエイティブ部,企画課,2024,202408,2Q,400002,制作収入,S001,通常,105161309,87268486
20241209,大広,営業統括,メディアプランニング部,開発課,2024,202412,3Q,500002,媒体社リベート,S005,確定,2940359,2709292
20230626,大広,営業統括,人事部,第三課,2023,202306,1Q,400003,コンサルティング収入,S004,見込,277015000,342968710
20240703,博報堂DYメディアパートナーズ,デジタル統括,第二営業部,開発課,2024,202407,2Q,300001,営業利益,S003,調整,438198048,464599387
20241210,博報堂プロダクツ,クリエイティブ統括,デジタルマーケティング部,第二課,2024,202412,3Q,500002,媒体社リベート,S005,確定,114299289,99556795
20250306,博報堂DYメディアパートナーズ,クリエイティブ統括,メディアプランニング部,運用課,2024,202503,4Q,400003,コンサルティング収入,S005,確定,287345202,351905392
20240922,博報堂DYメディアパートナーズ,メディア統括,第一営業部,管理課,2024,202409,2Q,500002,媒体社リベート,S003,調整,104156274,143589761
20250221,博報堂DYメディアパートナーズ,管理統括,第二営業部,開発課,2024,202502,4Q,200001,人件費,S001,通常,311148175,226668140
20241124,博報堂,営業統括,デジタルマーケティング部,第一課,2024,202411,3Q,100002,売上原価,S002,特別,351586111,473076954
20230824,大広,営業統括,財務経理部,開発課,2023,202308,2Q,100002,売上原価,S001,通常,290809177,233911044
20240928,博報堂DYメディアパートナーズ,デジタル統括,人事部,第二課,2024,202409,2Q,500001,広告主負担金,S001,通常,172080317,146318731
20230803,博報堂プロダクツ,管理統括,第二営業部,第三課,2023,202308,2Q,500002,媒体社リベート,S005,確定,491400878,440119895
20231202,博報堂,メディア統括,メディアプランニング部,第三課,2023,202312,3Q,500001,広告主負担金,S003,調整,426584628,458766104
20240720,読売広告社,営業統括,第一営業部,第一課,2024,202407,2Q,400001,媒体手数料収入,S003,調整,298770507,438922489
20230724,大広,管理統括,経営企画部,推進課,2023,202307,2Q,300001,営業利益,S001,通常,121706517,199392265
20240320,博報堂プロダクツ,クリエイティブ統括,デジタルマーケティング部,運用課,2023,202403,4Q,400003,コンサルティング収入,S003,調整,17841286,17402031
20250109,大広,クリエイティブ統括,制作部,推進課,2024,202501,4Q,300002,経常利益,S003,調整,30128939,43465093
20230620,博報堂プロダクツ,デジタル統括,第一営業部,第一課,2023,202306,1Q,500001,広告主負担金,S004,見込,452964758,486096972
20230902,博報堂プロダクツ,管理統括,クリエイティブ部,開発課,2023,202309,2Q,200002,経費,S004,見込,244306645,180771206
20230714,読売広告社,デジタル統括,クリエイティブ部,第一課,2023,202307,2Q,500002,媒体社リベート,S005,確定,422646904,325647994
20250322,博報堂プロダクツ,クリエイティブ統括,デジタルマーケティング部,管理課,2024,202503,4Q,100002,売上原価,S003,調整,588473303,494417065
20240708,読売広告社,クリエイティブ統括,第二営業部,開発課,2024,202407,2Q,500001,広告主負担金,S001,通常,312669915,449066124
20240114,博報堂プロダクツ,クリエイティブ統括,デジタルマーケティング部,第三課,2023,202401,4Q,400003,コンサルティング収入,S002,特別,54559522,53632388
20230501,博報堂,デジタル統括,総務部,管理課,2023,202305,1Q,300002,経常利益,S005,確定,570562147,479057349
20241119,博報堂DYメディアパートナーズ,営業統括,財務経理部,推進課,2024,202411,3Q,400002,制作収入,S003,調整,102592086,111351746
20230710,読売広告社,営業統括,総務部,管理課,2023,202307,2Q,200001,人件費,S005,確定,269733838,227806781
20240916,大広,クリエイティブ統括,デジタルマーケティング部,企画課,2024,202409,2Q,200003,減価償却費,S001,通常,55512153,73955403
20231018,読売広告社,メディア統括,総務部,管理課,2023,202310,3Q,500002,媒体社リベート,S003,調整,104965151,112128874
20240809,読売広告社,デジタル統括,第一営業部,第三課,2024,202408,2Q,400003,コンサルティング収入,S001,通常,370573697,443494908
20240609,博報堂プロダクツ,クリエイティブ統括,財務経理部,開発課,2024,202406,1Q,100003,売上総利益,S003,調整,387406153,498460065
20241101,博報堂,デジタル統括,経営企画部,第三課,2024,202411,3Q,400002,制作収入,S002,特別,411377322,420246106
20250324,博報堂プロダクツ,メディア統括,制作部,企画課,2024,202503,4Q,200003,減価償却費,S003,調整,357098064,422241940
20230416,読売広告社,クリエイティブ統括,クリエイティブ部,管理課,2023,202304,1Q,200002,経費,S001,通常,278042940,357307094
20240520,大広,管理統括,クリエイティブ部,開発課,2024,202405,1Q,100001,売上高,S001,通常,451546286,499062552
20240715,博報堂DYメディアパートナーズ,メディア統括,クリエイティブ部,第一課,2024,202407,2Q,200003,減価償却費,S003,調整,63350415,49159663
20250207,読売広告社,管理統括,制作部,運用課,2024,202502,4Q,100003,売上総利益,S001,通常,648829373,478170281
20241219,博報堂,デジタル統括,デジタルマーケティング部,運用課,2024,202412,3Q,400003,コンサルティング収入,S005,確定,382728699,449297408
20230616,大広,営業統括,制作部,開発課,2023,202306,1Q,200003,減価償却費,S002,特別,163549891,142293634
20250107,博報堂DYメディアパートナーズ,営業統括,第二営業部,第一課,2024,202501,4Q,500001,広告主負担金,S002,特別,25081873,37970517
20240701,博報堂プロダクツ,クリエイティブ統括,第一営業部,管理課,2024,202407,2Q,100003,売上総利益,S004,見込,298867478,311843247
20250128,博報堂DYメディアパートナーズ,管理統括,第二営業部,管理課,2024,202501,4Q,500001,広告主負担金,S002,特別,59098280,54664421
20230803,博報堂,デジタル統括,メディアプランニング部,推進課,2023,202308,2Q,100002,売上原価,S004,見込,450115810,391340680
20240418,博報堂プロダクツ,クリエイティブ統括,第一営業部,推進課,2024,202404,1Q,400001,媒体手数料収入,S005,確定,386238554,479649884
20230717,博報堂DYメディアパートナーズ,メディア統括,クリエイティブ部,第一課,2023,202307,2Q,400002,制作収入,S003,調整,355394586,255981635
20240516,博報堂プロダクツ,管理統括,メディアプランニング部,第三課,2024,202405,1Q,400003,コンサルティング収入,S003,調整,358543055,277402752
20231108,博報堂DYメディアパートナーズ,デジタル統括,第一営業部,第一課,2023,202311,3Q,400002,制作収入,S002,特別,203085766,267674435
20250308,大広,管理統括,メディアプランニング部,推進課,2024,202503,4Q,100001,売上高,S004,見込,317514957,269456217
20240218,博報堂,デジタル統括,総務部,第一課,2023,202402,4Q,300002,経常利益,S005,確定,412844241,326982280
20250122,大広,管理統括,デジタルマーケティング部,推進課,2024,202501,4Q,400002,制作収入,S004,見込,278717726,304874595
20240508,博報堂,管理統括,財務経理部,企画課,2024,202405,1Q,100002,売上原価,S005,確定,80564365,81138953
20230407,読売広告社,管理統括,第二営業部,第一課,2023,202304,1Q,500001,広告主負担金,S003,調整,225895561,351385293
20230826,大広,営業統括,第一営業部,開発課,2023,202308,2Q,400001,媒体手数料収入,S002,特別,124284841,93602706
20250111,博報堂,営業統括,人事部,推進課,2024,202501,4Q,400001,媒体手数料収入,S005,確定,95880974,112060977
20240209,博報堂プロダクツ,デジタル統括,第二営業部,運用課,2023,202402,4Q,400002,制作収入,S001,通常,443005924,404359858
20250202,博報堂,クリエイティブ統括,経営企画部,開発課,2024,202502,4Q,100002,売上原価,S003,調整,52369704,45341142
20240810,大広,営業統括,人事部,第一課,2024,202408,2Q,500001,広告主負担金,S003,調整,68118621,67501203
20240523,博報堂DYメディアパートナーズ,クリエイティブ統括,第二営業部,開発課,2024,202405,1Q,100002,売上原価,S004,見込,181230324,207868498
20230806,博報堂,クリエイティブ統括,人事部,第一課,2023,202308,2Q,300001,営業利益,S002,特別,323438009,305720434
20230602,博報堂プロダクツ,メディア統括,第二営業部,第三課,2023,202306,1Q,400003,コンサルティング収入,S002,特別,57541660,43686208
20231207,読売広告社,営業統括,財務経理部,第一課,2023,202312,3Q,300001,営業利益,S001,通常,620353261,460527690
20230826,博報堂DYメディアパートナーズ,クリエイティブ統括,経営企画部,企画課,2023,202308,2Q,300001,営業利益,S001,通常,240744283,206783426
20250209,大広,クリエイティブ統括,人事部,第一課,2024,202502,4Q,400003,コンサルティング収入,S005,確定,249093953,221632309
20231223,大広,クリエイティブ統括,総務部,運用課,2023,202312,3Q,400003,コンサルティング収入,S001,通常,329535142,237114455
20230801,大広,営業統括,第一営業部,管理課,2023,202308,2Q,200001,人件費,S005,確定,72352183,108965773
20230815,大広,クリエイティブ統括,経営企画部,第二課,2023,202308,2Q,100003,売上総利益,S003,調整,123203996,158250802
20231213,読売広告社,管理統括,総務部,運用課,2023,202312,3Q,400002,制作収入,S004,見込,211234028,151919878
20241116,博報堂,管理統括,総務部,管理課,2024,202411,3Q,500002,媒体社リベート,S001,通常,156236613,141871674
20240610,読売広告社,管理統括,第二営業部,管理課,2024,202406,1Q,200003,減価償却費,S004,見込,461772736,362956204
20250309,大広,管理統括,デジタルマーケティング部,管理課,2024,202503,4Q,300001,営業利益,S002,特別,305999218,263392977
20231014,博報堂DYメディアパートナーズ,クリエイティブ統括,経営企画部,運用課,2023,202310,3Q,100002,売上原価,S001,通常,17146375,19628164
20240905,博報堂,デジタル統括,経営企画部,第三課,2024,202409,2Q,500001,広告主負担金,S005,確定,107174245,100021900
20230823,博報堂DYメディアパートナーズ,クリエイティブ統括,第一営業部,企画課,2023,202308,2Q,100001,売上高,S003,調整,130941668,189619628
20231026,博報堂プロダクツ,メディア統括,第一営業部,運用課,2023,202310,3Q,400002,制作収入,S002,特別,200241571,182181530
20230523,博報堂,営業統括,経営企画部,運用課,2023,202305,1Q,200003,減価償却費,S005,確定,112830103,111485443
20240515,博報堂プロダクツ,管理統括,経営企画部,第三課,2024,202405,1Q,100003,売上総利益,S004,見込,179312874,247615107
20250312,大広,営業統括,経営企画部,第二課,2024,202503,4Q,300001,営業利益,S002,特別,343095938,478600033
20241118,読売広告社,管理統括,経営企画部,推進課,2024,202411,3Q,200002,経費,S002,特別,309170412,353467406
20240815,大広,メディア統括,第二営業部,開発課,2024,202408,2Q,300002,経常利益,S001,通常,148307074,136821073
20231225,博報堂,クリエイティブ統括,人事部,企画課,2023,202312,3Q,100002,売上原価,S002,特別,268570535,230283587
20230723,博報堂DYメディアパートナーズ,メディア統括,財務経理部,運用課,2023,202307,2Q,100003,売上総利益,S003,調整,65756505,71498444
20240704,博報堂プロダクツ,管理統括,第二営業部,管理課,2024,202407,2Q,500002,媒体社リベート,S002,特別,530656360,455864372
20231205,博報堂DYメディアパートナーズ,デジタル統括,第二営業部,管理課,2023,202312,3Q,300002,経常利益,S005,確定,3529828,3722727
20241122,博報堂DYメディアパートナーズ,管理統括,人事部,開発課,2024,202411,3Q,100002,売上原価,S001,通常,511008167,373925070
20250105,博報堂プロダクツ,営業統括,第二営業部,企画課,2024,202501,4Q,300001,営業利益,S004,見込,451705002,338151253
20230812,博報堂DYメディアパートナーズ,管理統括,財務経理部,企画課,2023,202308,2Q,200001,人件費,S005,確定,176281183,241834069
20241222,大広,営業統括,デジタルマーケティング部,第三課,2024,202412,3Q,100002,売上原価,S003,調整,270017717,348258370
20240828,博報堂,メディア統括,制作部,管理課,2024,202408,2Q,100001,売上高,S001,通常,462854325,405956069
20230816,博報堂,クリエイティブ統括,クリエイティブ部,開発課,2023,202308,2Q,400003,コンサルティング収入,S005,確定,364874972,447186897
20240610,読売広告社,クリエイティブ統括,制作部,運用課,2024,202406,1Q,200003,減価償却費,S002,特別,367471294,424104145
20240709,大広,営業統括,デジタルマーケティング部,企画課,2024,202407,2Q,200003,減価償却費,S005,確定,3522219,3446185
20240718,博報堂,営業統括,総務部,運用課,2024,202407,2Q,100003,売上総利益,S003,調整,483738878,485944293
20231023,博報堂,メディア統括,経営企画部,第二課,2023,202310,3Q,100002,売上原価,S004,見込,356773622,377799748
20241125,博報堂,管理統括,制作部,企画課,2024,202411,3Q,500001,広告主負担金,S001,通常,267142415,203312402
20250208,博報堂DYメディアパートナーズ,管理統括,人事部,運用課,2024,202502,4Q,300002,経常利益,S002,特別,363857721,263045789
20230826,博報堂DYメディアパートナーズ,管理統括,デジタルマーケティング部,管理課,2023,202308,2Q,200002,経費,S002,特別,572009075,485992013
20230415,読売広告社,デジタル統括,クリエイティブ部,第二課,2023,202304,1Q,100001,売上高,S002,特別,151287239,175796627
20241002,大広,営業統括,メディアプランニング部,企画課,2024,202410,3Q,500002,媒体社リベート,S001,通常,355801831,338209212
20240608,大広,メディア統括,メディアプランニング部,推進課,2024,202406,1Q,100001,売上高,S003,調整,276693240,389266780
20240706,博報堂プロダクツ,営業統括,第一営業部,運用課,2024,202407,2Q,500002,媒体社リベート,S004,見込,422973521,449113702
20240115,博報堂プロダクツ,営業統括,人事部,第一課,2023,202401,4Q,200003,減価償却費,S005,確定,290272719,447667850
20240621,博報堂プロダクツ,デジタル統括,財務経理部,運用課,2024,202406,1Q,400002,制作収入,S005,確定,636000040,488237171
20240428,博報堂プロダクツ,クリエイティブ統括,第二営業部,第三課,2024,202404,1Q,200001,人件費,S003,調整,137611136,109890606
20240808,博報堂,メディア統括,人事部,開発課,2024,202408,2Q,400002,制作収入,S003,調整,472520523,388578520
20230903,大広,管理統括,人事部,第二課,2023,202309,2Q,300002,経常利益,S003,調整,97423626,92681279
20230728,大広,デジタル統括,デジタルマーケティング部,運用課,2023,202307,2Q,400002,制作収入,S001,通常,25042045,19233527
20250220,大広,営業統括,メディアプランニング部,推進課,2024,202502,4Q,200001,人件費,S001,通常,249347927,284892882
20231024,大広,管理統括,総務部,第二課,2023,202310,3Q,300001,営業利益,S002,特別,404540753,467998103
20230804,読売広告社,メディア統括,人事部,推進課,2023,202308,2Q,300002,経常利益,S002,特別,401930152,314387369
20240703,博報堂DYメディアパートナーズ,営業統括,第二営業部,第二課,2024,202407,2Q,200002,経費,S004,見込,538783452,454190701
20230412,大広,営業統括,財務経理部,推進課,2023,202304,1Q,500002,媒体社リベート,S002,特別,395184005,313978638
20230517,博報堂,メディア統括,経営企画部,管理課,2023,202305,1Q,100001,売上高,S005,確定,49072490,35378203
20241013,読売広告社,メディア統括,クリエイティブ部,第一課,2024,202410,3Q,100001,売上高,S001,通常,320039976,369373445
20231015,博報堂DYメディアパートナーズ,管理統括,人事部,管理課,2023,202310,3Q,200003,減価償却費,S004,見込,149774585,145506378
20230814,大広,管理統括,財務経理部,開発課,2023,202308,2Q,400003,コンサルティング収入,S003,調整,220437869,164845678
20241013,博報堂DYメディアパートナーズ,メディア統括,クリエイティブ部,第一課,2024,202410,3Q,400003,コンサルティング収入,S002,特別,378911376,303723411
20240502,博報堂プロダクツ,クリエイティブ統括,総務部,企画課,2024,202405,1Q,400003,コンサルティング収入,S005,確定,42788815,50416147
20240401,博報堂DYメディアパートナーズ,クリエイティブ統括,第二営業部,第二課,2024,202404,1Q,200001,人件費,S004,見込,186169005,172474035
20250219,博報堂プロダクツ,営業統括,デジタルマーケティング部,第一課,2024,202502,4Q,100001,売上高,S001,通常,286030699,378289040
20240807,読売広告社,メディア統括,経営企画部,第三課,2024,202408,2Q,100001,売上高,S001,通常,258556605,398583061
20230504,読売広告社,クリエイティブ統括,人事部,第二課,2023,202305,1Q,300002,経常利益,S002,特別,132017096,197198565
20230817,博報堂,営業統括,メディアプランニング部,開発課,2023,202308,2Q,400002,制作収入,S005,確定,90541633,75810182
20230510,博報堂プロダクツ,管理統括,財務経理部,第三課,2023,202305,1Q,100001,売上高,S004,見込,333894651,403365277
20231009,博報堂DYメディアパートナーズ,メディア統括,経営企画部,第一課,2023,202310,3Q,100001,売上高,S001,通常,165855680,134096012
20240925,大広,デジタル統括,総務部,運用課,2024,202409,2Q,100002,売上原価,S004,見込,219934879,229269892
20241020,博報堂DYメディアパートナーズ,メディア統括,人事部,開発課,2024,202410,3Q,100002,売上原価,S004,見込,8660639,8650341
20240324,読売広告社,管理統括,第一営業部,開発課,2023,202403,4Q,300002,経常利益,S002,特別,437772795,459475369
20241001,博報堂プロダクツ,営業統括,財務経理部,開発課,2024,202410,3Q,400003,コンサルティング収入,S005,確定,452117021,488966950
20241222,博報堂,デジタル統括,総務部,第三課,2024,202412,3Q,300002,経常利益,S003,調整,28982509,45221646
20231010,博報堂DYメディアパートナーズ,メディア統括,メディアプランニング部,運用課,2023,202310,3Q,500001,広告主負担金,S001,通常,21049020,26210522
20231121,博報堂DYメディアパートナーズ,営業統括,経営企画部,第二課,2023,202311,3Q,200002,経費,S003,調整,267652390,313847114
20240722,博報堂DYメディアパートナーズ,管理統括,財務経理部,企画課,2024,202407,2Q,100002,売上原価,S002,特別,48437712,61429796
20240510,博報堂,営業統括,第二営業部,推進課,2024,202405,1Q,100002,売上原価,S001,通常,467825904,360383216
20240207,博報堂,デジタル統括,第一営業部,管理課,2023,202402,4Q,300001,営業利益,S003,調整,275539132,456583982
20230621,読売広告社,管理統括,総務部,第一課,2023,202306,1Q,100003,売上総利益,S003,調整,635817277,486640216
20240925,博報堂プロダクツ,営業統括,第二営業部,推進課,2024,202409,2Q,400003,コンサルティング収入,S003,調整,93080546,89079533
20250203,大広,デジタル統括,第二営業部,推進課,2024,202502,4Q,300001,営業利益,S001,通常,24143770,30371296
20230822,大広,メディア統括,総務部,第二課,2023,202308,2Q,200003,減価償却費,S003,調整,427128488,425115895
20230521,読売広告社,営業統括,第二営業部,第二課,2023,202305,1Q,500002,媒体社リベート,S004,見込,563517639,429503054
20230815,博報堂DYメディアパートナーズ,メディア統括,第二営業部,管理課,2023,202308,2Q,500001,広告主負担金,S002,特別,75437082,120912422
20240112,博報堂,管理統括,メディアプランニング部,第一課,2023,202401,4Q,400002,制作収入,S005,確定,146954835,134619043
20230604,博報堂DYメディアパートナーズ,管理統括,クリエイティブ部,第三課,2023,202306,1Q,100002,売上原価,S001,通常,122713583,141849563
20241222,博報堂DYメディアパートナーズ,メディア統括,第二営業部,管理課,2024,202412,3Q,400003,コンサルティング収入,S002,特別,234744762,174811717
20241104,博報堂,クリエイティブ統括,総務部,推進課,2024,202411,3Q,400003,コンサルティング収入,S003,調整,14376118,12674761
20240201,大広,営業統括,メディアプランニング部,企画課,2023,202402,4Q,100001,売上高,S003,調整,1995679,2344793
20240127,大広,管理統括,メディアプランニング部,管理課,2023,202401,4Q,300002,経常利益,S005,確定,286091603,286607873
20241026,大広,営業統括,第一営業部,第三課,2024,202410,3Q,100001,売上高,S004,見込,33743701,32597510
20240322,博報堂DYメディアパートナーズ,デジタル統括,第二営業部,企画課,2023,202403,4Q,300002,経常利益,S004,見込,320338563,231771257
20241213,博報堂プロダクツ,営業統括,財務経理部,運用課,2024,202412,3Q,100001,売上高,S003,調整,25295354,26669063
20240323,博報堂,営業統括,制作部,管理課,2023,202403,4Q,400003,コンサルティング収入,S004,見込,294646062,270929656
20230628,博報堂,デジタル統括,財務経理部,推進課,2023,202306,1Q,500002,媒体社リベート,S002,特別,176185219,145823977
20230622,大広,デジタル統括,メディアプランニング部,運用課,2023,202306,1Q,200001,人件費,S003,調整,550717398,467953305
20230721,博報堂DYメディアパートナーズ,営業統括,デジタルマーケティング部,第一課,2023,202307,2Q,400001,媒体手数料収入,S004,見込,182251424,195523024
20241015,博報堂DYメディアパートナーズ,営業統括,人事部,企画課,2024,202410,3Q,500001,広告主負担金,S002,特別,204344965,241717554
20240628,博報堂プロダクツ,営業統括,第二営業部,第三課,2024,202406,1Q,100002,売上原価,S005,確定,244937626,266527237
20250208,博報堂DYメディアパートナーズ,クリエイティブ統括,第一営業部,推進課,2024,202502,4Q,100003,売上総利益,S005,確定,45602106,49196560
20241113,博報堂DYメディアパートナーズ,管理統括,財務経理部,企画課,2024,202411,3Q,400001,媒体手数料収入,S005,確定,229324581,309747392
20250213,読売広告社,クリエイティブ統括,財務経理部,運用課,2024,202502,4Q,100001,売上高,S001,通常,267667506,274663572
20230706,読売広告社,営業統括,クリエイティブ部,第三課,2023,202307,2Q,400001,媒体手数料収入,S005,確定,123604606,132943385
20230522,読売広告社,管理統括,第一営業部,管理課,2023,202305,1Q,400003,コンサルティング収入,S005,確定,353106276,339762240
20240710,大広,デジタル統括,総務部,第二課,2024,202407,2Q,100003,売上総利益,S003,調整,278440768,225347340
20241105,博報堂プロダクツ,管理統括,制作部,推進課,2024,202411,3Q,500002,媒体社リベート,S005,確定,3429663,2848931
20230406,博報堂DYメディアパートナーズ,管理統括,メディアプランニング部,第三課,2023,202304,1Q,400002,制作収入,S002,特別,45640262,60776782
20241127,読売広告社,デジタル統括,総務部,管理課,2024,202411,3Q,200001,人件費,S005,確定,23114555,37104800
20250313,読売広告社,管理統括,クリエイティブ部,運用課,2024,202503,4Q,300001,営業利益,S002,特別,145540294,174582835
20230607,大広,デジタル統括,総務部,管理課,2023,202306,1Q,200001,人件費,S001,通常,18293088,18153311
20250117,読売広告社,管理統括,財務経理部,管理課,2024,202501,4Q,200003,減価償却費,S002,特別,152470843,173935904
20250104,博報堂プロダクツ,営業統括,人事部,運用課,2024,202501,4Q,400002,制作収入,S003,調整,79673913,81803626
20240816,博報堂DYメディアパートナーズ,メディア統括,第二営業部,推進課,2024,202408,2Q,500002,媒体社リベート,S001,通常,203118675,156816069
20250318,読売広告社,メディア統括,人事部,企画課,2024,202503,4Q,500001,広告主負担金,S003,調整,255001268,370927434
20240328,読売広告社,メディア統括,第一営業部,推進課,2023,202403,4Q,500002,媒体社リベート,S003,調整,254112289,313833330
20230401,大広,メディア統括,財務経理部,運用課,2023,202304,1Q,300001,営業利益,S001,通常,236997181,206639021
20241128,大広,管理統括,第二営業部,管理課,2024,202411,3Q,200003,減価償却費,S003,調整,56686349,48823540
20230923,博報堂,デジタル統括,デジタルマーケティング部,運用課,2023,202309,2Q,200003,減価償却費,S002,特別,342035676,278333840
20240807,博報堂DYメディアパートナーズ,メディア統括,人事部,第一課,2024,202408,2Q,500002,媒体社リベート,S004,見込,464832923,406422193
20250322,読売広告社,デジタル統括,第二営業部,管理課,2024,202503,4Q,200002,経費,S002,特別,363134887,396232770
20250311,博報堂プロダクツ,営業統括,人事部,管理課,2024,202503,4Q,400002,制作収入,S001,通常,427197449,395675074
20250220,博報堂プロダクツ,デジタル統括,メディアプランニング部,第二課,2024,202502,4Q,200002,経費,S004,見込,48151673,60636021
20231012,博報堂プロダクツ,管理統括,メディアプランニング部,運用課,2023,202310,3Q,200003,減価償却費,S001,通常,389642633,348722795
20250314,博報堂プロダクツ,デジタル統括,クリエイティブ部,管理課,2024,202503,4Q,500001,広告主負担金,S003,調整,167523000,169725932
20240114,博報堂プロダクツ,メディア統括,クリエイティブ部,第一課,2023,202401,4Q,200003,減価償却費,S004,見込,365065304,438976870
20230727,読売広告社,クリエイティブ統括,総務部,運用課,2023,202307,2Q,500002,媒体社リベート,S004,見込,352028904,304051494
20241126,博報堂プロダクツ,営業統括,総務部,運用課,2024,202411,3Q,200002,経費,S005,確定,272622818,270895818
20240422,読売広告社,デジタル統括,財務経理部,運用課,2024,202404,1Q,400003,コンサルティング収入,S001,通常,276529593,373673466
20240204,読売広告社,営業統括,第二営業部,第二課,2023,202402,4Q,500002,媒体社リベート,S005,確定,131259741,143873313
20231208,博報堂DYメディアパートナーズ,管理統括,デジタルマーケティング部,第三課,2023,202312,3Q,500002,媒体社リベート,S001,通常,270096954,247903435
20240617,読売広告社,管理統括,財務経理部,第三課,2024,202406,1Q,100002,売上原価,S003,調整,122611735,194982730
20240409,大広,メディア統括,総務部,開発課,2024,202404,1Q,400001,媒体手数料収入,S001,通常,554769772,454618473
20230828,博報堂,管理統括,第一営業部,第一課,2023,202308,2Q,200002,経費,S003,調整,349366772,394085306
20231101,博報堂,営業統括,デジタルマーケティング部,運用課,2023,202311,3Q,400001,媒体手数料収入,S004,見込,266370508,297735060
20241226,博報堂プロダクツ,営業統括,第二営業部,運用課,2024,202412,3Q,500001,広告主負担金,S002,特別,296403120,449805973
20230701,博報堂DYメディアパートナーズ,管理統括,第一営業部,第一課,2023,202307,2Q,400002,制作収入,S004,見込,181317823,231343778
20241007,博報堂,管理統括,第二営業部,推進課,2024,202410,3Q,400003,コンサルティング収入,S005,確定,653263290,490257320
20231111,博報堂,デジタル統括,制作部,第三課,2023,202311,3Q,200001,人件費,S002,特別,306818712,242961476
20240517,博報堂,管理統括,経営企画部,管理課,2024,202405,1Q,300002,経常利益,S002,特別,260254012,274066241
20240724,読売広告社,メディア統括,人事部,企画課,2024,202407,2Q,400003,コンサルティング収入,S001,通常,312131363,330781744
20230515,博報堂DYメディアパートナーズ,メディア統括,財務経理部,企画課,2023,202305,1Q,100003,売上総利益,S004,見込,327476929,413892330
20240914,読売広告社,デジタル統括,クリエイティブ部,第二課,2024,202409,2Q,400002,制作収入,S003,調整,393120773,447518339
20230726,読売広告社,デジタル統括,財務経理部,第二課,2023,202307,2Q,200003,減価償却費,S005,確定,462467152,378132431
20240421,博報堂,デジタル統括,クリエイティブ部,推進課,2024,202404,1Q,300001,営業利益,S002,特別,19037583,15452047
20230405,読売広告社,営業統括,経営企画部,管理課,2023,202304,1Q,400003,コンサルティング収入,S005,確定,166247397,144660737
20241204,読売広告社,営業統括,経営企画部,第二課,2024,202412,3Q,400001,媒体手数料収入,S003,調整,58491418,42242217
20240909,博報堂DYメディアパートナーズ,クリエイティブ統括,総務部,第二課,2024,202409,2Q,400003,コンサルティング収入,S002,特別,244894631,241481117
20240310,博報堂プロダクツ,デジタル統括,デジタルマーケティング部,企画課,2023,202403,4Q,100002,売上原価,S003,調整,287743031,232343108
20230812,博報堂DYメディアパートナーズ,管理統括,総務部,第一課,2023,202308,2Q,100001,売上高,S002,特別,385526733,338214126
20240825,博報堂DYメディアパートナーズ,営業統括,制作部,開発課,2024,202408,2Q,100003,売上総利益,S004,見込,326412312,255224982
20240618,大広,営業統括,人事部,開発課,2024,202406,1Q,300001,営業利益,S001,通常,314602762,482001267
20231209,大広,デジタル統括,制作部,企画課,2023,202312,3Q,500001,広告主負担金,S002,特別,272745257,306830945
20230418,博報堂DYメディアパートナーズ,メディア統括,総務部,企画課,2023,202304,1Q,200002,経費,S002,特別,197137512,192308305
20230510,読売広告社,管理統括,人事部,第二課,2023,202305,1Q,100001,売上高,S004,見込,221606937,346742079
20231005,読売広告社,デジタル統括,財務経理部,企画課,2023,202310,3Q,200001,人件費,S001,通常,320571447,313813820
20231213,博報堂DYメディアパートナーズ,クリエイティブ統括,制作部,第一課,2023,202312,3Q,500002,媒体社リベート,S001,通常,172831408,266032364
20240510,博報堂プロダクツ,デジタル統括,第二営業部,管理課,2024,202405,1Q,100003,売上総利益,S004,見込,139646335,125038996
20240828,博報堂プロダクツ,営業統括,制作部,推進課,2024,202408,2Q,400003,コンサルティング収入,S005,確定,189756649,159671106
20231109,大広,営業統括,デジタルマーケティング部,運用課,2023,202311,3Q,400001,媒体手数料収入,S004,見込,8640976,8496347
20250113,読売広告社,クリエイティブ統括,メディアプランニング部,開発課,2024,202501,4Q,500001,広告主負担金,S003,調整,161207241,135696159
20230721,博報堂,デジタル統括,経営企画部,企画課,2023,202307,2Q,100001,売上高,S005,確定,182903023,245869410
20230404,博報堂,管理統括,デジタルマーケティング部,推進課,2023,202304,1Q,500001,広告主負担金,S001,通常,195614913,284503732
20230520,博報堂プロダクツ,営業統括,経営企画部,第三課,2023,202305,1Q,300001,営業利益,S005,確定,224700454,346008147
20241006,大広,管理統括,第一営業部,推進課,2024,202410,3Q,500001,広告主負担金,S001,通常,14816159,13618455
20231028,博報堂,クリエイティブ統括,人事部,企画課,2023,202310,3Q,500001,広告主負担金,S005,確定,255872936,299579300
20240901,読売広告社,管理統括,第一営業部,第三課,2024,202409,2Q,100001,売上高,S002,特別,178914501,273817953
20231212,博報堂,営業統括,デジタルマーケティング部,管理課,2023,202312,3Q,300002,経常利益,S004,見込,245456236,351925124
20241107,博報堂,管理統括,総務部,第三課,2024,202411,3Q,200002,経費,S002,特別,128929174,204319870
20230416,博報堂プロダクツ,デジタル統括,第一営業部,第一課,2023,202304,1Q,100003,売上総利益,S002,特別,142995973,196005875
20230906,読売広告社,クリエイティブ統括,制作部,第三課,2023,202309,2Q,200003,減価償却費,S002,特別,307949281,229456281
20240818,博報堂プロダクツ,メディア統括,クリエイティブ部,開発課,2024,202408,2Q,200001,人件費,S001,通常,473556200,345952194
20240402,博報堂プロダクツ,クリエイティブ統括,メディアプランニング部,企画課,2024,202404,1Q,100001,売上高,S001,通常,483295137,367716156
20230527,読売広告社,管理統括,デジタルマーケティング部,推進課,2023,202305,1Q,100001,売上高,S004,見込,235023613,214940119
20230621,読売広告社,営業統括,総務部,推進課,2023,202306,1Q,300002,経常利益,S004,見込,321819440,282783153
20240303,博報堂,クリエイティブ統括,第一営業部,第三課,2023,202403,4Q,300002,経常利益,S001,通常,138367611,119499120
20230525,博報堂DYメディアパートナーズ,メディア統括,財務経理部,企画課,2023,202305,1Q,500001,広告主負担金,S001,通常,71775392,84599141
20240524,博報堂プロダクツ,メディア統括,制作部,運用課,2024,202405,1Q,300002,経常利益,S005,確定,202356394,219768833
20230824,博報堂DYメディアパートナーズ,営業統括,財務経理部,推進課,2023,202308,2Q,300001,営業利益,S002,特別,278461325,279811335
20240610,博報堂DYメディアパートナーズ,クリエイティブ統括,人事部,第一課,2024,202406,1Q,400001,媒体手数料収入,S001,通常,254190771,218217888
20230924,博報堂DYメディアパートナーズ,管理統括,制作部,第二課,2023,202309,2Q,300001,営業利益,S004,見込,386667862,433966429
20231102,博報堂プロダクツ,営業統括,制作部,第三課,2023,202311,3Q,400001,媒体手数料収入,S003,調整,27213135,31107084
20241222,博報堂プロダクツ,クリエイティブ統括,制作部,推進課,2024,202412,3Q,500001,広告主負担金,S003,調整,642977208,489676736
20231016,読売広告社,管理統括,デジタルマーケティング部,管理課,2023,202310,3Q,400001,媒体手数料収入,S004,見込,431895123,394885050
20250204,博報堂プロダクツ,営業統括,財務経理部,運用課,2024,202502,4Q,300001,営業利益,S004,見込,172276652,131547613
20230615,博報堂,クリエイティブ統括,デジタルマーケティング部,第二課,2023,202306,1Q,500002,媒体社リベート,S002,特別,170477089,174264506
20230519,博報堂,営業統括,メディアプランニング部,第二課,2023,202305,1Q,200002,経費,S004,見込,1954512,2303938
20241213,博報堂プロダクツ,管理統括,第一営業部,第二課,2024,202412,3Q,100001,売上高,S002,特別,165413896,188647867
20240925,博報堂DYメディアパートナーズ,クリエイティブ統括,第二営業部,開発課,2024,202409,2Q,100001,売上高,S003,調整,201429760,282634172
20250323,博報堂プロダクツ,クリエイティブ統括,経営企画部,管理課,2024,202503,4Q,200001,人件費,S005,確定,103753274,146199952
20241104,博報堂DYメディアパートナーズ,営業統括,経営企画部,第二課,2024,202411,3Q,500001,広告主負担金,S005,確定,464152025,345945026
20241117,博報堂,クリエイティブ統括,経営企画部,第一課,2024,202411,3Q,200002,経費,S005,確定,142603769,112151360
20240506,大広,メディア統括,第一営業部,第二課,2024,202405,1Q,500001,広告主負担金,S001,通常,268443679,362817983
20230828,博報堂DYメディアパートナーズ,管理統括,クリエイティブ部,開発課,2023,202308,2Q,300001,営業利益,S005,確定,212072073,176501859
20240315,大広,クリエイティブ統括,総務部,開発課,2023,202403,4Q,400002,制作収入,S002,特別,404923009,318187343
20241013,博報堂プロダクツ,営業統括,経営企画部,企画課,2024,202410,3Q,200003,減価償却費,S001,通常,221266563,277490965
20240311,博報堂DYメディアパートナーズ,デジタル統括,財務経理部,第三課,2023,202403,4Q,100001,売上高,S004,見込,261812193,378562930
20240518,博報堂プロダクツ,管理統括,第一営業部,開発課,2024,202405,1Q,400003,コンサルティング収入,S003,調整,134815840,217556000
20250302,博報堂DYメディアパートナーズ,営業統括,メディアプランニング部,第二課,2024,202503,4Q,100003,売上総利益,S004,見込,227375099,184462242
20241215,大広,クリエイティブ統括,制作部,開発課,2024,202412,3Q,500002,媒体社リベート,S002,特別,303746262,260706791
20231203,博報堂,クリエイティブ統括,第二営業部,開発課,2023,202312,3Q,300002,経常利益,S004,見込,216315082,185072228
20230519,博報堂DYメディアパートナーズ,クリエイティブ統括,デジタルマーケティング部,運用課,2023,202305,1Q,200002,経費,S002,特別,440159612,454650762
20231211,博報堂,デジタル統括,総務部,運用課,2023,202312,3Q,400001,媒体手数料収入,S001,通常,45617113,53033867
20241212,博報堂プロダクツ,管理統括,クリエイティブ部,運用課,2024,202412,3Q,300001,営業利益,S005,確定,332822091,351356867
20230926,博報堂DYメディアパートナーズ,メディア統括,経営企画部,企画課,2023,202309,2Q,100002,売上原価,S002,特別,102355688,116910525
20240614,大広,メディア統括,第二営業部,第三課,2024,202406,1Q,400001,媒体手数料収入,S005,確定,78829435,89301199
20231107,読売広告社,営業統括,デジタルマーケティング部,開発課,2023,202311,3Q,500002,媒体社リベート,S005,確定,258959715,346471858
20241104,読売広告社,デジタル統括,メディアプランニング部,第三課,2024,202411,3Q,200002,経費,S001,通常,152969998,197306095
20231110,博報堂DYメディアパートナーズ,デジタル統括,制作部,企画課,2023,202311,3Q,200002,経費,S002,特別,503460885,408234418
20241104,博報堂DYメディアパートナーズ,クリエイティブ統括,経営企画部,企画課,2024,202411,3Q,400003,コンサルティング収入,S003,調整,336117162,324361281
20241001,大広,デジタル統括,制作部,管理課,2024,202410,3Q,500001,広告主負担金,S005,確定,528110774,439150033
20230806,博報堂DYメディアパートナーズ,営業統括,制作部,第二課,2023,202308,2Q,100001,売上高,S001,通常,422376976,424622983
20240207,博報堂DYメディアパートナーズ,管理統括,制作部,第二課,2023,202402,4Q,400002,制作収入,S001,通常,21521479,16327953
20240818,博報堂プロダクツ,メディア統括,総務部,開発課,2024,202408,2Q,100003,売上総利益,S002,特別,295383749,312934703
20230506,博報堂DYメディアパートナーズ,クリエイティブ統括,メディアプランニング部,運用課,2023,202305,1Q,200003,減価償却費,S004,見込,439327512,381485171
20231222,読売広告社,管理統括,人事部,運用課,2023,202312,3Q,200003,減価償却費,S002,特別,217464647,299080724
20241010,読売広告社,デジタル統括,人事部,推進課,2024,202410,3Q,400002,制作収入,S001,通常,499899520,497619728
20230806,大広,デジタル統括,人事部,企画課,2023,202308,2Q,200002,経費,S001,通常,71970878,90735550
20240211,博報堂,クリエイティブ統括,メディアプランニング部,推進課,2023,202402,4Q,100003,売上総利益,S002,特別,539360914,439071566
20241203,博報堂DYメディアパートナーズ,営業統括,経営企画部,開発課,2024,202412,3Q,200002,経費,S004,見込,42644588,35094596
20240227,博報堂DYメディアパートナーズ,メディア統括,クリエイティブ部,第三課,2023,202402,4Q,400002,制作収入,S005,確定,295971908,360692970
20230709,博報堂プロダクツ,管理統括,メディアプランニング部,第三課,2023,202307,2Q,200003,減価償却費,S005,確定,392779497,302432645
20230618,博報堂,クリエイティブ統括,経営企画部,管理課,2023,202306,1Q,400001,媒体手数料収入,S005,確定,78733407,107433308
20240619,大広,管理統括,制作部,第二課,2024,202406,1Q,100003,売上総利益,S003,調整,207282628,227561743
20231004,博報堂プロダクツ,デジタル統括,クリエイティブ部,開発課,2023,202310,3Q,500002,媒体社リベート,S005,確定,59253016,83530685
20241206,博報堂DYメディアパートナーズ,メディア統括,デジタルマーケティング部,第一課,2024,202412,3Q,400003,コンサルティング収入,S005,確定,239105471,203189386
20240707,読売広告社,営業統括,第一営業部,第二課,2024,202407,2Q,300001,営業利益,S001,通常,96422148,98161286
20250202,博報堂プロダクツ,管理統括,総務部,第二課,2024,202502,4Q,200002,経費,S005,確定,266025366,190421594
20231219,博報堂,営業統括,制作部,推進課,2023,202312,3Q,200001,人件費,S003,調整,70048886,61668263
20231118,大広,メディア統括,人事部,開発課,2023,202311,3Q,200003,減価償却費,S003,調整,82069068,72037970
20231211,博報堂DYメディアパートナーズ,メディア統括,制作部,企画課,2023,202312,3Q,100001,売上高,S002,特別,163513510,200568304
20240902,博報堂,メディア統括,第一営業部,第三課,2024,202409,2Q,400001,媒体手数料収入,S003,調整,501653348,413223699
20240201,博報堂,管理統括,人事部,運用課,2023,202402,4Q,100001,売上高,S001,通常,45338191,32745994
20231210,博報堂プロダクツ,デジタル統括,第二営業部,開発課,2023,202312,3Q,300002,経常利益,S003,調整,267410174,204126761
20231101,博報堂プロダクツ,クリエイティブ統括,デジタルマーケティング部,第二課,2023,202311,3Q,400001,媒体手数料収入,S001,通常,117014185,164402711
20250327,博報堂プロダクツ,メディア統括,クリエイティブ部,第二課,2024,202503,4Q,400003,コンサルティング収入,S004,見込,41694556,68102040
20240212,博報堂DYメディアパートナーズ,管理統括,第一営業部,第二課,2023,202402,4Q,100001,売上高,S003,調整,278170985,344009112
20230526,読売広告社,メディア統括,メディアプランニング部,企画課,2023,202305,1Q,100001,売上高,S005,確定,26121652,26372826
20231018,博報堂,デジタル統括,第一営業部,企画課,2023,202310,3Q,200003,減価償却費,S001,通常,85502473,98359983
20240712,読売広告社,デジタル統括,制作部,推進課,2024,202407,2Q,200003,減価償却費,S005,確定,315254695,280555364
20250210,博報堂,管理統括,メディアプランニング部,第三課,2024,202502,4Q,200001,人件費,S003,調整,557378276,474904151
20240826,博報堂,デジタル統括,人事部,推進課,2024,202408,2Q,500001,広告主負担金,S002,特別,215285633,177890839
20231219,大広,デジタル統括,第二営業部,運用課,2023,202312,3Q,500001,広告主負担金,S004,見込,121678707,105017881
20240923,博報堂,管理統括,メディアプランニング部,推進課,2024,202409,2Q,500001,広告主負担金,S004,見込,236993445,324578698
20240417,博報堂DYメディアパートナーズ,メディア統括,クリエイティブ部,第三課,2024,202404,1Q,300001,営業利益,S005,確定,191410083,249491642
20230622,博報堂DYメディアパートナーズ,メディア統括,総務部,企画課,2023,202306,1Q,100002,売上原価,S005,確定,75644891,96739559
20240221,博報堂,営業統括,デジタルマーケティング部,第二課,2023,202402,4Q,200001,人件費,S003,調整,314936183,447110770
20230910,博報堂プロダクツ,営業統括,第一営業部,第一課,2023,202309,2Q,200002,経費,S001,通常,474218697,341906239
20230616,読売広告社,デジタル統括,第二営業部,第一課,2023,202306,1Q,200003,減価償却費,S004,見込,415906388,312195500
20230511,博報堂プロダクツ,クリエイティブ統括,人事部,第三課,2023,202305,1Q,200001,人件費,S001,通常,57858192,65688363
20240720,大広,管理統括,クリエイティブ部,運用課,2024,202407,2Q,400003,コンサルティング収入,S003,調整,451823047,471435736
20231027,博報堂,クリエイティブ統括,メディアプランニング部,第三課,2023,202310,3Q,200001,人件費,S001,通常,137743800,102829204
20230616,博報堂DYメディアパートナーズ,メディア統括,クリエイティブ部,第一課,2023,202306,1Q,300002,経常利益,S001,通常,235230672,332540447
20230925,博報堂プロダクツ,営業統括,第一営業部,企画課,2023,202309,2Q,100003,売上総利益,S003,調整,1808109,2568305
20240618,博報堂プロダクツ,デジタル統括,クリエイティブ部,推進課,2024,202406,1Q,500002,媒体社リベート,S003,調整,351009339,277227591
20240519,博報堂DYメディアパートナーズ,営業統括,メディアプランニング部,推進課,2024,202405,1Q,300001,営業利益,S001,通常,250206861,214457650
20250302,大広,デジタル統括,財務経理部,第二課,2024,202503,4Q,500002,媒体社リベート,S001,通常,634487499,454025703
20250201,大広,メディア統括,制作部,第一課,2024,202502,4Q,300002,経常利益,S005,確定,116242105,150256191
20230719,博報堂DYメディアパートナーズ,営業統括,経営企画部,第一課,2023,202307,2Q,500001,広告主負担金,S004,見込,455901071,347603096
20240516,博報堂,クリエイティブ統括,人事部,運用課,2024,202405,1Q,300001,営業利益,S004,見込,294898443,296046742
20240514,大広,デジタル統括,メディアプランニング部,管理課,2024,202405,1Q,200003,減価償却費,S002,特別,11342467,17421689
20240718,博報堂,デジタル統括,デジタルマーケティング部,第一課,2024,202407,2Q,100003,売上総利益,S002,特別,373252556,420749704
20240726,博報堂,デジタル統括,人事部,第三課,2024,202407,2Q,500002,媒体社リベート,S004,見込,66424126,60869289
20240811,博報堂プロダクツ,クリエイティブ統括,財務経理部,開発課,2024,202408,2Q,300002,経常利益,S001,通常,278387619,260214079
20240520,博報堂プロダクツ,デジタル統括,クリエイティブ部,推進課,2024,202405,1Q,100001,売上高,S005,確定,21670763,29062388
20250106,大広,管理統括,第二営業部,推進課,2024,202501,4Q,200001,人件費,S001,通常,629223984,451053886
20241110,大広,クリエイティブ統括,クリエイティブ部,管理課,2024,202411,3Q,100001,売上高,S002,特別,238948310,326615877
20240719,読売広告社,メディア統括,第二営業部,第一課,2024,202407,2Q,100003,売上総利益,S002,特別,394846546,285947585
20231223,読売広告社,メディア統括,総務部,開発課,2023,202312,3Q,500002,媒体社リベート,S001,通常,493180860,372243227
20240301,博報堂,管理統括,総務部,第二課,2023,202403,4Q,500001,広告主負担金,S001,通常,246467099,281112535
20250204,大広,メディア統括,制作部,企画課,2024,202502,4Q,500002,媒体社リベート,S004,見込,457525241,430361108
20240901,大広,メディア統括,第一営業部,運用課,2024,202409,2Q,100001,売上高,S004,見込,128129990,146590209
20230927,博報堂DYメディアパートナーズ,デジタル統括,クリエイティブ部,開発課,2023,202309,2Q,100001,売上高,S003,調整,43173674,66957554
20241120,博報堂,営業統括,デジタルマーケティング部,推進課,2024,202411,3Q,200002,経費,S001,通常,219496643,164764681
20241210,博報堂,営業統括,総務部,開発課,2024,202412,3Q,200001,人件費,S004,見込,242666054,174359270
20231021,博報堂プロダクツ,デジタル統括,第一営業部,企画課,2023,202310,3Q,300002,経常利益,S002,特別,163262383,138403965
20231108,博報堂,営業統括,財務経理部,第三課,2023,202311,3Q,200001,人件費,S001,通常,257662498,349986010
20230924,博報堂,管理統括,経営企画部,開発課,2023,202309,2Q,200002,経費,S003,調整,96224738,118982440
20240911,大広,営業統括,経営企画部,管理課,2024,202409,2Q,500002,媒体社リベート,S003,調整,299648639,493473464
20240120,博報堂,デジタル統括,メディアプランニング部,推進課,2023,202401,4Q,400001,媒体手数料収入,S001,通常,312559954,311263901
20240314,大広,営業統括,人事部,運用課,2023,202403,4Q,400002,制作収入,S004,見込,242365991,304178756
20230605,博報堂プロダクツ,デジタル統括,第一営業部,推進課,2023,202306,1Q,500001,広告主負担金,S004,見込,9525462,11926041
20240410,博報堂プロダクツ,クリエイティブ統括,人事部,第一課,2024,202404,1Q,200003,減価償却費,S003,調整,283970306,247781050
20230522,博報堂DYメディアパートナーズ,クリエイティブ統括,第二営業部,推進課,2023,202305,1Q,200002,経費,S003,調整,196349715,225681172
20240116,博報堂,デジタル統括,総務部,企画課,2023,202401,4Q,100003,売上総利益,S002,特別,554805859,474535832
20230502,博報堂DYメディアパートナーズ,クリエイティブ統括,第二営業部,第二課,2023,202305,1Q,200001,人件費,S004,見込,7167915,11887374
20230708,博報堂DYメディアパートナーズ,クリエイティブ統括,総務部,運用課,2023,202307,2Q,200003,減価償却費,S003,調整,294167122,242761190
20240814,博報堂DYメディアパートナーズ,管理統括,経営企画部,第二課,2024,202408,2Q,100001,売上高,S003,調整,103286150,91825515
20240615,博報堂プロダクツ,営業統括,制作部,第二課,2024,202406,1Q,200002,経費,S001,通常,343443979,268175978
20231007,博報堂,メディア統括,デジタルマーケティング部,第三課,2023,202310,3Q,100003,売上総利益,S003,調整,287671266,380909284
20230923,博報堂DYメディアパートナーズ,営業統括,財務経理部,第二課,2023,202309,2Q,500002,媒体社リベート,S005,確定,249673415,293407654
20241114,読売広告社,管理統括,総務部,管理課,2024,202411,3Q,200002,経費,S004,見込,144031929,141649373
20230711,博報堂プロダクツ,営業統括,メディアプランニング部,運用課,2023,202307,2Q,300001,営業利益,S004,見込,131979540,116245190
20240627,博報堂,管理統括,総務部,推進課,2024,202406,1Q,400002,制作収入,S003,調整,344218436,264956590
20240222,博報堂プロダクツ,営業統括,第一営業部,管理課,2023,202402,4Q,400001,媒体手数料収入,S004,見込,235894326,374774748
20231108,博報堂,メディア統括,人事部,企画課,2023,202311,3Q,400001,媒体手数料収入,S004,見込,168425052,167209590
20230602,博報堂プロダクツ,クリエイティブ統括,第二営業部,第三課,2023,202306,1Q,400002,制作収入,S005,確定,186402760,155883924
20240317,博報堂DYメディアパートナーズ,メディア統括,メディアプランニング部,管理課,2023,202403,4Q,200002,経費,S002,特別,119689745,138985238
20240303,読売広告社,管理統括,財務経理部,運用課,2023,202403,4Q,300001,営業利益,S003,調整,498558126,473778973
20230627,大広,管理統括,総務部,第三課,2023,202306,1Q,300002,経常利益,S005,確定,99436088,84231539
20230504,読売広告社,クリエイティブ統括,人事部,管理課,2023,202305,1Q,300002,経常利益,S005,確定,252804833,244305757
20230806,博報堂DYメディアパートナーズ,クリエイティブ統括,クリエイティブ部,第二課,2023,202308,2Q,100002,売上原価,S003,調整,268933019,313695967
20240915,博報堂DYメディアパートナーズ,メディア統括,メディアプランニング部,開発課,2024,202409,2Q,300001,営業利益,S005,確定,176558080,206125722
20230408,大広,クリエイティブ統括,財務経理部,運用課,2023,202304,1Q,300002,経常利益,S004,見込,627362833,481495736
20231007,博報堂プロダクツ,デジタル統括,第一営業部,第三課,2023,202310,3Q,100002,売上原価,S003,調整,244469556,257878924
20230715,博報堂DYメディアパートナーズ,メディア統括,デジタルマーケティング部,推進課,2023,202307,2Q,200003,減価償却費,S001,通常,73101063,58583408
20240125,読売広告社,デジタル統括,第一営業部,第三課,2023,202401,4Q,100002,売上原価,S004,見込,468884181,458743826
20240201,大広,管理統括,デジタルマーケティング部,開発課,2023,202402,4Q,100001,売上高,S001,通常,396052280,386465509
20240703,大広,メディア統括,財務経理部,第一課,2024,202407,2Q,400002,制作収入,S002,特別,134945581,119012324
20240116,読売広告社,管理統括,財務経理部,企画課,2023,202401,4Q,200003,減価償却費,S004,見込,141997633,111799430
20250325,博報堂プロダクツ,メディア統括,人事部,第二課,2024,202503,4Q,200003,減価償却費,S005,確定,5531534,7145957
20230520,大広,クリエイティブ統括,クリエイティブ部,第三課,2023,202305,1Q,100001,売上高,S002,特別,541027360,453470440
20241123,読売広告社,メディア統括,経営企画部,第三課,2024,202411,3Q,200002,経費,S002,特別,33102158,28290977
20250102,博報堂プロダクツ,メディア統括,メディアプランニング部,開発課,2024,202501,4Q,400002,制作収入,S002,特別,501311692,418036002
20240622,博報堂プロダクツ,デジタル統括,経営企画部,第一課,2024,202406,1Q,300001,営業利益,S004,見込,342262369,244725940
20231003,博報堂,メディア統括,メディアプランニング部,第二課,2023,202310,3Q,400002,制作収入,S001,通常,282781603,397706102
20231116,博報堂プロダクツ,管理統括,経営企画部,開発課,2023,202311,3Q,500002,媒体社リベート,S004,見込,75569162,94926376
20240613,博報堂,営業統括,財務経理部,管理課,2024,202406,1Q,400003,コンサルティング収入,S005,確定,153483926,255083290
20250221,博報堂,メディア統括,デジタルマーケティング部,運用課,2024,202502,4Q,300001,営業利益,S001,通常,57329573,72711890
20240323,博報堂,メディア統括,第二営業部,運用課,2023,202403,4Q,300002,経常利益,S004,見込,261977570,414912285
20250312,博報堂,デジタル統括,クリエイティブ部,管理課,2024,202503,4Q,200003,減価償却費,S001,通常,110324248,139985038
20250301,大広,管理統括,経営企画部,管理課,2024,202503,4Q,400002,制作収入,S001,通常,62430991,82704233
20230909,博報堂,営業統括,第二営業部,第二課,2023,202309,2Q,500002,媒体社リベート,S003,調整,309404965,322945508
20231028,読売広告社,管理統括,経営企画部,第二課,2023,202310,3Q,500002,媒体社リベート,S004,見込,390155970,392994173
20230416,博報堂DYメディアパートナーズ,営業統括,クリエイティブ部,運用課,2023,202304,1Q,400001,媒体手数料収入,S003,調整,132806190,190123579
20241202,読売広告社,メディア統括,クリエイティブ部,開発課,2024,202412,3Q,400003,コンサルティング収入,S003,調整,60167142,54407818
20240913,博報堂プロダクツ,メディア統括,人事部,企画課,2024,202409,2Q,100002,売上原価,S004,見込,386615374,282738724
20250225,博報堂DYメディアパートナーズ,クリエイティブ統括,メディアプランニング部,企画課,2024,202502,4Q,300002,経常利益,S004,見込,243850146,229736114
20240601,大広,管理統括,制作部,運用課,2024,202406,1Q,100003,売上総利益,S004,見込,665634778,477165234
20230411,博報堂,クリエイティブ統括,第二営業部,第三課,2023,202304,1Q,100002,売上原価,S005,確定,326298462,476647412
20240811,読売広告社,営業統括,総務部,第三課,2024,202408,2Q,100003,売上総利益,S005,確定,120644443,171933352
20241223,博報堂プロダクツ,デジタル統括,デジタルマーケティング部,第三課,2024,202412,3Q,200001,人件費,S002,特別,1159071,1173506
20241017,読売広告社,メディア統括,第一営業部,開発課,2024,202410,3Q,100001,売上高,S004,見込,347681153,339488909
20230928,読売広告社,営業統括,経営企画部,第一課,2023,202309,2Q,100001,売上高,S001,通常,498878166,362028754
20250206,博報堂DYメディアパートナーズ,管理統括,メディアプランニング部,第一課,2024,202502,4Q,400001,媒体手数料収入,S001,通常,74063110,77518707
20240527,博報堂,デジタル統括,クリエイティブ部,第三課,2024,202405,1Q,200002,経費,S003,調整,110426988,90392010
20230722,読売広告社,クリエイティブ統括,総務部,開発課,2023,202307,2Q,200001,人件費,S001,通常,281490242,389086348
20231109,読売広告社,メディア統括,人事部,第三課,2023,202311,3Q,400001,媒体手数料収入,S004,見込,174413389,134983480
20240902,博報堂,営業統括,財務経理部,第三課,2024,202409,2Q,100002,売上原価,S001,通常,348670870,439198479
20231027,博報堂プロダクツ,管理統括,財務経理部,開発課,2023,202310,3Q,400003,コンサルティング収入,S001,通常,160369638,121008039
20230415,博報堂プロダクツ,クリエイティブ統括,総務部,第二課,2023,202304,1Q,200003,減価償却費,S004,見込,245417187,405590414
20240413,博報堂DYメディアパートナーズ,営業統括,制作部,第三課,2024,202404,1Q,400001,媒体手数料収入,S005,確定,287870468,267482634
20240201,大広,メディア統括,クリエイティブ部,第一課,2023,202402,4Q,400001,媒体手数料収入,S003,調整,305987034,223126192
20240922,博報堂,メディア統括,デジタルマーケティング部,企画課,2024,202409,2Q,100002,売上原価,S003,調整,130227698,148049784
20230922,博報堂プロダクツ,管理統括,第二営業部,推進課,2023,202309,2Q,500002,媒体社リベート,S005,確定,161138606,129312477
20240418,博報堂DYメディアパートナーズ,営業統括,制作部,運用課,2024,202404,1Q,500001,広告主負担金,S002,特別,140848732,181038873
20231122,読売広告社,営業統括,財務経理部,企画課,2023,202311,3Q,400002,制作収入,S002,特別,176370891,232581891
20250108,大広,クリエイティブ統括,デジタルマーケティング部,企画課,2024,202501,4Q,200001,人件費,S003,調整,128060686,206429306
20240602,博報堂,営業統括,第一営業部,運用課,2024,202406,1Q,200002,経費,S001,通常,421700740,422637018
20250225,博報堂DYメディアパートナーズ,メディア統括,第一営業部,開発課,2024,202502,4Q,500002,媒体社リベート,S003,調整,62724241,63709811
20231111,大広,営業統括,クリエイティブ部,開発課,2023,202311,3Q,300002,経常利益,S005,確定,109272938,78251501
20240122,大広,営業統括,財務経理部,企画課,2023,202401,4Q,400002,制作収入,S001,通常,292833546,344718555
20240125,博報堂DYメディアパートナーズ,クリエイティブ統括,財務経理部,第一課,2023,202401,4Q,400001,媒体手数料収入,S005,確定,83180224,72511802
20241115,読売広告社,管理統括,制作部,推進課,2024,202411,3Q,300001,営業利益,S001,通常,275478637,208343725
20231019,読売広告社,クリエイティブ統括,制作部,運用課,2023,202310,3Q,500001,広告主負担金,S001,通常,108310655,167108449
20250302,博報堂,営業統括,メディアプランニング部,推進課,2024,202503,4Q,200003,減価償却費,S005,確定,362898070,275457640
20230620,読売広告社,デジタル統括,第一営業部,推進課,2023,202306,1Q,100001,売上高,S002,特別,296670698,328146468
20241014,博報堂DYメディアパートナーズ,デジタル統括,デジタルマーケティング部,第一課,2024,202410,3Q,100001,売上高,S005,確定,7841307,8221251
20241013,読売広告社,管理統括,総務部,運用課,2024,202410,3Q,400001,媒体手数料収入,S003,調整,26073209,22785822
20230518,博報堂プロダクツ,営業統括,人事部,推進課,2023,202305,1Q,100001,売上高,S005,確定,161047851,201118558
20231115,博報堂DYメディアパートナーズ,デジタル統括,財務経理部,推進課,2023,202311,3Q,400003,コンサルティング収入,S001,通常,32455305,50390896
20240816,大広,管理統括,経営企画部,第三課,2024,202408,2Q,500001,広告主負担金,S003,調整,550964815,473502095
20240624,博報堂プロダクツ,デジタル統括,第一営業部,企画課,2024,202406,1Q,200003,減価償却費,S002,特別,142641173,153375651
20231017,博報堂,メディア統括,人事部,開発課,2023,202310,3Q,100001,売上高,S002,特別,25834900,33836241
20240304,大広,クリエイティブ統括,第一営業部,運用課,2023,202403,4Q,400002,制作収入,S002,特別,88246194,139497005
20231204,博報堂,クリエイティブ統括,制作部,第一課,2023,202312,3Q,500001,広告主負担金,S003,調整,370182338,337350520
20230706,博報堂プロダクツ,メディア統括,第一営業部,第三課,2023,202307,2Q,200003,減価償却費,S005,確定,225987968,250586446
20240908,博報堂DYメディアパートナーズ,クリエイティブ統括,人事部,第一課,2024,202409,2Q,200002,経費,S001,通常,8307991,8505496
20230801,読売広告社,メディア統括,第一営業部,推進課,2023,202308,2Q,500001,広告主負担金,S003,調整,146624344,151370405
20241025,読売広告社,クリエイティブ統括,人事部,開発課,2024,202410,3Q,100001,売上高,S003,調整,46646769,56568284
20240624,博報堂,営業統括,財務経理部,運用課,2024,202406,1Q,100002,売上原価,S001,通常,354177763,405415598
20230805,読売広告社,メディア統括,経営企画部,開発課,2023,202308,2Q,200003,減価償却費,S002,特別,377828049,412737104
20231111,大広,クリエイティブ統括,第二営業部,第三課,2023,202311,3Q,200003,減価償却費,S004,見込,229122138,191848219
20230912,大広,クリエイティブ統括,クリエイティブ部,第三課,2023,202309,2Q,200003,減価償却費,S002,特別,149515390,246098187
20250105,博報堂DYメディアパートナーズ,デジタル統括,第二営業部,第三課,2024,202501,4Q,500001,広告主負担金,S004,見込,369825096,282348635
20241121,博報堂DYメディアパートナーズ,メディア統括,経営企画部,開発課,2024,202411,3Q,500001,広告主負担金,S001,通常,190451111,202915226
20250110,読売広告社,デジタル統括,デジタルマーケティング部,運用課,2024,202501,4Q,400002,制作収入,S004,見込,360953741,376868276
20230802,博報堂プロダクツ,メディア統括,制作部,第三課,2023,202308,2Q,500002,媒体社リベート,S002,特別,126475850,158939908
20230502,大広,管理統括,第一営業部,第三課,2023,202305,1Q,500002,媒体社リベート,S003,調整,280895514,369851319
20230710,博報堂DYメディアパートナーズ,デジタル統括,人事部,第二課,2023,202307,2Q,500002,媒体社リベート,S003,調整,317812671,240102079
20230501,読売広告社,クリエイティブ統括,クリエイティブ部,管理課,2023,202305,1Q,500002,媒体社リベート,S002,特別,125226561,120136209
20240522,大広,メディア統括,デジタルマーケティング部,第一課,2024,202405,1Q,300002,経常利益,S005,確定,71731538,72338459
20230501,博報堂プロダクツ,クリエイティブ統括,デジタルマーケティング部,運用課,2023,202305,1Q,200001,人件費,S005,確定,430703890,353284921
20240317,博報堂プロダクツ,管理統括,財務経理部,第二課,2023,202403,4Q,200003,減価償却費,S005,確定,354626392,458642925
20230713,博報堂,管理統括,総務部,開発課,2023,202307,2Q,100001,売上高,S002,特別,240733677,292569422
20240601,博報堂,営業統括,制作部,第二課,2024,202406,1Q,400001,媒体手数料収入,S003,調整,446213394,449609831
20241003,大広,クリエイティブ統括,デジタルマーケティング部,第一課,2024,202410,3Q,400001,媒体手数料収入,S003,調整,409291139,384260655
20230813,読売広告社,デジタル統括,第一営業部,推進課,2023,202308,2Q,200003,減価償却費,S003,調整,41976543,37054287
20230826,大広,クリエイティブ統括,経営企画部,管理課,2023,202308,2Q,100003,売上総利益,S004,見込,59434455,63887547
20240617,博報堂DYメディアパートナーズ,メディア統括,クリエイティブ部,企画課,2024,202406,1Q,100003,売上総利益,S003,調整,61529324,68696381
20231202,博報堂DYメディアパートナーズ,メディア統括,経営企画部,運用課,2023,202312,3Q,500001,広告主負担金,S005,確定,449671114,362709158
20240916,博報堂,営業統括,デジタルマーケティング部,開発課,2024,202409,2Q,400001,媒体手数料収入,S002,特別,333625460,258540769
20231210,読売広告社,デジタル統括,第一営業部,開発課,2023,202312,3Q,200003,減価償却費,S002,特別,80293641,92042100
20240526,博報堂,営業統括,人事部,第三課,2024,202405,1Q,400002,制作収入,S002,特別,314465665,437574194
20240802,博報堂プロダクツ,メディア統括,クリエイティブ部,第二課,2024,202408,2Q,200001,人件費,S005,確定,345699606,299086819
20230926,博報堂,メディア統括,人事部,開発課,2023,202309,2Q,100003,売上総利益,S004,見込,418221253,408599747
20240606,博報堂DYメディアパートナーズ,クリエイティブ統括,第二営業部,開発課,2024,202406,1Q,100002,売上原価,S005,確定,409380667,447075590
20250224,大広,管理統括,総務部,第三課,2024,202502,4Q,100003,売上総利益,S004,見込,154062337,147351231
20240219,博報堂DYメディアパートナーズ,営業統括,経営企画部,第三課,2023,202402,4Q,300001,営業利益,S003,調整,469475032,475254161
20230817,大広,デジタル統括,第一営業部,管理課,2023,202308,2Q,300001,営業利益,S005,確定,477153881,397350138
20240223,博報堂DYメディアパートナーズ,クリエイティブ統括,クリエイティブ部,推進課,2023,202402,4Q,300001,営業利益,S001,通常,283904424,233473807
20240613,大広,営業統括,デジタルマーケティング部,管理課,2024,202406,1Q,500002,媒体社リベート,S002,特別,420164344,317578627
20241027,読売広告社,営業統括,経営企画部,企画課,2024,202410,3Q,100003,売上総利益,S004,見込,57241060,65918322
20240414,読売広告社,デジタル統括,経営企画部,管理課,2024,202404,1Q,100002,売上原価,S003,調整,286316986,213066723
20230604,博報堂,管理統括,デジタルマーケティング部,管理課,2023,202306,1Q,300001,営業利益,S002,特別,419084280,301868425
20240720,大広,メディア統括,制作部,企画課,2024,202407,2Q,100001,売上高,S004,見込,114294902,117195851
20250201,博報堂DYメディアパートナーズ,管理統括,第一営業部,管理課,2024,202502,4Q,400002,制作収入,S003,調整,346156053,289831315
20250223,博報堂プロダクツ,営業統括,デジタルマーケティング部,企画課,2024,202502,4Q,200001,人件費,S002,特別,281551305,271328832
20230622,大広,管理統括,総務部,運用課,2023,202306,1Q,400003,コンサルティング収入,S003,調整,603217649,433450119
20241015,大広,クリエイティブ統括,総務部,管理課,2024,202410,3Q,500002,媒体社リベート,S003,調整,157479237,136777292
20240816,大広,クリエイティブ統括,経営企画部,第三課,2024,202408,2Q,400001,媒体手数料収入,S002,特別,188423236,177802730
20240806,博報堂DYメディアパートナーズ,管理統括,制作部,第二課,2024,202408,2Q,100001,売上高,S004,見込,22314648,35352173
20240508,博報堂,メディア統括,人事部,第三課,2024,202405,1Q,200003,減価償却費,S004,見込,3858371,4169924
20230911,博報堂プロダクツ,メディア統括,経営企画部,第二課,2023,202309,2Q,400001,媒体手数料収入,S002,特別,381841877,317527472
20230917,博報堂,管理統括,デジタルマーケティング部,第三課,2023,202309,2Q,200002,経費,S004,見込,107477344,144033838
20240315,読売広告社,クリエイティブ統括,メディアプランニング部,第一課,2023,202403,4Q,100001,売上高,S002,特別,218037621,356323151
20250323,博報堂DYメディアパートナーズ,管理統括,総務部,第二課,2024,202503,4Q,200003,減価償却費,S003,調整,277887989,374072327
20230408,博報堂プロダクツ,デジタル統括,財務経理部,開発課,2023,202304,1Q,100002,売上原価,S003,調整,137994613,176478695
20240403,読売広告社,メディア統括,経営企画部,第二課,2024,202404,1Q,100001,売上高,S004,見込,107842691,91425745
20250209,博報堂プロダクツ,営業統括,経営企画部,第一課,2024,202502,4Q,200002,経費,S002,特別,341914442,413530698
20230507,大広,営業統括,クリエイティブ部,管理課,2023,202305,1Q,100003,売上総利益,S003,調整,394533383,412978104
20240302,大広,管理統括,デジタルマーケティング部,運用課,2023,202403,4Q,100003,売上総利益,S003,調整,359960380,340090344
20240819,大広,営業統括,制作部,第二課,2024,202408,2Q,100003,売上総利益,S002,特別,39066407,48439111
20230410,読売広告社,クリエイティブ統括,デジタルマーケティング部,開発課,2023,202304,1Q,400001,媒体手数料収入,S001,通常,33511156,24168060
20240301,博報堂DYメディアパートナーズ,クリエイティブ統括,メディアプランニング部,運用課,2023,202403,4Q,400003,コンサルティング収入,S004,見込,56318923,79314814
20250321,博報堂DYメディアパートナーズ,管理統括,デジタルマーケティング部,第一課,2024,202503,4Q,300001,営業利益,S003,調整,178267443,152610061
20240828,博報堂プロダクツ,メディア統括,総務部,開発課,2024,202408,2Q,300002,経常利益,S002,特別,77397836,55844853
20231008,読売広告社,管理統括,人事部,企画課,2023,202310,3Q,400002,制作収入,S002,特別,343903254,257089996
20240606,博報堂DYメディアパートナーズ,営業統括,クリエイティブ部,管理課,2024,202406,1Q,100002,売上原価,S005,確定,354908357,460180000
20240414,博報堂プロダクツ,管理統括,総務部,第三課,2024,202404,1Q,100003,売上総利益,S002,特別,508746218,417933136
20240425,大広,クリエイティブ統括,制作部,開発課,2024,202404,1Q,100002,売上原価,S002,特別,223662147,340817894
20240824,博報堂DYメディアパートナーズ,メディア統括,メディアプランニング部,第二課,2024,202408,2Q,400002,制作収入,S004,見込,136179802,198667548
20231127,大広,クリエイティブ統括,人事部,推進課,2023,202311,3Q,500002,媒体社リベート,S005,確定,262891696,353651193
20231205,読売広告社,営業統括,第二営業部,開発課,2023,202312,3Q,100002,売上原価,S001,通常,119539041,96117536
20240208,大広,メディア統括,メディアプランニング部,企画課,2023,202402,4Q,400002,制作収入,S003,調整,344807025,370123728
20231009,博報堂プロダクツ,クリエイティブ統括,クリエイティブ部,推進課,2023,202310,3Q,400002,制作収入,S005,確定,181482274,176381108
20240101,大広,営業統括,制作部,第二課,2023,202401,4Q,300001,営業利益,S002,特別,92699601,74230774
20241217,博報堂DYメディアパートナーズ,営業統括,第二営業部,管理課,2024,202412,3Q,400001,媒体手数料収入,S003,調整,38643227,45499190
20240427,博報堂,メディア統括,人事部,企画課,2024,202404,1Q,100001,売上高,S002,特別,146930617,127951396
20240308,博報堂,クリエイティブ統括,人事部,管理課,2023,202403,4Q,400002,制作収入,S005,確定,326057281,324824371
20231001,博報堂プロダクツ,営業統括,人事部,開発課,2023,202310,3Q,500001,広告主負担金,S001,通常,199596070,234106939
20240827,博報堂DYメディアパートナーズ,営業統括,第二営業部,推進課,2024,202408,2Q,200002,経費,S005,確定,297753343,315180820
20240708,大広,営業統括,クリエイティブ部,第二課,2024,202407,2Q,400003,コンサルティング収入,S004,見込,42055446,53407327
20230905,博報堂,デジタル統括,第一営業部,運用課,2023,202309,2Q,300002,経常利益,S002,特別,189864797,192851813
20231108,博報堂DYメディアパートナーズ,営業統括,経営企画部,開発課,2023,202311,3Q,400003,コンサルティング収入,S004,見込,135720818,204479282
20231026,読売広告社,営業統括,第二営業部,第二課,2023,202310,3Q,200001,人件費,S002,特別,10293818,9567340
20241219,博報堂,管理統括,財務経理部,第一課,2024,202412,3Q,200001,人件費,S002,特別,318681685,283349351
20240805,博報堂,管理統括,第二営業部,第一課,2024,202408,2Q,300002,経常利益,S003,調整,111315280,178218780
20231117,読売広告社,メディア統括,人事部,企画課,2023,202311,3Q,200002,経費,S004,見込,450705428,368484890
20240520,大広,メディア統括,財務経理部,第一課,2024,202405,1Q,100002,売上原価,S005,確定,318965942,230837140
20240325,博報堂プロダクツ,メディア統括,第二営業部,企画課,2023,202403,4Q,200001,人件費,S005,確定,111987050,112739670
20240727,博報堂DYメディアパートナーズ,管理統括,制作部,運用課,2024,202407,2Q,300001,営業利益,S001,通常,305656193,278241488
20230807,大広,管理統括,第一営業部,運用課,2023,202308,2Q,500002,媒体社リベート,S003,調整,41192097,32390040
20230519,読売広告社,メディア統括,人事部,第一課,2023,202305,1Q,200002,経費,S002,特別,67567731,54403995
20230403,博報堂,クリエイティブ統括,デジタルマーケティング部,開発課,2023,202304,1Q,100001,売上高,S003,調整,112215287,86453913
20240704,博報堂DYメディアパートナーズ,営業統括,経営企画部,企画課,2024,202407,2Q,300002,経常利益,S003,調整,66322975,59028909
20250226,博報堂,クリエイティブ統括,総務部,第二課,2024,202502,4Q,100002,売上原価,S001,通常,92480417,148759184
20240814,博報堂プロダクツ,クリエイティブ統括,第二営業部,第二課,2024,202408,2Q,100001,売上高,S005,確定,349834320,253877213
20230627,読売広告社,営業統括,人事部,第二課,2023,202306,1Q,400003,コンサルティング収入,S003,調整,129421410,163084009
20241012,博報堂プロダクツ,メディア統括,財務経理部,開発課,2024,202410,3Q,400003,コンサルティング収入,S001,通常,246530429,191062308
20231211,読売広告社,営業統括,第一営業部,第二課,2023,202312,3Q,100002,売上原価,S003,調整,12606941,19189872
20230916,大広,クリエイティブ統括,財務経理部,第三課,2023,202309,2Q,200003,減価償却費,S005,確定,326199489,282808265
20240114,大広,メディア統括,制作部,運用課,2023,202401,4Q,300001,営業利益,S003,調整,6101088,6033979
20250305,読売広告社,クリエイティブ統括,メディアプランニング部,第二課,2024,202503,4Q,100003,売上総利益,S003,調整,291710293,274134825
20230815,大広,デジタル統括,メディアプランニング部,第三課,2023,202308,2Q,200003,減価償却費,S002,特別,51988049,42624755
20231217,博報堂DYメディアパートナーズ,クリエイティブ統括,制作部,第二課,2023,202312,3Q,500001,広告主負担金,S003,調整,211302261,313383281
20230925,博報堂,管理統括,デジタルマーケティング部,企画課,2023,202309,2Q,200001,人件費,S003,調整,68678827,67694935
20240127,博報堂DYメディアパートナーズ,管理統括,メディアプランニング部,第二課,2023,202401,4Q,400001,媒体手数料収入,S001,通常,45970569,64691641
20240904,大広,クリエイティブ統括,経営企画部,第三課,2024,202409,2Q,200001,人件費,S001,通常,58978268,63156048
20241019,博報堂,営業統括,財務経理部,管理課,2024,202410,3Q,400003,コンサルティング収入,S003,調整,144482537,210097166
20231020,博報堂DYメディアパートナーズ,管理統括,財務経理部,推進課,2023,202310,3Q,500001,広告主負担金,S005,確定,275209483,232709316
20230414,博報堂DYメディアパートナーズ,管理統括,経営企画部,開発課,2023,202304,1Q,100001,売上高,S005,確定,121842717,99603028
20231027,大広,メディア統括,制作部,推進課,2023,202310,3Q,300001,営業利益,S004,見込,138933605,156471837
20240711,大広,デジタル統括,総務部,管理課,2024,202407,2Q,500001,広告主負担金,S004,見込,270379645,317745284
20231222,博報堂,デジタル統括,メディアプランニング部,運用課,2023,202312,3Q,200003,減価償却費,S002,特別,107382231,164129381
20250125,読売広告社,メディア統括,クリエイティブ部,企画課,2024,202501,4Q,100002,売上原価,S004,見込,92608473,116987531
20250317,読売広告社,クリエイティブ統括,人事部,開発課,2024,202503,4Q,100001,売上高,S005,確定,502190940,399339289
20250111,大広,メディア統括,人事部,第二課,2024,202501,4Q,400001,媒体手数料収入,S005,確定,244271099,362919689
20240407,大広,営業統括,制作部,運用課,2024,202404,1Q,200001,人件費,S003,調整,161620574,142740545
20230621,博報堂,管理統括,クリエイティブ部,管理課,2023,202306,1Q,400003,コンサルティング収入,S001,通常,213032835,275731877
20240105,博報堂プロダクツ,デジタル統括,第二営業部,管理課,2023,202401,4Q,200002,経費,S002,特別,671609708,485225953
20240601,博報堂プロダクツ,管理統括,経営企画部,第一課,2024,202406,1Q,500001,広告主負担金,S003,調整,12573629,15893840
20240722,読売広告社,クリエイティブ統括,制作部,推進課,2024,202407,2Q,200002,経費,S002,特別,149760967,145251071
20241112,大広,メディア統括,クリエイティブ部,管理課,2024,202411,3Q,200003,減価償却費,S003,調整,562801144,411469920
20241104,博報堂プロダクツ,管理統括,経営企画部,企画課,2024,202411,3Q,400003,コンサルティング収入,S005,確定,148254271,109766104
20240709,博報堂DYメディアパートナーズ,デジタル統括,総務部,企画課,2024,202407,2Q,100002,売上原価,S002,特別,117452317,191135121
20231012,読売広告社,営業統括,クリエイティブ部,開発課,2023,202310,3Q,500001,広告主負担金,S005,確定,15377140,15579013
20230726,博報堂プロダクツ,営業統括,メディアプランニング部,推進課,2023,202307,2Q,400002,制作収入,S004,見込,651870991,492573006
20250311,読売広告社,デジタル統括,総務部,第三課,2024,202503,4Q,300001,営業利益,S001,通常,121471649,126140492
20231216,博報堂,クリエイティブ統括,総務部,第一課,2023,202312,3Q,100002,売上原価,S002,特別,227774875,209738353
20240621,博報堂,メディア統括,第一営業部,推進課,2024,202406,1Q,400001,媒体手数料収入,S005,確定,46966838,44311130
20241219,大広,営業統括,第二営業部,管理課,2024,202412,3Q,100001,売上高,S004,見込,165374466,220609291
20230801,大広,メディア統括,経営企画部,第三課,2023,202308,2Q,300002,経常利益,S002,特別,406107673,325172040
20230919,大広,クリエイティブ統括,財務経理部,企画課,2023,202309,2Q,100001,売上高,S002,特別,209051405,167648679
20240814,読売広告社,営業統括,第二営業部,推進課,2024,202408,2Q,200003,減価償却費,S005,確定,20093784,33039343
20230427,博報堂,管理統括,デジタルマーケティング部,第三課,2023,202304,1Q,100003,売上総利益,S005,確定,66128428,75822661
20231128,博報堂プロダクツ,デジタル統括,制作部,第一課,2023,202311,3Q,500002,媒体社リベート,S002,特別,154342922,245019840
20230411,博報堂DYメディアパートナーズ,管理統括,第一営業部,第一課,2023,202304,1Q,500002,媒体社リベート,S003,調整,114869722,135996066
20230511,博報堂プロダクツ,管理統括,第一営業部,推進課,2023,202305,1Q,200001,人件費,S004,見込,29391917,21787016
20250115,大広,デジタル統括,財務経理部,開発課,2024,202501,4Q,200002,経費,S003,調整,521328403,396290634
20241014,読売広告社,クリエイティブ統括,財務経理部,運用課,2024,202410,3Q,500002,媒体社リベート,S003,調整,351330821,325589397
20230813,博報堂DYメディアパートナーズ,メディア統括,第二営業部,第一課,2023,202308,2Q,200002,経費,S003,調整,10755678,13980282
20241216,大広,メディア統括,総務部,企画課,2024,202412,3Q,100001,売上高,S004,見込,423167885,489743246
20230714,博報堂DYメディアパートナーズ,クリエイティブ統括,デジタルマーケティング部,企画課,2023,202307,2Q,400001,媒体手数料収入,S004,見込,243339217,211470721
20240615,博報堂,クリエイティブ統括,制作部,企画課,2024,202406,1Q,100002,売上原価,S002,特別,80751583,130487807
20240922,博報堂プロダクツ,管理統括,人事部,運用課,2024,202409,2Q,300002,経常利益,S001,通常,345504015,354338458
20230615,博報堂,メディア統括,総務部,開発課,2023,202306,1Q,400003,コンサルティング収入,S003,調整,158107471,153900447
20231201,博報堂プロダクツ,メディア統括,クリエイティブ部,開発課,2023,202312,3Q,200001,人件費,S004,見込,343985920,282084767
20240227,読売広告社,管理統括,クリエイティブ部,開発課,2023,202402,4Q,400001,媒体手数料収入,S004,見込,246317288,386809405
20241118,博報堂,営業統括,総務部,推進課,2024,202411,3Q,100002,売上原価,S003,調整,488185081,432336584
20240904,博報堂DYメディアパートナーズ,営業統括,クリエイティブ部,管理課,2024,202409,2Q,100001,売上高,S002,特別,340814441,464166592
20240321,博報堂DYメディアパートナーズ,クリエイティブ統括,第一営業部,管理課,2023,202403,4Q,200002,経費,S001,通常,6332170,10420403
20231017,読売広告社,クリエイティブ統括,財務経理部,第二課,2023,202310,3Q,100002,売上原価,S001,通常,367527578,449257891
20231228,読売広告社,クリエイティブ統括,第一営業部,第三課,2023,202312,3Q,400003,コンサルティング収入,S001,通常,443652608,489012386
20230504,大広,管理統括,人事部,運用課,2023,202305,1Q,100003,売上総利益,S005,確定,298415033,419890265
20241218,大広,営業統括,デジタルマーケティング部,運用課,2024,202412,3Q,200001,人件費,S002,特別,441992897,449153509
20240717,博報堂DYメディアパートナーズ,管理統括,総務部,推進課,2024,202407,2Q,300001,営業利益,S002,特別,47224241,40322798
20240505,読売広告社,営業統括,第二営業部,第一課,2024,202405,1Q,400001,媒体手数料収入,S002,特別,303068477,434864776
20240106,博報堂DYメディアパートナーズ,営業統括,人事部,第二課,2023,202401,4Q,100002,売上原価,S002,特別,551596921,473530764
20240122,博報堂,デジタル統括,財務経理部,第三課,2023,202401,4Q,300002,経常利益,S003,調整,89411252,83660489
20250205,博報堂プロダクツ,営業統括,クリエイティブ部,第三課,2024,202502,4Q,500002,媒体社リベート,S001,通常,633288126,474241223
20240514,読売広告社,メディア統括,人事部,管理課,2024,202405,1Q,100002,売上原価,S002,特別,160024860,200069377
20250110,博報堂プロダクツ,営業統括,経営企画部,管理課,2024,202501,4Q,500001,広告主負担金,S005,確定,292768064,348321063
20240106,博報堂DYメディアパートナーズ,メディア統括,メディアプランニング部,第二課,2023,202401,4Q,300001,営業利益,S005,確定,253527935,278716702
20250221,大広,管理統括,第一営業部,開発課,2024,202502,4Q,400002,制作収入,S002,特別,194123783,290982881
20230526,博報堂,管理統括,財務経理部,企画課,2023,202305,1Q,300002,経常利益,S004,見込,182239537,244393845
20241027,博報堂,管理統括,メディアプランニング部,第三課,2024,202410,3Q,200003,減価償却費,S005,確定,136956818,143459970
20231216,博報堂,営業統括,総務部,開発課,2023,202312,3Q,500001,広告主負担金,S001,通常,88063246,96640986
20230426,読売広告社,管理統括,第一営業部,推進課,2023,202304,1Q,300001,営業利益,S005,確定,377389115,311145313
20231108,博報堂DYメディアパートナーズ,営業統括,財務経理部,第一課,2023,202311,3Q,300002,経常利益,S004,見込,45150629,60679425
20240605,博報堂,メディア統括,第一営業部,運用課,2024,202406,1Q,200001,人件費,S002,特別,48446818,49072261
20250316,博報堂DYメディアパートナーズ,営業統括,財務経理部,第三課,2024,202503,4Q,400003,コンサルティング収入,S004,見込,337378381,434252203
20240324,博報堂プロダクツ,営業統括,メディアプランニング部,運用課,2023,202403,4Q,300002,経常利益,S004,見込,20748058,29020774
20240322,読売広告社,クリエイティブ統括,財務経理部,第三課,2023,202403,4Q,100001,売上高,S005,確定,96809346,141646634
20230506,博報堂DYメディアパートナーズ,クリエイティブ統括,制作部,第二課,2023,202305,1Q,300001,営業利益,S004,見込,323608378,298859511
20230814,読売広告社,クリエイティブ統括,クリエイティブ部,運用課,2023,202308,2Q,300001,営業利益,S002,特別,63198481,90344118
20240315,博報堂DYメディアパートナーズ,営業統括,経営企画部,運用課,2023,202403,4Q,100001,売上高,S004,見込,336870766,437675974
20240916,読売広告社,メディア統括,デジタルマーケティング部,第二課,2024,202409,2Q,400001,媒体手数料収入,S003,調整,417432672,367300280
20241202,博報堂プロダクツ,デジタル統括,デジタルマーケティング部,管理課,2024,202412,3Q,500002,媒体社リベート,S003,調整,308563142,247841558
20231024,博報堂プロダクツ,営業統括,クリエイティブ部,推進課,2023,202310,3Q,100002,売上原価,S003,調整,372341089,464548411
20250121,博報堂プロダクツ,管理統括,制作部,推進課,2024,202501,4Q,400003,コンサルティング収入,S004,見込,178775964,159475584
20240519,博報堂,メディア統括,第二営業部,第一課,2024,202405,1Q,100003,売上総利益,S002,特別,137311550,142762023
20231020,読売広告社,メディア統括,財務経理部,推進課,2023,202310,3Q,400003,コンサルティング収入,S003,調整,297004376,280445473
20240914,読売広告社,クリエイティブ統括,人事部,管理課,2024,202409,2Q,200002,経費,S002,特別,206541760,165702665
20230728,読売広告社,メディア統括,第二営業部,第二課,2023,202307,2Q,200002,経費,S001,通常,240365568,205298258
20240425,博報堂,クリエイティブ統括,デジタルマーケティング部,第二課,2024,202404,1Q,500001,広告主負担金,S002,特別,114791316,84856497
20240427,博報堂プロダクツ,クリエイティブ統括,総務部,運用課,2024,202404,1Q,200002,経費,S002,特別,143959201,161801247
20240624,大広,営業統括,第二営業部,運用課,2024,202406,1Q,200001,人件費,S002,特別,454502353,433228784
20240903,博報堂プロダクツ,管理統括,メディアプランニング部,企画課,2024,202409,2Q,300001,営業利益,S002,特別,91729105,94471400
20230424,博報堂プロダクツ,デジタル統括,財務経理部,第三課,2023,202304,1Q,500001,広告主負担金,S004,見込,248379980,193672753
20240113,博報堂,管理統括,第二営業部,第三課,2023,202401,4Q,500002,媒体社リベート,S004,見込,59869103,98810786
20240313,読売広告社,メディア統括,デジタルマーケティング部,推進課,2023,202403,4Q,500001,広告主負担金,S005,確定,447275938,365030168
20250228,大広,デジタル統括,クリエイティブ部,企画課,2024,202502,4Q,300001,営業利益,S005,確定,133657047,99439071
20230522,博報堂プロダクツ,メディア統括,第二営業部,推進課,2023,202305,1Q,100001,売上高,S004,見込,111377876,147241581
20240427,博報堂プロダクツ,クリエイティブ統括,制作部,運用課,2024,202404,1Q,100001,売上高,S002,特別,276329081,329391809
20240428,博報堂,メディア統括,経営企画部,推進課,2024,202404,1Q,200002,経費,S002,特別,203627624,327928113
20240320,博報堂,メディア統括,人事部,第一課,2023,202403,4Q,100001,売上高,S001,通常,71759608,59465166
20240524,大広,管理統括,人事部,企画課,2024,202405,1Q,300002,経常利益,S004,見込,195864109,196812330
20231216,読売広告社,営業統括,デジタルマーケティング部,企画課,2023,202312,3Q,200002,経費,S001,通常,242569852,335765992
20230518,博報堂DYメディアパートナーズ,メディア統括,メディアプランニング部,管理課,2023,202305,1Q,400001,媒体手数料収入,S003,調整,116753841,93432861
20230827,読売広告社,メディア統括,第二営業部,第二課,2023,202308,2Q,400003,コンサルティング収入,S001,通常,395397350,354843212
20250228,博報堂プロダクツ,デジタル統括,第一営業部,企画課,2024,202502,4Q,400003,コンサルティング収入,S002,特別,240122511,301152743
20240328,博報堂,営業統括,経営企画部,企画課,2023,202403,4Q,500001,広告主負担金,S001,通常,194014190,206003859
20240901,博報堂プロダクツ,管理統括,クリエイティブ部,第三課,2024,202409,2Q,100003,売上総利益,S002,特別,657929477,477411472
20231222,大広,クリエイティブ統括,人事部,第一課,2023,202312,3Q,100002,売上原価,S001,通常,608321037,451682851
20241009,博報堂,営業統括,デジタルマーケティング部,運用課,2024,202410,3Q,200001,人件費,S002,特別,31178217,39033111
20240908,博報堂DYメディアパートナーズ,メディア統括,経営企画部,開発課,2024,202409,2Q,500002,媒体社リベート,S003,調整,240666706,379615416
20241028,博報堂,営業統括,デジタルマーケティング部,管理課,2024,202410,3Q,500002,媒体社リベート,S001,通常,343791228,285381076
20230801,読売広告社,管理統括,人事部,第三課,2023,202308,2Q,200003,減価償却費,S003,調整,456143781,458313560
20241026,博報堂プロダクツ,管理統括,財務経理部,推進課,2024,202410,3Q,500001,広告主負担金,S005,確定,450731648,410219297
20230905,博報堂DYメディアパートナーズ,デジタル統括,メディアプランニング部,管理課,2023,202309,2Q,300001,営業利益,S005,確定,436211723,334686950
20240802,博報堂DYメディアパートナーズ,管理統括,制作部,第一課,2024,202408,2Q,200002,経費,S004,見込,316361822,404234855
20230927,大広,デジタル統括,財務経理部,推進課,2023,202309,2Q,400001,媒体手数料収入,S004,見込,374520464,430530229
20230710,博報堂プロダクツ,デジタル統括,財務経理部,第二課,2023,202307,2Q,200001,人件費,S005,確定,20780067,20120700
20240706,大広,メディア統括,経営企画部,企画課,2024,202407,2Q,400001,媒体手数料収入,S003,調整,227810315,213020557
20230426,博報堂プロダクツ,クリエイティブ統括,デジタルマーケティング部,管理課,2023,202304,1Q,400001,媒体手数料収入,S001,通常,406383077,322413778
20240112,読売広告社,デジタル統括,クリエイティブ部,管理課,2023,202401,4Q,100001,売上高,S004,見込,472239222,429442926
20240511,博報堂プロダクツ,管理統括,メディアプランニング部,企画課,2024,202405,1Q,400003,コンサルティング収入,S005,確定,421938353,381567752
20230904,読売広告社,管理統括,デジタルマーケティング部,第一課,2023,202309,2Q,200002,経費,S003,調整,317511177,480341887
20240209,読売広告社,営業統括,第一営業部,企画課,2023,202402,4Q,500002,媒体社リベート,S005,確定,332419569,498722323
20240327,読売広告社,デジタル統括,人事部,管理課,2023,202403,4Q,400001,媒体手数料収入,S002,特別,21012590,15330486
20230405,博報堂プロダクツ,管理統括,メディアプランニング部,推進課,2023,202304,1Q,400001,媒体手数料収入,S002,特別,208434155,251488589
20241120,博報堂DYメディアパートナーズ,管理統括,経営企画部,管理課,2024,202411,3Q,100002,売上原価,S004,見込,21308331,16252934
20230920,博報堂,管理統括,メディアプランニング部,運用課,2023,202309,2Q,500001,広告主負担金,S004,見込,179538516,199162407
20231220,大広,管理統括,財務経理部,第三課,2023,202312,3Q,400002,制作収入,S003,調整,168064433,221547857
20240209,読売広告社,デジタル統括,経営企画部,開発課,2023,202402,4Q,200001,人件費,S001,通常,601337331,480019801
20231128,読売広告社,メディア統括,総務部,第一課,2023,202311,3Q,100002,売上原価,S005,確定,188031285,193003943
20230720,博報堂,管理統括,第一営業部,企画課,2023,202307,2Q,100002,売上原価,S003,調整,66980909,54964197
20240504,博報堂DYメディアパートナーズ,クリエイティブ統括,制作部,企画課,2024,202405,1Q,100002,売上原価,S003,調整,184162509,240807320
20231224,博報堂プロダクツ,メディア統括,人事部,推進課,2023,202312,3Q,400003,コンサルティング収入,S005,確定,206296520,177539173
20240504,博報堂DYメディアパートナーズ,デジタル統括,メディアプランニング部,推進課,2024,202405,1Q,400003,コンサルティング収入,S002,特別,288761942,249707757
20240115,博報堂プロダクツ,管理統括,制作部,第一課,2023,202401,4Q,100002,売上原価,S003,調整,68199904,55179179
20240612,博報堂プロダクツ,クリエイティブ統括,デジタルマーケティング部,管理課,2024,202406,1Q,400003,コンサルティング収入,S003,調整,501108111,414135706
20241007,読売広告社,デジタル統括,第一営業部,第三課,2024,202410,3Q,400001,媒体手数料収入,S005,確定,426632143,324197667
20230418,博報堂プロダクツ,管理統括,制作部,企画課,2023,202304,1Q,400001,媒体手数料収入,S005,確定,165905188,143074714
20230503,大広,営業統括,第一営業部,第二課,2023,202305,1Q,300001,営業利益,S001,通常,154237727,222472950
20241224,博報堂プロダクツ,管理統括,総務部,運用課,2024,202412,3Q,300002,経常利益,S002,特別,549544916,476115236
20241112,博報堂プロダクツ,管理統括,メディアプランニング部,管理課,2024,202411,3Q,100002,売上原価,S002,特別,231337866,257805740
20240302,読売広告社,営業統括,経営企画部,管理課,2023,202403,4Q,200003,減価償却費,S002,特別,337038438,281678629
20230514,大広,メディア統括,第一営業部,第一課,2023,202305,1Q,500002,媒体社リベート,S003,調整,181305491,163362820
20231212,博報堂プロダクツ,クリエイティブ統括,第一営業部,企画課,2023,202312,3Q,100001,売上高,S002,特別,342044786,470045513
20230620,大広,クリエイティブ統括,クリエイティブ部,第二課,2023,202306,1Q,100001,売上高,S004,見込,24991861,19120630
20230506,読売広告社,クリエイティブ統括,総務部,運用課,2023,202305,1Q,200001,人件費,S005,確定,103036547,99095894
20230613,博報堂,クリエイティブ統括,クリエイティブ部,第二課,2023,202306,1Q,200002,経費,S002,特別,122867396,203063694
20231023,博報堂DYメディアパートナーズ,営業統括,経営企画部,管理課,2023,202310,3Q,200002,経費,S005,確定,55257318,86467777
20240521,博報堂プロダクツ,デジタル統括,経営企画部,推進課,2024,202405,1Q,400001,媒体手数料収入,S004,見込,445944275,406808549
20230623,読売広告社,クリエイティブ統括,デジタルマーケティング部,企画課,2023,202306,1Q,300002,経常利益,S005,確定,178498875,265353857
20230824,大広,デジタル統括,デジタルマーケティング部,開発課,2023,202308,2Q,200001,人件費,S004,見込,336540573,419475919
20231111,博報堂,デジタル統括,総務部,企画課,2023,202311,3Q,300001,営業利益,S001,通常,426638295,387506164
20241011,博報堂,クリエイティブ統括,メディアプランニング部,第三課,2024,202410,3Q,400001,媒体手数料収入,S003,調整,323437624,419653873
20240425,大広,クリエイティブ統括,財務経理部,開発課,2024,202404,1Q,200001,人件費,S003,調整,2868819,3676978
20230519,博報堂,メディア統括,第一営業部,開発課,2023,202305,1Q,500002,媒体社リベート,S003,調整,108939408,80605537
20240303,大広,メディア統括,経営企画部,開発課,2023,202403,4Q,500001,広告主負担金,S004,見込,562964137,471447717
20240727,大広,管理統括,第二営業部,第一課,2024,202407,2Q,500001,広告主負担金,S004,見込,23864983,25006203
20230614,博報堂,デジタル統括,経営企画部,企画課,2023,202306,1Q,400002,制作収入,S003,調整,85441466,62270512
20231108,博報堂,管理統括,第一営業部,第一課,2023,202311,3Q,300001,営業利益,S004,見込,395277223,347071661
20230410,大広,クリエイティブ統括,デジタルマーケティング部,企画課,2023,202304,1Q,400002,制作収入,S004,見込,128801698,137256733
20241111,博報堂DYメディアパートナーズ,メディア統括,第一営業部,第三課,2024,202411,3Q,500001,広告主負担金,S001,通常,187931676,222159910
20240613,博報堂DYメディアパートナーズ,クリエイティブ統括,制作部,第二課,2024,202406,1Q,400002,制作収入,S004,見込,254799523,341904808
20230707,博報堂DYメディアパートナーズ,管理統括,人事部,開発課,2023,202307,2Q,500002,媒体社リベート,S001,通常,332131815,367166007
20240923,博報堂プロダクツ,デジタル統括,総務部,運用課,2024,202409,2Q,400002,制作収入,S004,見込,169408640,240089166
20231022,博報堂DYメディアパートナーズ,メディア統括,財務経理部,管理課,2023,202310,3Q,300001,営業利益,S003,調整,653587340,498752605
20230402,大広,営業統括,第二営業部,第一課,2023,202304,1Q,500001,広告主負担金,S002,特別,472245010,476225370
20250114,博報堂,管理統括,第二営業部,推進課,2024,202501,4Q,300002,経常利益,S002,特別,279014424,302763452
20240826,大広,管理統括,経営企画部,開発課,2024,202408,2Q,500001,広告主負担金,S001,通常,506740308,395858233
20240124,博報堂DYメディアパートナーズ,クリエイティブ統括,デジタルマーケティング部,第三課,2023,202401,4Q,100002,売上原価,S005,確定,346660264,293676098
20230623,大広,デジタル統括,人事部,推進課,2023,202306,1Q,400001,媒体手数料収入,S004,見込,31967704,43407696
20240314,読売広告社,メディア統括,人事部,第三課,2023,202403,4Q,500002,媒体社リベート,S005,確定,383461450,322447341
20240314,読売広告社,デジタル統括,人事部,第三課,2023,202403,4Q,500001,広告主負担金,S003,調整,121059992,95073992
20240123,博報堂,デジタル統括,財務経理部,企画課,2023,202401,4Q,300001,営業利益,S005,確定,387795056,365278817
20241025,博報堂DYメディアパートナーズ,メディア統括,メディアプランニング部,推進課,2024,202410,3Q,100001,売上高,S004,見込,387412603,368690414
20231204,大広,メディア統括,第一営業部,管理課,2023,202312,3Q,300002,経常利益,S003,調整,92423608,78032925
20230808,読売広告社,メディア統括,人事部,企画課,2023,202308,2Q,300001,営業利益,S004,見込,215108888,163098868
20250121,博報堂,デジタル統括,総務部,第二課,2024,202501,4Q,100003,売上総利益,S002,特別,472410763,396925334
20240502,博報堂プロダクツ,クリエイティブ統括,第一営業部,第二課,2024,202405,1Q,200001,人件費,S004,見込,568001422,494492025
20240303,博報堂プロダクツ,デジタル統括,経営企画部,推進課,2023,202403,4Q,300001,営業利益,S005,確定,304881165,379323046
20241215,博報堂DYメディアパートナーズ,メディア統括,総務部,運用課,2024,202412,3Q,400003,コンサルティング収入,S002,特別,302429874,329822605
20240828,読売広告社,クリエイティブ統括,デジタルマーケティング部,第一課,2024,202408,2Q,200003,減価償却費,S001,通常,11652081,15464074
20240312,大広,クリエイティブ統括,第二営業部,管理課,2023,202403,4Q,100002,売上原価,S002,特別,325113906,427281410
20231119,博報堂プロダクツ,クリエイティブ統括,総務部,推進課,2023,202311,3Q,100003,売上総利益,S004,見込,97774653,157589801
20250223,博報堂DYメディアパートナーズ,デジタル統括,人事部,運用課,2024,202502,4Q,400001,媒体手数料収入,S001,通常,264674474,316433459
20230720,読売広告社,メディア統括,第二営業部,企画課,2023,202307,2Q,500002,媒体社リベート,S002,特別,61516438,52420974
20240817,博報堂DYメディアパートナーズ,管理統括,デジタルマーケティング部,第二課,2024,202408,2Q,500001,広告主負担金,S003,調整,156099991,190510085
20231201,大広,管理統括,メディアプランニング部,推進課,2023,202312,3Q,400003,コンサルティング収入,S003,調整,195180704,237283305
20240811,博報堂DYメディアパートナーズ,デジタル統括,メディアプランニング部,企画課,2024,202408,2Q,400003,コンサルティング収入,S001,通常,170614224,213420599
20230817,博報堂DYメディアパートナーズ,メディア統括,第一営業部,第一課,2023,202308,2Q,400001,媒体手数料収入,S001,通常,244072692,281760293
20230427,博報堂DYメディアパートナーズ,営業統括,総務部,第三課,2023,202304,1Q,200001,人件費,S005,確定,306381289,322770394
20230806,読売広告社,クリエイティブ統括,メディアプランニング部,運用課,2023,202308,2Q,100003,売上総利益,S005,確定,186113178,267299883
20241027,読売広告社,営業統括,財務経理部,第一課,2024,202410,3Q,200001,人件費,S005,確定,434535857,471055600
20250215,大広,メディア統括,デジタルマーケティング部,管理課,2024,202502,4Q,400002,制作収入,S002,特別,110530972,95614732
20241215,博報堂,メディア統括,クリエイティブ部,開発課,2024,202412,3Q,200002,経費,S005,確定,383443573,429497957
20250113,読売広告社,デジタル統括,財務経理部,企画課,2024,202501,4Q,200002,経費,S004,見込,267931758,441458532
20241005,大広,メディア統括,クリエイティブ部,企画課,2024,202410,3Q,100002,売上原価,S003,調整,244914815,212677047
20241111,大広,管理統括,第二営業部,推進課,2024,202411,3Q,500001,広告主負担金,S002,特別,221831642,213967606
20240109,読売広告社,管理統括,第一営業部,企画課,2023,202401,4Q,200001,人件費,S003,調整,319213450,445879222
20241001,博報堂プロダクツ,管理統括,第二営業部,第三課,2024,202410,3Q,400002,制作収入,S002,特別,474804160,443363128
20240224,博報堂プロダクツ,営業統括,第一営業部,第一課,2023,202402,4Q,300002,経常利益,S004,見込,115703122,90181101
20240923,博報堂DYメディアパートナーズ,管理統括,財務経理部,第一課,2024,202409,2Q,300001,営業利益,S004,見込,542013491,459631813
20240907,博報堂DYメディアパートナーズ,デジタル統括,第二営業部,企画課,2024,202409,2Q,300002,経常利益,S003,調整,529518613,403139745
20250225,読売広告社,管理統括,第一営業部,第三課,2024,202502,4Q,100003,売上総利益,S005,確定,173578606,232187014
20230705,博報堂DYメディアパートナーズ,デジタル統括,総務部,管理課,2023,202307,2Q,400002,制作収入,S004,見込,441844063,341359503
20250102,大広,メディア統括,制作部,第三課,2024,202501,4Q,500001,広告主負担金,S004,見込,196383050,162463882
20231102,博報堂,営業統括,第一営業部,推進課,2023,202311,3Q,500002,媒体社リベート,S003,調整,263378527,334118745
20230605,博報堂,クリエイティブ統括,制作部,第一課,2023,202306,1Q,200003,減価償却費,S003,調整,528934104,389342866
20250217,博報堂,デジタル統括,第一営業部,開発課,2024,202502,4Q,200002,経費,S002,特別,203732189,206253259
20230501,博報堂,管理統括,第一営業部,第一課,2023,202305,1Q,300001,営業利益,S002,特別,27316036,21575194
20230807,大広,クリエイティブ統括,クリエイティブ部,運用課,2023,202308,2Q,300001,営業利益,S003,調整,211119982,259202272
20230517,読売広告社,メディア統括,メディアプランニング部,第一課,2023,202305,1Q,300002,経常利益,S003,調整,7248279,5975781
20240320,大広,デジタル統括,総務部,開発課,2023,202403,4Q,400003,コンサルティング収入,S001,通常,326475761,424257391
20231210,博報堂プロダクツ,営業統括,経営企画部,運用課,2023,202312,3Q,100002,売上原価,S001,通常,290253180,247425387
20241021,博報堂DYメディアパートナーズ,メディア統括,人事部,企画課,2024,202410,3Q,200003,減価償却費,S002,特別,367005334,357772754
20240225,読売広告社,デジタル統括,経営企画部,管理課,2023,202402,4Q,500001,広告主負担金,S003,調整,262019851,245317530
20240110,博報堂プロダクツ,メディア統括,総務部,推進課,2023,202401,4Q,500002,媒体社リベート,S004,見込,274968654,277963959
20230607,読売広告社,営業統括,経営企画部,開発課,2023,202306,1Q,400001,媒体手数料収入,S004,見込,460003120,353933528
20250309,博報堂プロダクツ,メディア統括,制作部,第二課,2024,202503,4Q,500002,媒体社リベート,S005,確定,400036749,344986243
20230406,博報堂,営業統括,制作部,企画課,2023,202304,1Q,300002,経常利益,S005,確定,196856368,218150127
20231209,博報堂DYメディアパートナーズ,管理統括,第二営業部,管理課,2023,202312,3Q,300002,経常利益,S001,通常,548112990,422801009
20230515,博報堂プロダクツ,デジタル統括,クリエイティブ部,推進課,2023,202305,1Q,300002,経常利益,S005,確定,191376248,166732469
20240703,博報堂DYメディアパートナーズ,デジタル統括,メディアプランニング部,第三課,2024,202407,2Q,400001,媒体手数料収入,S001,通常,442849268,458265771
20240719,博報堂DYメディアパートナーズ,管理統括,デジタルマーケティング部,企画課,2024,202407,2Q,300002,経常利益,S005,確定,117463674,147525470
20241019,博報堂DYメディアパートナーズ,営業統括,第一営業部,第一課,2024,202410,3Q,100002,売上原価,S005,確定,318429049,228111061
20241209,博報堂プロダクツ,メディア統括,第二営業部,管理課,2024,202412,3Q,100002,売上原価,S005,確定,556209845,459498472
20240414,読売広告社,デジタル統括,クリエイティブ部,第二課,2024,202404,1Q,200003,減価償却費,S001,通常,589745966,479943165
20240524,博報堂DYメディアパートナーズ,管理統括,デジタルマーケティング部,推進課,2024,202405,1Q,300001,営業利益,S001,通常,261914023,326916164
20231202,大広,デジタル統括,制作部,企画課,2023,202312,3Q,500002,媒体社リベート,S001,通常,199107830,148621995
20231122,博報堂,メディア統括,財務経理部,運用課,2023,202311,3Q,400001,媒体手数料収入,S001,通常,340759795,352977532
20230902,博報堂DYメディアパートナーズ,クリエイティブ統括,第二営業部,第一課,2023,202309,2Q,500002,媒体社リベート,S004,見込,209251829,333253285
20241218,読売広告社,営業統括,人事部,管理課,2024,202412,3Q,500002,媒体社リベート,S001,通常,51055190,65181131
20241026,博報堂DYメディアパートナーズ,管理統括,デジタルマーケティング部,推進課,2024,202410,3Q,200002,経費,S004,見込,223298138,258053994
20241004,博報堂DYメディアパートナーズ,クリエイティブ統括,メディアプランニング部,第一課,2024,202410,3Q,200003,減価償却費,S001,通常,171419465,222244153
20241205,博報堂DYメディアパートナーズ,メディア統括,制作部,第二課,2024,202412,3Q,200003,減価償却費,S001,通常,84023981,91003046
20240121,博報堂,営業統括,経営企画部,推進課,2023,202401,4Q,500002,媒体社リベート,S003,調整,14487602,13109837
20240723,博報堂プロダクツ,メディア統括,メディアプランニング部,第一課,2024,202407,2Q,400002,制作収入,S003,調整,136529875,121521362
20231009,大広,デジタル統括,財務経理部,運用課,2023,202310,3Q,100001,売上高,S001,通常,268153988,223304647
20240202,博報堂プロダクツ,クリエイティブ統括,第一営業部,管理課,2023,202402,4Q,500002,媒体社リベート,S004,見込,579873532,431565791
20241121,読売広告社,管理統括,制作部,第二課,2024,202411,3Q,100001,売上高,S001,通常,536892498,388039535
20230814,大広,管理統括,制作部,開発課,2023,202308,2Q,300002,経常利益,S001,通常,289105876,233791360
20230505,博報堂,メディア統括,経営企画部,第三課,2023,202305,1Q,400002,制作収入,S005,確定,169048166,159231512
20231002,博報堂,デジタル統括,第二営業部,第二課,2023,202310,3Q,200003,減価償却費,S002,特別,236919023,352923457
20231114,博報堂,管理統括,経営企画部,推進課,2023,202311,3Q,300001,営業利益,S001,通常,579266303,417535463
20241003,読売広告社,営業統括,総務部,第二課,2024,202410,3Q,200002,経費,S004,見込,138171445,109748159
20230814,博報堂DYメディアパートナーズ,デジタル統括,制作部,推進課,2023,202308,2Q,500001,広告主負担金,S005,確定,190490522,154206210
20230522,博報堂DYメディアパートナーズ,デジタル統括,制作部,推進課,2023,202305,1Q,100002,売上原価,S001,通常,79927782,73713488
20250125,博報堂,デジタル統括,メディアプランニング部,第三課,2024,202501,4Q,100002,売上原価,S003,調整,145381122,107527037
20240802,大広,デジタル統括,財務経理部,第一課,2024,202408,2Q,100002,売上原価,S001,通常,335657461,290207068
20230504,読売広告社,メディア統括,制作部,開発課,2023,202305,1Q,200003,減価償却費,S001,通常,251266495,201494024
20230906,読売広告社,営業統括,財務経理部,推進課,2023,202309,2Q,100002,売上原価,S001,通常,203250483,222432072
20240202,博報堂DYメディアパートナーズ,営業統括,クリエイティブ部,運用課,2023,202402,4Q,200002,経費,S002,特別,364611160,379516408
20241027,博報堂,クリエイティブ統括,人事部,第三課,2024,202410,3Q,100002,売上原価,S003,調整,579047670,434318826
20231007,博報堂プロダクツ,クリエイティブ統括,制作部,推進課,2023,202310,3Q,100002,売上原価,S001,通常,359037828,495694191
20230813,読売広告社,クリエイティブ統括,人事部,第一課,2023,202308,2Q,100002,売上原価,S002,特別,500365134,423526162
20240914,博報堂DYメディアパートナーズ,メディア統括,第一営業部,第一課,2024,202409,2Q,400003,コンサルティング収入,S005,確定,253518524,262395839
20241103,大広,クリエイティブ統括,メディアプランニング部,企画課,2024,202411,3Q,300001,営業利益,S001,通常,475993464,369875873
20230519,読売広告社,デジタル統括,制作部,企画課,2023,202305,1Q,100001,売上高,S003,調整,87438974,98351800
20231017,博報堂,メディア統括,財務経理部,企画課,2023,202310,3Q,200003,減価償却費,S003,調整,241999515,286141687
20240425,博報堂,営業統括,第一営業部,第三課,2024,202404,1Q,300002,経常利益,S004,見込,455386057,329700799
20230603,読売広告社,デジタル統括,クリエイティブ部,第一課,2023,202306,1Q,100003,売上総利益,S001,通常,99974754,165413756
20240319,博報堂,管理統括,制作部,第三課,2023,202403,4Q,200003,減価償却費,S001,通常,43903738,33210022
20231010,読売広告社,営業統括,制作部,推進課,2023,202310,3Q,100002,売上原価,S002,特別,70765336,64266583
20231212,大広,メディア統括,制作部,管理課,2023,202312,3Q,300002,経常利益,S004,見込,414820806,394445390
20240624,読売広告社,クリエイティブ統括,メディアプランニング部,推進課,2024,202406,1Q,100002,売上原価,S003,調整,343014663,493687175
20240117,大広,営業統括,第一営業部,管理課,2023,202401,4Q,200002,経費,S002,特別,35496697,37446057
20250321,大広,管理統括,クリエイティブ部,推進課,2024,202503,4Q,500002,媒体社リベート,S003,調整,173062636,264221731
20240319,博報堂プロダクツ,営業統括,経営企画部,開発課,2023,202403,4Q,200001,人件費,S002,特別,206814732,289630266
20241219,大広,管理統括,経営企画部,第三課,2024,202412,3Q,300002,経常利益,S003,調整,470326839,420321709
20230803,博報堂,クリエイティブ統括,デジタルマーケティング部,第一課,2023,202308,2Q,400003,コンサルティング収入,S005,確定,365845280,415846661
20231219,読売広告社,メディア統括,メディアプランニング部,管理課,2023,202312,3Q,400003,コンサルティング収入,S001,通常,284415740,347837789
20240523,読売広告社,営業統括,人事部,第三課,2024,202405,1Q,100001,売上高,S002,特別,304566911,328357338
20240316,読売広告社,営業統括,クリエイティブ部,管理課,2023,202403,4Q,300001,営業利益,S004,見込,579303669,465161016
20250201,読売広告社,メディア統括,第二営業部,第一課,2024,202502,4Q,500002,媒体社リベート,S004,見込,314857298,334963323
20250314,博報堂,管理統括,メディアプランニング部,第二課,2024,202503,4Q,500002,媒体社リベート,S005,確定,355277403,450744366
20230922,博報堂DYメディアパートナーズ,メディア統括,財務経理部,運用課,2023,202309,2Q,500002,媒体社リベート,S002,特別,205693180,251503491
20240203,読売広告社,クリエイティブ統括,経営企画部,第一課,2023,202402,4Q,200002,経費,S003,調整,238983416,358791576
20250305,博報堂DYメディアパートナーズ,メディア統括,クリエイティブ部,推進課,2024,202503,4Q,200002,経費,S002,特別,28032413,36680618
20230725,博報堂,管理統括,デジタルマーケティング部,運用課,2023,202307,2Q,300002,経常利益,S001,通常,125826614,132659473
20240413,博報堂,営業統括,人事部,開発課,2024,202404,1Q,100003,売上総利益,S001,通常,162044906,262695020
20240821,読売広告社,クリエイティブ統括,第二営業部,第二課,2024,202408,2Q,100003,売上総利益,S003,調整,265361810,267655754
20240512,博報堂DYメディアパートナーズ,営業統括,経営企画部,第一課,2024,202405,1Q,400001,媒体手数料収入,S003,調整,507564881,481107934
20230715,読売広告社,営業統括,クリエイティブ部,運用課,2023,202307,2Q,400003,コンサルティング収入,S001,通常,282854668,428217790
20230508,博報堂,営業統括,総務部,推進課,2023,202305,1Q,200002,経費,S003,調整,395457860,349281997
20250324,大広,メディア統括,財務経理部,推進課,2024,202503,4Q,300001,営業利益,S002,特別,466707261,451577603
20230708,大広,メディア統括,経営企画部,第三課,2023,202307,2Q,500001,広告主負担金,S001,通常,232285392,271638729
20250227,博報堂,デジタル統括,第一営業部,第二課,2024,202502,4Q,100003,売上総利益,S001,通常,180043936,179363577
20250113,博報堂プロダクツ,営業統括,人事部,第三課,2024,202501,4Q,100002,売上原価,S001,通常,654337646,486787255
20240914,博報堂DYメディアパートナーズ,クリエイティブ統括,経営企画部,運用課,2024,202409,2Q,400002,制作収入,S004,見込,468180712,482313860
20240825,博報堂,メディア統括,デジタルマーケティング部,管理課,2024,202408,2Q,400002,制作収入,S005,確定,137038102,190833345
20240626,博報堂プロダクツ,デジタル統括,財務経理部,推進課,2024,202406,1Q,200002,経費,S005,確定,341033978,374355199
20240905,博報堂プロダクツ,クリエイティブ統括,人事部,第三課,2024,202409,2Q,100001,売上高,S004,見込,340323576,252822002
20240119,博報堂,営業統括,総務部,開発課,2023,202401,4Q,200002,経費,S001,通常,165908369,216330528
20240510,博報堂プロダクツ,管理統括,第一営業部,第一課,2024,202405,1Q,200002,経費,S004,見込,437782988,389038895
20241118,読売広告社,デジタル統括,第一営業部,第三課,2024,202411,3Q,400003,コンサルティング収入,S002,特別,16593388,23101684
20230709,読売広告社,管理統括,第二営業部,第一課,2023,202307,2Q,100002,売上原価,S004,見込,86408321,76405629
20240816,読売広告社,クリエイティブ統括,財務経理部,管理課,2024,202408,2Q,400001,媒体手数料収入,S004,見込,98234662,84720080
20250128,博報堂プロダクツ,クリエイティブ統括,メディアプランニング部,開発課,2024,202501,4Q,300001,営業利益,S004,見込,596585940,489637212
20240211,博報堂DYメディアパートナーズ,営業統括,経営企画部,第一課,2023,202402,4Q,500002,媒体社リベート,S004,見込,363998928,268482698
20240921,大広,管理統括,総務部,第一課,2024,202409,2Q,500001,広告主負担金,S005,確定,235545424,384753414
20230521,大広,クリエイティブ統括,第一営業部,第三課,2023,202305,1Q,200002,経費,S001,通常,247938268,227936785
20240910,大広,メディア統括,制作部,企画課,2024,202409,2Q,100002,売上原価,S005,確定,163945176,208917677
20240918,博報堂DYメディアパートナーズ,メディア統括,経営企画部,運用課,2024,202409,2Q,100002,売上原価,S002,特別,554584019,398366912
20250313,博報堂プロダクツ,デジタル統括,クリエイティブ部,企画課,2024,202503,4Q,400002,制作収入,S001,通常,239431999,284558962
20230803,博報堂,管理統括,第二営業部,第二課,2023,202308,2Q,300002,経常利益,S002,特別,268582674,395696485
20240702,博報堂,メディア統括,人事部,管理課,2024,202407,2Q,200001,人件費,S005,確定,128338753,165240809
20241117,博報堂DYメディアパートナーズ,クリエイティブ統括,総務部,第三課,2024,202411,3Q,400003,コンサルティング収入,S003,調整,191618878,154118677
20241017,大広,メディア統括,総務部,開発課,2024,202410,3Q,200002,経費,S001,通常,234585302,202106267
20241208,大広,クリエイティブ統括,クリエイティブ部,開発課,2024,202412,3Q,500002,媒体社リベート,S001,通常,268682174,240926167
20231021,博報堂,クリエイティブ統括,制作部,運用課,2023,202310,3Q,100002,売上原価,S005,確定,13375887,12462571
20230416,読売広告社,管理統括,メディアプランニング部,第一課,2023,202304,1Q,400001,媒体手数料収入,S001,通常,72660280,70843876
20240902,博報堂,管理統括,デジタルマーケティング部,管理課,2024,202409,2Q,300002,経常利益,S005,確定,47904739,42737328
20240619,博報堂プロダクツ,デジタル統括,クリエイティブ部,管理課,2024,202406,1Q,100002,売上原価,S005,確定,278673399,339693055
20241118,博報堂プロダクツ,メディア統括,第二営業部,開発課,2024,202411,3Q,100003,売上総利益,S005,確定,240078208,385974981
20230623,読売広告社,営業統括,経営企画部,開発課,2023,202306,1Q,400003,コンサルティング収入,S005,確定,166751424,208360380
20240910,博報堂DYメディアパートナーズ,メディア統括,財務経理部,運用課,2024,202409,2Q,400003,コンサルティング収入,S005,確定,433104975,326774717
20250104,博報堂DYメディアパートナーズ,メディア統括,第一営業部,第二課,2024,202501,4Q,400001,媒体手数料収入,S003,調整,425410760,417240567
20240628,大広,メディア統括,第二営業部,開発課,2024,202406,1Q,300002,経常利益,S001,通常,156540619,156347923
20250301,博報堂DYメディアパートナーズ,営業統括,メディアプランニング部,運用課,2024,202503,4Q,100001,売上高,S001,通常,245467158,297063768
20250225,読売広告社,クリエイティブ統括,人事部,管理課,2024,202502,4Q,400003,コンサルティング収入,S003,調整,99888705,119478224
20240920,博報堂プロダクツ,クリエイティブ統括,メディアプランニング部,第二課,2024,202409,2Q,500002,媒体社リベート,S001,通常,76263695,89715711
20240417,博報堂,クリエイティブ統括,人事部,企画課,2024,202404,1Q,400003,コンサルティング収入,S003,調整,339868900,353373548
20250310,博報堂DYメディアパートナーズ,メディア統括,総務部,運用課,2024,202503,4Q,100003,売上総利益,S002,特別,170751562,259126380
20230916,博報堂DYメディアパートナーズ,デジタル統括,第一営業部,推進課,2023,202309,2Q,300002,経常利益,S001,通常,215181523,171903098
20240718,読売広告社,デジタル統括,経営企画部,管理課,2024,202407,2Q,300002,経常利益,S003,調整,371710453,316563988
20231009,博報堂,営業統括,デジタルマーケティング部,管理課,2023,202310,3Q,400001,媒体手数料収入,S005,確定,200937358,146221104
20240122,博報堂DYメディアパートナーズ,営業統括,総務部,第三課,2023,202401,4Q,300001,営業利益,S004,見込,218026820,173678783
20250228,博報堂プロダクツ,メディア統括,財務経理部,第三課,2024,202502,4Q,300001,営業利益,S004,見込,498986875,456959652
20240919,博報堂,クリエイティブ統括,第一営業部,第二課,2024,202409,2Q,400002,制作収入,S003,調整,408987329,402058244
20230407,大広,クリエイティブ統括,デジタルマーケティング部,開発課,2023,202304,1Q,200003,減価償却費,S004,見込,390406484,286190338
20230617,博報堂プロダクツ,営業統括,財務経理部,第三課,2023,202306,1Q,100002,売上原価,S001,通常,267981691,261307937
20250302,博報堂DYメディアパートナーズ,営業統括,総務部,推進課,2024,202503,4Q,100003,売上総利益,S001,通常,219416042,295236919
20240603,大広,営業統括,デジタルマーケティング部,第一課,2024,202406,1Q,200002,経費,S001,通常,68766348,88876480
20231105,博報堂DYメディアパートナーズ,管理統括,デジタルマーケティング部,運用課,2023,202311,3Q,400003,コンサルティング収入,S001,通常,117331260,123276216
20231001,博報堂,管理統括,デジタルマーケティング部,運用課,2023,202310,3Q,400001,媒体手数料収入,S002,特別,200001986,161969187
20250120,大広,クリエイティブ統括,総務部,管理課,2024,202501,4Q,400002,制作収入,S001,通常,65097269,103743429
20240203,博報堂DYメディアパートナーズ,営業統括,財務経理部,企画課,2023,202402,4Q,400002,制作収入,S001,通常,80392312,66729623
20241121,博報堂DYメディアパートナーズ,クリエイティブ統括,クリエイティブ部,第三課,2024,202411,3Q,300001,営業利益,S002,特別,143992068,168152292
20250111,博報堂DYメディアパートナーズ,メディア統括,デジタルマーケティング部,運用課,2024,202501,4Q,200003,減価償却費,S004,見込,465847081,374112288
20230610,博報堂DYメディアパートナーズ,管理統括,経営企画部,開発課,2023,202306,1Q,200002,経費,S002,特別,108426049,101985060
20231110,博報堂,メディア統括,メディアプランニング部,開発課,2023,202311,3Q,100002,売上原価,S004,見込,308863776,245751258
20240128,大広,デジタル統括,経営企画部,運用課,2023,202401,4Q,100001,売上高,S004,見込,254152661,331308588
20230628,博報堂DYメディアパートナーズ,管理統括,第一営業部,推進課,2023,202306,1Q,400002,制作収入,S002,特別,486729171,483879360
20240504,読売広告社,デジタル統括,メディアプランニング部,管理課,2024,202405,1Q,100001,売上高,S001,通常,466511964,437786380
20231105,博報堂,クリエイティブ統括,制作部,第二課,2023,202311,3Q,200002,経費,S003,調整,129033236,109613776
20230513,博報堂プロダクツ,メディア統括,財務経理部,開発課,2023,202305,1Q,100002,売上原価,S005,確定,519071697,416312342
20241111,博報堂DYメディアパートナーズ,営業統括,第二営業部,推進課,2024,202411,3Q,300001,営業利益,S001,通常,371965686,434916871
20231202,博報堂,管理統括,制作部,開発課,2023,202312,3Q,100003,売上総利益,S005,確定,82391994,112870191
20240618,博報堂プロダクツ,営業統括,メディアプランニング部,開発課,2024,202406,1Q,200002,経費,S004,見込,200385689,153232678
20231102,読売広告社,メディア統括,第一営業部,開発課,2023,202311,3Q,400002,制作収入,S003,調整,98284250,83351791
20230724,博報堂DYメディアパートナーズ,クリエイティブ統括,経営企画部,第一課,2023,202307,2Q,300001,営業利益,S002,特別,52013261,41170265
20240203,博報堂プロダクツ,管理統括,デジタルマーケティング部,第一課,2023,202402,4Q,500001,広告主負担金,S003,調整,389642295,357441071
20231123,大広,デジタル統括,第二営業部,第二課,2023,202311,3Q,100002,売上原価,S003,調整,448486640,341542195
20250123,博報堂,管理統括,総務部,第二課,2024,202501,4Q,200001,人件費,S001,通常,259156298,248465297
20230404,博報堂,デジタル統括,財務経理部,第二課,2023,202304,1Q,200002,経費,S005,確定,363268966,333490158
20240907,大広,クリエイティブ統括,総務部,管理課,2024,202409,2Q,100002,売上原価,S004,見込,198407020,155064279
20230912,大広,デジタル統括,クリエイティブ部,第三課,2023,202309,2Q,200003,減価償却費,S001,通常,353411547,357469765
20231206,読売広告社,管理統括,デジタルマーケティング部,運用課,2023,202312,3Q,400001,媒体手数料収入,S002,特別,283210151,208608771
20241019,大広,クリエイティブ統括,デジタルマーケティング部,管理課,2024,202410,3Q,100002,売上原価,S004,見込,128178741,163325429
20241009,博報堂DYメディアパートナーズ,管理統括,第二営業部,企画課,2024,202410,3Q,400001,媒体手数料収入,S003,調整,293473917,300006332
20250216,博報堂,メディア統括,クリエイティブ部,推進課,2024,202502,4Q,400003,コンサルティング収入,S001,通常,189752746,151231518
20230705,博報堂プロダクツ,メディア統括,総務部,推進課,2023,202307,2Q,300002,経常利益,S003,調整,111355028,150874042
20240421,大広,デジタル統括,総務部,第三課,2024,202404,1Q,200003,減価償却費,S005,確定,623244051,462815071
20231003,博報堂DYメディアパートナーズ,管理統括,第二営業部,開発課,2023,202310,3Q,500002,媒体社リベート,S002,特別,299535156,352981556
20250120,博報堂,デジタル統括,経営企画部,企画課,2024,202501,4Q,200001,人件費,S004,見込,184746529,162417689
20240214,博報堂プロダクツ,営業統括,メディアプランニング部,開発課,2023,202402,4Q,300002,経常利益,S003,調整,3566214,3334654
20231111,博報堂,管理統括,第一営業部,管理課,2023,202311,3Q,300001,営業利益,S005,確定,189930752,274415496
20240415,博報堂DYメディアパートナーズ,デジタル統括,制作部,第三課,2024,202404,1Q,500001,広告主負担金,S002,特別,94561307,75900782
20240310,博報堂プロダクツ,管理統括,総務部,第二課,2023,202403,4Q,200001,人件費,S005,確定,654392994,480174892
20230502,博報堂プロダクツ,クリエイティブ統括,デジタルマーケティング部,管理課,2023,202305,1Q,500002,媒体社リベート,S002,特別,487972266,381180768
20240921,博報堂DYメディアパートナーズ,メディア統括,クリエイティブ部,開発課,2024,202409,2Q,500001,広告主負担金,S001,通常,219282247,182859020
20240218,大広,管理統括,経営企画部,第二課,2023,202402,4Q,300002,経常利益,S003,調整,457354398,381214023
20240710,博報堂DYメディアパートナーズ,デジタル統括,経営企画部,企画課,2024,202407,2Q,400002,制作収入,S005,確定,269552395,237687541
20230416,読売広告社,営業統括,人事部,第二課,2023,202304,1Q,300001,営業利益,S003,調整,479900844,357557436
20250215,大広,管理統括,第一営業部,企画課,2024,202502,4Q,400003,コンサルティング収入,S002,特別,182161138,195804722
20241010,博報堂プロダクツ,デジタル統括,第一営業部,開発課,2024,202410,3Q,200001,人件費,S003,調整,239980215,327549013
20231111,博報堂プロダクツ,管理統括,メディアプランニング部,開発課,2023,202311,3Q,100002,売上原価,S003,調整,430699723,321831167
20240501,博報堂プロダクツ,クリエイティブ統括,経営企画部,推進課,2024,202405,1Q,200002,経費,S004,見込,117606305,106219839
20240101,博報堂,デジタル統括,人事部,第一課,2023,202401,4Q,400003,コンサルティング収入,S003,調整,653330373,476690645
20231116,博報堂DYメディアパートナーズ,管理統括,経営企画部,第一課,2023,202311,3Q,400002,制作収入,S002,特別,672222437,487907196
20230702,読売広告社,管理統括,デジタルマーケティング部,第二課,2023,202307,2Q,400001,媒体手数料収入,S001,通常,92916473,100390249
20250203,博報堂,メディア統括,総務部,開発課,2024,202502,4Q,100002,売上原価,S004,見込,280539611,274440834
20240607,大広,メディア統括,総務部,開発課,2024,202406,1Q,100003,売上総利益,S002,特別,296305353,462598628
20250317,博報堂プロダクツ,クリエイティブ統括,経営企画部,企画課,2024,202503,4Q,200003,減価償却費,S003,調整,313230118,369166284
20250302,博報堂DYメディアパートナーズ,メディア統括,第一営業部,第三課,2024,202503,4Q,400002,制作収入,S005,確定,21397238,24159634
20241211,博報堂プロダクツ,営業統括,第一営業部,第一課,2024,202412,3Q,200002,経費,S003,調整,241562337,217503023
20230701,博報堂プロダクツ,クリエイティブ統括,第二営業部,第三課,2023,202307,2Q,500001,広告主負担金,S004,見込,278302354,423081662
20230913,読売広告社,営業統括,総務部,第一課,2023,202309,2Q,400003,コンサルティング収入,S005,確定,220895380,161083110
20240115,大広,管理統括,クリエイティブ部,企画課,2023,202401,4Q,100001,売上高,S001,通常,506396298,400330233
20240910,博報堂DYメディアパートナーズ,メディア統括,財務経理部,第一課,2024,202409,2Q,500001,広告主負担金,S003,調整,552537961,404624943
20231023,大広,管理統括,人事部,推進課,2023,202310,3Q,300002,経常利益,S002,特別,398925087,462819059
20240823,読売広告社,クリエイティブ統括,メディアプランニング部,企画課,2024,202408,2Q,200001,人件費,S005,確定,239618575,348145022
20240407,大広,メディア統括,メディアプランニング部,開発課,2024,202404,1Q,400002,制作収入,S004,見込,356687157,273320620
20231022,大広,メディア統括,デジタルマーケティング部,第二課,2023,202310,3Q,300002,経常利益,S003,調整,112154605,140000675
20240321,博報堂DYメディアパートナーズ,クリエイティブ統括,財務経理部,第一課,2023,202403,4Q,400003,コンサルティング収入,S005,確定,1446307,1211205
20231126,博報堂DYメディアパートナーズ,メディア統括,デジタルマーケティング部,推進課,2023,202311,3Q,100002,売上原価,S002,特別,327488267,255729556
20240519,博報堂プロダクツ,営業統括,総務部,推進課,2024,202405,1Q,300001,営業利益,S005,確定,127334005,194020735
20240510,博報堂DYメディアパートナーズ,管理統括,財務経理部,開発課,2024,202405,1Q,400003,コンサルティング収入,S001,通常,375491212,287530747
20230417,大広,管理統括,メディアプランニング部,第二課,2023,202304,1Q,500001,広告主負担金,S002,特別,328855892,262919544
20231117,読売広告社,メディア統括,メディアプランニング部,企画課,2023,202311,3Q,300001,営業利益,S005,確定,444140431,467947512
20240112,博報堂プロダクツ,管理統括,メディアプランニング部,推進課,2023,202401,4Q,400002,制作収入,S001,通常,357303664,374121139
20231017,大広,営業統括,総務部,企画課,2023,202310,3Q,500001,広告主負担金,S005,確定,53027595,66988320
20230824,読売広告社,クリエイティブ統括,人事部,第三課,2023,202308,2Q,100003,売上総利益,S004,見込,378412087,360301806
20240210,博報堂プロダクツ,管理統括,制作部,第三課,2023,202402,4Q,300002,経常利益,S004,見込,480159757,405051226
20230806,大広,クリエイティブ統括,経営企画部,企画課,2023,202308,2Q,300001,営業利益,S002,特別,263804827,434318342
20230518,博報堂プロダクツ,デジタル統括,第一営業部,運用課,2023,202305,1Q,100002,売上原価,S002,特別,267509265,233850810
20240311,博報堂DYメディアパートナーズ,デジタル統括,クリエイティブ部,第三課,2023,202403,4Q,400002,制作収入,S002,特別,216584288,308156890
20240706,大広,メディア統括,デジタルマーケティング部,企画課,2024,202407,2Q,200002,経費,S001,通常,222389135,270685770
20230828,大広,クリエイティブ統括,メディアプランニング部,第二課,2023,202308,2Q,400002,制作収入,S004,見込,77121581,57610074
20240505,博報堂DYメディアパートナーズ,クリエイティブ統括,経営企画部,企画課,2024,202405,1Q,300002,経常利益,S005,確定,27218029,21926716
20230527,博報堂,メディア統括,人事部,第一課,2023,202305,1Q,400001,媒体手数料収入,S005,確定,290806890,454154797
20231207,博報堂プロダクツ,管理統括,人事部,第三課,2023,202312,3Q,400001,媒体手数料収入,S004,見込,304277576,381588910
20250321,博報堂,管理統括,財務経理部,開発課,2024,202503,4Q,400002,制作収入,S004,見込,128266925,122562450
20240902,博報堂,管理統括,財務経理部,第三課,2024,202409,2Q,500001,広告主負担金,S002,特別,22467395,22978156
20230921,博報堂,デジタル統括,クリエイティブ部,第二課,2023,202309,2Q,100002,売上原価,S002,特別,122551933,129288320
20241102,博報堂プロダクツ,営業統括,総務部,企画課,2024,202411,3Q,100002,売上原価,S004,見込,52976142,57993761
20241203,博報堂プロダクツ,デジタル統括,制作部,企画課,2024,202412,3Q,400001,媒体手数料収入,S002,特別,41492079,49883314
20240227,大広,デジタル統括,第二営業部,開発課,2023,202402,4Q,100002,売上原価,S003,調整,269958473,358028384
20250315,博報堂プロダクツ,管理統括,メディアプランニング部,運用課,2024,202503,4Q,400001,媒体手数料収入,S002,特別,327403833,337305246
20241224,読売広告社,管理統括,クリエイティブ部,第三課,2024,202412,3Q,400002,制作収入,S005,確定,429815617,452366151
20250110,博報堂DYメディアパートナーズ,管理統括,人事部,推進課,2024,202501,4Q,400001,媒体手数料収入,S002,特別,225286990,333767823
20231215,大広,デジタル統括,財務経理部,管理課,2023,202312,3Q,300002,経常利益,S002,特別,99276763,130914200
20240124,博報堂,管理統括,メディアプランニング部,企画課,2023,202401,4Q,100001,売上高,S001,通常,238492440,176302418
20240307,読売広告社,営業統括,デジタルマーケティング部,第一課,2023,202403,4Q,500001,広告主負担金,S005,確定,427202716,475500050
20241206,博報堂,デジタル統括,クリエイティブ部,推進課,2024,202412,3Q,400003,コンサルティング収入,S005,確定,420541155,383280009
20230417,大広,デジタル統括,制作部,第二課,2023,202304,1Q,400003,コンサルティング収入,S004,見込,190825359,308767479
20230825,読売広告社,クリエイティブ統括,第二営業部,第三課,2023,202308,2Q,300002,経常利益,S003,調整,400050208,300143757
20240614,博報堂プロダクツ,デジタル統括,第二営業部,企画課,2024,202406,1Q,200002,経費,S002,特別,15982520,24370485
20240219,読売広告社,デジタル統括,メディアプランニング部,第三課,2023,202402,4Q,400002,制作収入,S004,見込,188669514,146089168
20231102,博報堂プロダクツ,メディア統括,第一営業部,第二課,2023,202311,3Q,500002,媒体社リベート,S005,確定,203465977,147781101
20250108,博報堂プロダクツ,管理統括,経営企画部,企画課,2024,202501,4Q,500001,広告主負担金,S004,見込,68822291,71354448
20240801,博報堂,デジタル統括,総務部,第一課,2024,202408,2Q,100001,売上高,S003,調整,5497630,4417514
20231126,博報堂プロダクツ,営業統括,総務部,管理課,2023,202311,3Q,100003,売上総利益,S005,確定,394036073,341211583
20240628,博報堂プロダクツ,管理統括,人事部,第二課,2024,202406,1Q,100002,売上原価,S005,確定,151431209,144881076
20231226,読売広告社,管理統括,メディアプランニング部,第一課,2023,202312,3Q,200003,減価償却費,S005,確定,99649968,123594806
20230919,博報堂DYメディアパートナーズ,メディア統括,人事部,第二課,2023,202309,2Q,100002,売上原価,S005,確定,426790027,445195477
20230617,大広,デジタル統括,制作部,第一課,2023,202306,1Q,400001,媒体手数料収入,S001,通常,70301502,61763769
20240516,博報堂プロダクツ,管理統括,メディアプランニング部,第三課,2024,202405,1Q,300001,営業利益,S001,通常,418640581,316099036
20240926,博報堂プロダクツ,デジタル統括,デジタルマーケティング部,開発課,2024,202409,2Q,200003,減価償却費,S002,特別,3248689,2516958
20240820,博報堂プロダクツ,デジタル統括,メディアプランニング部,第三課,2024,202408,2Q,400003,コンサルティング収入,S004,見込,115576102,90495372
20241028,博報堂,メディア統括,総務部,第一課,2024,202410,3Q,400002,制作収入,S004,見込,394722095,354044229
20240312,博報堂DYメディアパートナーズ,営業統括,第二営業部,第一課,2023,202403,4Q,300002,経常利益,S005,確定,499136594,488152738
20241213,読売広告社,営業統括,クリエイティブ部,第二課,2024,202412,3Q,100003,売上総利益,S004,見込,251323517,189100044
20250101,読売広告社,管理統括,人事部,第三課,2024,202501,4Q,500001,広告主負担金,S003,調整,69014791,87970652
20230411,博報堂DYメディアパートナーズ,管理統括,クリエイティブ部,開発課,2023,202304,1Q,300001,営業利益,S005,確定,258758074,214820620
20230410,博報堂DYメディアパートナーズ,管理統括,経営企画部,第三課,2023,202304,1Q,400002,制作収入,S005,確定,76559185,58168411
20231018,大広,クリエイティブ統括,総務部,第二課,2023,202310,3Q,300001,営業利益,S005,確定,460871859,398423822
20240826,博報堂,クリエイティブ統括,第一営業部,運用課,2024,202408,2Q,200003,減価償却費,S002,特別,75535656,119199201
20250108,博報堂DYメディアパートナーズ,デジタル統括,経営企画部,第二課,2024,202501,4Q,500001,広告主負担金,S001,通常,531455939,453335432
20230913,読売広告社,営業統括,メディアプランニング部,運用課,2023,202309,2Q,500002,媒体社リベート,S001,通常,302148122,280604601
20240914,大広,メディア統括,総務部,推進課,2024,202409,2Q,500002,媒体社リベート,S005,確定,271072636,449886311
20230701,読売広告社,営業統括,第一営業部,企画課,2023,202307,2Q,400001,媒体手数料収入,S004,見込,146075726,105507153
20240509,読売広告社,メディア統括,メディアプランニング部,管理課,2024,202405,1Q,100003,売上総利益,S001,通常,545725085,401521062
20250212,大広,クリエイティブ統括,デジタルマーケティング部,推進課,2024,202502,4Q,200003,減価償却費,S005,確定,99742449,71952274
20240509,大広,デジタル統括,財務経理部,運用課,2024,202405,1Q,200002,経費,S002,特別,384645618,279302352
20250324,読売広告社,営業統括,総務部,第二課,2024,202503,4Q,300002,経常利益,S002,特別,385163848,324366105
20231003,博報堂プロダクツ,管理統括,デジタルマーケティング部,開発課,2023,202310,3Q,500001,広告主負担金,S005,確定,412579360,470646129
20230721,博報堂,営業統括,第一営業部,運用課,2023,202307,2Q,500001,広告主負担金,S004,見込,467195139,458543026
20230508,大広,デジタル統括,第二営業部,管理課,2023,202305,1Q,400003,コンサルティング収入,S004,見込,147888649,146442081
20240215,博報堂DYメディアパートナーズ,管理統括,クリエイティブ部,第三課,2023,202402,4Q,200001,人件費,S001,通常,266058987,310282204
20240704,博報堂,営業統括,経営企画部,第一課,2024,202407,2Q,200003,減価償却費,S003,調整,146634739,218621938
20231222,読売広告社,管理統括,制作部,管理課,2023,202312,3Q,100003,売上総利益,S003,調整,227993815,260324081
20230808,博報堂DYメディアパートナーズ,デジタル統括,第二営業部,開発課,2023,202308,2Q,100002,売上原価,S004,見込,56540012,66724152
20240227,博報堂DYメディアパートナーズ,デジタル統括,人事部,第三課,2023,202402,4Q,100001,売上高,S001,通常,152039992,232132705
20240305,大広,クリエイティブ統括,経営企画部,推進課,2023,202403,4Q,500002,媒体社リベート,S001,通常,266064006,435976412
20250205,博報堂プロダクツ,デジタル統括,デジタルマーケティング部,推進課,2024,202502,4Q,300001,営業利益,S005,確定,450538605,369960120
20230719,博報堂,クリエイティブ統括,第二営業部,第二課,2023,202307,2Q,100001,売上高,S001,通常,292152883,434605397
20230706,読売広告社,デジタル統括,財務経理部,第二課,2023,202307,2Q,500001,広告主負担金,S002,特別,127832119,161954500
20250121,大広,メディア統括,制作部,開発課,2024,202501,4Q,200001,人件費,S003,調整,125924801,199029835
20230703,大広,メディア統括,クリエイティブ部,第二課,2023,202307,2Q,100003,売上総利益,S003,調整,97775803,153677119
20250324,博報堂DYメディアパートナーズ,管理統括,デジタルマーケティング部,第三課,2024,202503,4Q,400001,媒体手数料収入,S002,特別,74647275,89504346
20250221,大広,クリエイティブ統括,第二営業部,第二課,2024,202502,4Q,500002,媒体社リベート,S002,特別,466767541,442270703
20240907,大広,管理統括,クリエイティブ部,第三課,2024,202409,2Q,400003,コンサルティング収入,S005,確定,168504630,172098325
20250312,博報堂,管理統括,第一営業部,管理課,2024,202503,4Q,200003,減価償却費,S002,特別,136521069,138874691
20250227,読売広告社,メディア統括,デジタルマーケティング部,企画課,2024,202502,4Q,200001,人件費,S003,調整,63352039,89755980
20231117,大広,クリエイティブ統括,経営企画部,第二課,2023,202311,3Q,100001,売上高,S001,通常,81137205,79352864
20241203,博報堂DYメディアパートナーズ,メディア統括,メディアプランニング部,第二課,2024,202412,3Q,100002,売上原価,S003,調整,559819541,414341372
20231218,博報堂プロダクツ,クリエイティブ統括,メディアプランニング部,管理課,2023,202312,3Q,100001,売上高,S001,通常,542010808,465306183
20250227,博報堂プロダクツ,管理統括,財務経理部,管理課,2024,202502,4Q,500001,広告主負担金,S003,調整,233635812,234259065
20230902,博報堂プロダクツ,営業統括,第一営業部,運用課,2023,202309,2Q,400002,制作収入,S001,通常,269480179,236589415
20241125,読売広告社,管理統括,制作部,推進課,2024,202411,3Q,500002,媒体社リベート,S005,確定,132588283,96089332
20241211,読売広告社,デジタル統括,メディアプランニング部,管理課,2024,202412,3Q,100001,売上高,S004,見込,398453924,336913857
20241027,読売広告社,クリエイティブ統括,デジタルマーケティング部,第一課,2024,202410,3Q,500001,広告主負担金,S001,通常,80343277,61145002
20240515,読売広告社,管理統括,デジタルマーケティング部,第三課,2024,202405,1Q,100003,売上総利益,S005,確定,185393086,203540679
20230520,博報堂プロダクツ,メディア統括,クリエイティブ部,企画課,2023,202305,1Q,400003,コンサルティング収入,S005,確定,268910969,252205614
20240914,読売広告社,営業統括,財務経理部,開発課,2024,202409,2Q,200003,減価償却費,S004,見込,477671018,368322973
20241214,大広,営業統括,メディアプランニング部,企画課,2024,202412,3Q,100001,売上高,S005,確定,56055429,45258877
20230807,博報堂DYメディアパートナーズ,クリエイティブ統括,制作部,推進課,2023,202308,2Q,200002,経費,S001,通常,151118092,132577612
20240419,博報堂,メディア統括,第一営業部,運用課,2024,202404,1Q,400001,媒体手数料収入,S004,見込,283676372,255830921
20231113,読売広告社,営業統括,クリエイティブ部,第二課,2023,202311,3Q,400003,コンサルティング収入,S001,通常,452965867,434448710
20241225,大広,営業統括,メディアプランニング部,企画課,2024,202412,3Q,500002,媒体社リベート,S003,調整,158687923,262715540
20240715,読売広告社,管理統括,デジタルマーケティング部,推進課,2024,202407,2Q,300001,営業利益,S002,特別,219623969,204932150
20240428,大広,営業統括,第二営業部,管理課,2024,202404,1Q,200003,減価償却費,S003,調整,217729013,159435482
20231216,博報堂プロダクツ,営業統括,人事部,開発課,2023,202312,3Q,300001,営業利益,S004,見込,162956488,173488256
20240723,博報堂DYメディアパートナーズ,管理統括,第一営業部,運用課,2024,202407,2Q,500001,広告主負担金,S005,確定,213587238,196652544
20230611,博報堂DYメディアパートナーズ,管理統括,財務経理部,企画課,2023,202306,1Q,100001,売上高,S005,確定,28486887,35286053
20241107,博報堂,デジタル統括,第二営業部,第一課,2024,202411,3Q,300002,経常利益,S005,確定,367917202,495466350
20240909,博報堂DYメディアパートナーズ,クリエイティブ統括,財務経理部,推進課,2024,202409,2Q,100003,売上総利益,S004,見込,91190564,80298961
20240503,大広,メディア統括,メディアプランニング部,第一課,2024,202405,1Q,500001,広告主負担金,S001,通常,392193692,298644020
20240618,博報堂プロダクツ,デジタル統括,デジタルマーケティング部,第三課,2024,202406,1Q,400001,媒体手数料収入,S002,特別,232067746,210715998
20240713,博報堂DYメディアパートナーズ,デジタル統括,クリエイティブ部,管理課,2024,202407,2Q,500001,広告主負担金,S005,確定,47098595,45959971
20230921,大広,デジタル統括,第二営業部,推進課,2023,202309,2Q,500001,広告主負担金,S004,見込,174962662,223552780
20241004,博報堂DYメディアパートナーズ,メディア統括,デジタルマーケティング部,管理課,2024,202410,3Q,100003,売上総利益,S005,確定,83109671,74224480
20241120,読売広告社,メディア統括,第二営業部,第二課,2024,202411,3Q,100002,売上原価,S005,確定,603060436,438600204
20240221,博報堂,デジタル統括,人事部,第三課,2023,202402,4Q,400002,制作収入,S004,見込,159158234,137133661
20230517,読売広告社,管理統括,第二営業部,管理課,2023,202305,1Q,400001,媒体手数料収入,S002,特別,507308776,404137754
20230525,大広,クリエイティブ統括,経営企画部,第二課,2023,202305,1Q,500001,広告主負担金,S001,通常,444266822,338285113
20230408,大広,管理統括,デジタルマーケティング部,企画課,2023,202304,1Q,200001,人件費,S004,見込,230373238,346802872
20230821,博報堂DYメディアパートナーズ,メディア統括,人事部,管理課,2023,202308,2Q,400002,制作収入,S005,確定,292304127,231805439
20240711,読売広告社,管理統括,デジタルマーケティング部,企画課,2024,202407,2Q,500001,広告主負担金,S002,特別,272340692,312301209
20240819,博報堂DYメディアパートナーズ,クリエイティブ統括,第一営業部,第一課,2024,202408,2Q,300002,経常利益,S005,確定,207382042,157125117
20231115,大広,クリエイティブ統括,デジタルマーケティング部,推進課,2023,202311,3Q,200002,経費,S001,通常,356590552,260305349
20231116,博報堂,クリエイティブ統括,制作部,推進課,2023,202311,3Q,100003,売上総利益,S005,確定,236002970,294304006
20250202,博報堂,管理統括,第二営業部,管理課,2024,202502,4Q,400002,制作収入,S005,確定,536726677,420629046
20240105,博報堂DYメディアパートナーズ,クリエイティブ統括,人事部,第一課,2023,202401,4Q,200002,経費,S005,確定,250732735,199773442
20231101,大広,営業統括,財務経理部,第二課,2023,202311,3Q,100001,売上高,S005,確定,356284100,382786226
20241108,読売広告社,メディア統括,財務経理部,管理課,2024,202411,3Q,500001,広告主負担金,S005,確定,321892907,308730964
20250226,博報堂DYメディアパートナーズ,デジタル統括,第一営業部,開発課,2024,202502,4Q,200003,減価償却費,S001,通常,424915747,335255281
20230914,読売広告社,営業統括,人事部,管理課,2023,202309,2Q,100002,売上原価,S003,調整,105627252,115062178
20240215,博報堂DYメディアパートナーズ,デジタル統括,人事部,運用課,2023,202402,4Q,100003,売上総利益,S005,確定,282914149,243305767
20250220,読売広告社,クリエイティブ統括,総務部,開発課,2024,202502,4Q,200003,減価償却費,S001,通常,192425090,196559157
20230710,博報堂DYメディアパートナーズ,管理統括,経営企画部,運用課,2023,202307,2Q,100003,売上総利益,S004,見込,145574810,160928889
20250301,博報堂プロダクツ,クリエイティブ統括,デジタルマーケティング部,推進課,2024,202503,4Q,500001,広告主負担金,S005,確定,165122998,198943036
20240423,読売広告社,クリエイティブ統括,第二営業部,第一課,2024,202404,1Q,100001,売上高,S003,調整,444961169,498004393
20230724,大広,デジタル統括,制作部,第三課,2023,202307,2Q,100003,売上総利益,S005,確定,397099856,321046621
20230802,博報堂DYメディアパートナーズ,デジタル統括,メディアプランニング部,第三課,2023,202308,2Q,300001,営業利益,S005,確定,482416680,452122271
20230807,読売広告社,営業統括,デジタルマーケティング部,運用課,2023,202308,2Q,400002,制作収入,S003,調整,595928224,452697705
20230421,大広,管理統括,メディアプランニング部,管理課,2023,202304,1Q,400003,コンサルティング収入,S003,調整,612799606,475813398
20250128,博報堂,クリエイティブ統括,総務部,開発課,2024,202501,4Q,100001,売上高,S005,確定,437975259,314378722
20240222,博報堂DYメディアパートナーズ,管理統括,第二営業部,管理課,2023,202402,4Q,400002,制作収入,S001,通常,344169368,475687135
20230410,博報堂,クリエイティブ統括,クリエイティブ部,第三課,2023,202304,1Q,300002,経常利益,S005,確定,316116939,289112589
20231125,博報堂プロダクツ,営業統括,総務部,企画課,2023,202311,3Q,400001,媒体手数料収入,S004,見込,89760455,100105975
20230927,博報堂DYメディアパートナーズ,管理統括,制作部,企画課,2023,202309,2Q,500001,広告主負担金,S001,通常,436691870,340726123
20241124,博報堂DYメディアパートナーズ,管理統括,財務経理部,管理課,2024,202411,3Q,300002,経常利益,S004,見込,501320664,448804248
20240220,読売広告社,デジタル統括,制作部,企画課,2023,202402,4Q,300002,経常利益,S002,特別,255191355,276809911
20231103,博報堂プロダクツ,管理統括,デジタルマーケティング部,運用課,2023,202311,3Q,200002,経費,S003,調整,300105542,369605087
20241113,博報堂,メディア統括,財務経理部,管理課,2024,202411,3Q,400001,媒体手数料収入,S004,見込,95793248,76697880
20230507,読売広告社,管理統括,クリエイティブ部,運用課,2023,202305,1Q,500001,広告主負担金,S002,特別,608182317,435739778
20240818,博報堂プロダクツ,管理統括,経営企画部,運用課,2024,202408,2Q,500001,広告主負担金,S002,特別,371203729,342009604
20231226,博報堂プロダクツ,クリエイティブ統括,第一営業部,運用課,2023,202312,3Q,100001,売上高,S001,通常,508929182,489988985
20240208,大広,クリエイティブ統括,第一営業部,開発課,2023,202402,4Q,300002,経常利益,S004,見込,44486158,41983994
20230814,博報堂,デジタル統括,クリエイティブ部,運用課,2023,202308,2Q,200001,人件費,S005,確定,358361408,345356550
20231211,読売広告社,デジタル統括,デジタルマーケティング部,開発課,2023,202312,3Q,100002,売上原価,S003,調整,10634682,16470255
20230703,読売広告社,管理統括,クリエイティブ部,第二課,2023,202307,2Q,300002,経常利益,S001,通常,200856469,145296765
20230928,博報堂DYメディアパートナーズ,デジタル統括,制作部,第一課,2023,202309,2Q,200003,減価償却費,S002,特別,228261065,179717165
20240118,読売広告社,メディア統括,メディアプランニング部,企画課,2023,202401,4Q,200002,経費,S001,通常,117047311,148205753
